method,fold,size,query_source,gallery_source,protocol,scope,width,height,query_transform_seconds,gallery_transform_seconds,query_source_bytes,gallery_source_bytes,feature_bytes_per_image,uint8_tensor_bytes_per_image,float32_tensor_bytes_per_image,metric,k,aggregation,value,query_count,class_count,passed
headline,1,240x320,all,all,primary,development,,,,,,,,,,beats_random,10,query_mean,0.42752202,,,True
headline,1,240x320,all,all,primary,development,,,,,,,,,,cross_source_mean,10,query_mean,0.46171089,,,
headline,1,240x320,all,all,primary,development,,,,,,,,,,cross_source_within_95_percent,10,query_mean,0.94250242,,,False
headline,1,240x320,all,all,primary,development,,,,,,,,,,same_source_mean,10,query_mean,0.48987767,,,
random-seed-2753,1,240x320,random,random,primary,development,,,,,,,,,,ndcg,5,article_type_macro,0.00514746,6552,104,
random-seed-2753,1,240x320,random,random,primary,development,,,,,,,,,,ndcg,5,query_mean,0.08222198,6552,104,
random-seed-2753,1,240x320,random,random,primary,development,,,,,,,,,,ndcg,10,article_type_macro,0.00540863,6552,104,
random-seed-2753,1,240x320,random,random,primary,development,,,,,,,,,,ndcg,10,query_mean,0.06235565,6552,104,
random-seed-2753,1,240x320,random,random,primary,development,,,,,,,,,,ndcg,20,article_type_macro,0.00579252,6552,104,
random-seed-2753,1,240x320,random,random,primary,development,,,,,,,,,,ndcg,20,query_mean,0.05108723,6552,104,
random-seed-2753,1,240x320,random,random,primary,development,,,,,,,,,,precision_any,5,article_type_macro,0.00961538,6552,104,
random-seed-2753,1,240x320,random,random,primary,development,,,,,,,,,,precision_any,5,query_mean,0.14542125,6552,104,
random-seed-2753,1,240x320,random,random,primary,development,,,,,,,,,,precision_any,10,article_type_macro,0.00961538,6552,104,
random-seed-2753,1,240x320,random,random,primary,development,,,,,,,,,,precision_any,10,query_mean,0.09323871,6552,104,
random-seed-2753,1,240x320,random,random,primary,development,,,,,,,,,,precision_any,20,article_type_macro,0.00961538,6552,104,
random-seed-2753,1,240x320,random,random,primary,development,,,,,,,,,,precision_any,20,query_mean,0.07142094,6552,104,
random-seed-2753,1,240x320,random,random,primary,development,,,,,,,,,,precision_strict,5,article_type_macro,0.00078575,6552,104,
random-seed-2753,1,240x320,random,random,primary,development,,,,,,,,,,precision_strict,5,query_mean,0.01278999,6552,104,
random-seed-2753,1,240x320,random,random,primary,development,,,,,,,,,,precision_strict,10,article_type_macro,0.00119180,6552,104,
random-seed-2753,1,240x320,random,random,primary,development,,,,,,,,,,precision_strict,10,query_mean,0.01111111,6552,104,
random-seed-2753,1,240x320,random,random,primary,development,,,,,,,,,,precision_strict,20,article_type_macro,0.00189434,6552,104,
random-seed-2753,1,240x320,random,random,primary,development,,,,,,,,,,precision_strict,20,query_mean,0.01036325,6552,104,
random-seed-2753,1,240x320,random,random,primary,development,,,,,,,,,,tie_rate,5,article_type_macro,0.00000000,6556,108,
random-seed-2753,1,240x320,random,random,primary,development,,,,,,,,,,tie_rate,5,query_mean,0.00000000,6556,108,
random-seed-2753,1,240x320,random,random,primary,development,,,,,,,,,,tie_rate,10,article_type_macro,0.00000000,6556,108,
random-seed-2753,1,240x320,random,random,primary,development,,,,,,,,,,tie_rate,10,query_mean,0.00000000,6556,108,
random-seed-2753,1,240x320,random,random,primary,development,,,,,,,,,,tie_rate,20,article_type_macro,0.00000000,6556,108,
random-seed-2753,1,240x320,random,random,primary,development,,,,,,,,,,tie_rate,20,query_mean,0.00000000,6556,108,
spatial-hsv-edge-4x4-v2,1,240x320,teacher,teacher,family,development,240.00000000,320.00000000,767.25958317,767.25958317,409687427.00000000,409687427.00000000,1600.00000000,230400.00000000,921600.00000000,coverage,10,query_mean,0.39948139,6556,,
spatial-hsv-edge-4x4-v2,1,240x320,teacher,teacher,family,development,240.00000000,320.00000000,767.25958317,767.25958317,409687427.00000000,409687427.00000000,1600.00000000,230400.00000000,921600.00000000,hit_rate,10,query_mean,0.65253914,2619,,
spatial-hsv-edge-4x4-v2,1,240x320,teacher,teacher,family,development,240.00000000,320.00000000,767.25958317,767.25958317,409687427.00000000,409687427.00000000,1600.00000000,230400.00000000,921600.00000000,precision,10,query_mean,0.15826651,2619,,
spatial-hsv-edge-4x4-v2,1,240x320,teacher,teacher,family,development,240.00000000,320.00000000,767.25958317,767.25958317,409687427.00000000,409687427.00000000,1600.00000000,230400.00000000,921600.00000000,recall,10,query_mean,0.37385510,2619,,
spatial-hsv-edge-4x4-v2,1,240x320,teacher,teacher,family,development,240.00000000,320.00000000,767.25958317,767.25958317,409687427.00000000,409687427.00000000,1600.00000000,230400.00000000,921600.00000000,tie_rate,10,query_mean,0.03904820,6556,,
spatial-hsv-edge-4x4-v2,1,240x320,teacher,teacher,primary,development,240.00000000,320.00000000,767.25958317,767.25958317,409687427.00000000,409687427.00000000,1600.00000000,230400.00000000,921600.00000000,ndcg,5,article_type_macro,0.37738598,6552,104,
spatial-hsv-edge-4x4-v2,1,240x320,teacher,teacher,primary,development,240.00000000,320.00000000,767.25958317,767.25958317,409687427.00000000,409687427.00000000,1600.00000000,230400.00000000,921600.00000000,ndcg,5,query_mean,0.51159328,6552,104,
spatial-hsv-edge-4x4-v2,1,240x320,teacher,teacher,primary,development,240.00000000,320.00000000,767.25958317,767.25958317,409687427.00000000,409687427.00000000,1600.00000000,230400.00000000,921600.00000000,ndcg,10,article_type_macro,0.35665440,6552,104,
spatial-hsv-edge-4x4-v2,1,240x320,teacher,teacher,primary,development,240.00000000,320.00000000,767.25958317,767.25958317,409687427.00000000,409687427.00000000,1600.00000000,230400.00000000,921600.00000000,ndcg,10,query_mean,0.49521342,6552,104,
spatial-hsv-edge-4x4-v2,1,240x320,teacher,teacher,primary,development,240.00000000,320.00000000,767.25958317,767.25958317,409687427.00000000,409687427.00000000,1600.00000000,230400.00000000,921600.00000000,ndcg,20,article_type_macro,0.34217376,6552,104,
spatial-hsv-edge-4x4-v2,1,240x320,teacher,teacher,primary,development,240.00000000,320.00000000,767.25958317,767.25958317,409687427.00000000,409687427.00000000,1600.00000000,230400.00000000,921600.00000000,ndcg,20,query_mean,0.47841616,6552,104,
spatial-hsv-edge-4x4-v2,1,240x320,teacher,teacher,primary,development,240.00000000,320.00000000,767.25958317,767.25958317,409687427.00000000,409687427.00000000,1600.00000000,230400.00000000,921600.00000000,precision_any,5,article_type_macro,0.45648740,6552,104,
spatial-hsv-edge-4x4-v2,1,240x320,teacher,teacher,primary,development,240.00000000,320.00000000,767.25958317,767.25958317,409687427.00000000,409687427.00000000,1600.00000000,230400.00000000,921600.00000000,precision_any,5,query_mean,0.70360195,6552,104,
spatial-hsv-edge-4x4-v2,1,240x320,teacher,teacher,primary,development,240.00000000,320.00000000,767.25958317,767.25958317,409687427.00000000,409687427.00000000,1600.00000000,230400.00000000,921600.00000000,precision_any,10,article_type_macro,0.39448662,6552,104,
spatial-hsv-edge-4x4-v2,1,240x320,teacher,teacher,primary,development,240.00000000,320.00000000,767.25958317,767.25958317,409687427.00000000,409687427.00000000,1600.00000000,230400.00000000,921600.00000000,precision_any,10,query_mean,0.67622100,6552,104,
spatial-hsv-edge-4x4-v2,1,240x320,teacher,teacher,primary,development,240.00000000,320.00000000,767.25958317,767.25958317,409687427.00000000,409687427.00000000,1600.00000000,230400.00000000,921600.00000000,precision_any,20,article_type_macro,0.33691933,6552,104,
spatial-hsv-edge-4x4-v2,1,240x320,teacher,teacher,primary,development,240.00000000,320.00000000,767.25958317,767.25958317,409687427.00000000,409687427.00000000,1600.00000000,230400.00000000,921600.00000000,precision_any,20,query_mean,0.64635989,6552,104,
spatial-hsv-edge-4x4-v2,1,240x320,teacher,teacher,primary,development,240.00000000,320.00000000,767.25958317,767.25958317,409687427.00000000,409687427.00000000,1600.00000000,230400.00000000,921600.00000000,precision_strict,5,article_type_macro,0.12936593,6552,104,
spatial-hsv-edge-4x4-v2,1,240x320,teacher,teacher,primary,development,240.00000000,320.00000000,767.25958317,767.25958317,409687427.00000000,409687427.00000000,1600.00000000,230400.00000000,921600.00000000,precision_strict,5,query_mean,0.28348596,6552,104,
spatial-hsv-edge-4x4-v2,1,240x320,teacher,teacher,primary,development,240.00000000,320.00000000,767.25958317,767.25958317,409687427.00000000,409687427.00000000,1600.00000000,230400.00000000,921600.00000000,precision_strict,10,article_type_macro,0.11355401,6552,104,
spatial-hsv-edge-4x4-v2,1,240x320,teacher,teacher,primary,development,240.00000000,320.00000000,767.25958317,767.25958317,409687427.00000000,409687427.00000000,1600.00000000,230400.00000000,921600.00000000,precision_strict,10,query_mean,0.26268315,6552,104,
spatial-hsv-edge-4x4-v2,1,240x320,teacher,teacher,primary,development,240.00000000,320.00000000,767.25958317,767.25958317,409687427.00000000,409687427.00000000,1600.00000000,230400.00000000,921600.00000000,precision_strict,20,article_type_macro,0.09521119,6552,104,
spatial-hsv-edge-4x4-v2,1,240x320,teacher,teacher,primary,development,240.00000000,320.00000000,767.25958317,767.25958317,409687427.00000000,409687427.00000000,1600.00000000,230400.00000000,921600.00000000,precision_strict,20,query_mean,0.23893468,6552,104,
spatial-hsv-edge-4x4-v2,1,240x320,teacher,teacher,primary,development,240.00000000,320.00000000,767.25958317,767.25958317,409687427.00000000,409687427.00000000,1600.00000000,230400.00000000,921600.00000000,tie_rate,5,article_type_macro,0.02181386,6556,108,
spatial-hsv-edge-4x4-v2,1,240x320,teacher,teacher,primary,development,240.00000000,320.00000000,767.25958317,767.25958317,409687427.00000000,409687427.00000000,1600.00000000,230400.00000000,921600.00000000,tie_rate,5,query_mean,0.03017084,6556,108,
spatial-hsv-edge-4x4-v2,1,240x320,teacher,teacher,primary,development,240.00000000,320.00000000,767.25958317,767.25958317,409687427.00000000,409687427.00000000,1600.00000000,230400.00000000,921600.00000000,tie_rate,10,article_type_macro,0.02691891,6556,108,
spatial-hsv-edge-4x4-v2,1,240x320,teacher,teacher,primary,development,240.00000000,320.00000000,767.25958317,767.25958317,409687427.00000000,409687427.00000000,1600.00000000,230400.00000000,921600.00000000,tie_rate,10,query_mean,0.03241306,6556,108,
spatial-hsv-edge-4x4-v2,1,240x320,teacher,teacher,primary,development,240.00000000,320.00000000,767.25958317,767.25958317,409687427.00000000,409687427.00000000,1600.00000000,230400.00000000,921600.00000000,tie_rate,20,article_type_macro,0.03074099,6556,108,
spatial-hsv-edge-4x4-v2,1,240x320,teacher,teacher,primary,development,240.00000000,320.00000000,767.25958317,767.25958317,409687427.00000000,409687427.00000000,1600.00000000,230400.00000000,921600.00000000,tie_rate,20,query_mean,0.03387736,6556,108,
spatial-hsv-edge-4x4-v2,1,240x320,teacher,v1,family,development,240.00000000,320.00000000,767.25958317,774.74986615,409687427.00000000,11525856401.00000000,1600.00000000,230400.00000000,921600.00000000,coverage,10,query_mean,0.39948139,6556,,
spatial-hsv-edge-4x4-v2,1,240x320,teacher,v1,family,development,240.00000000,320.00000000,767.25958317,774.74986615,409687427.00000000,11525856401.00000000,1600.00000000,230400.00000000,921600.00000000,hit_rate,10,query_mean,0.59488354,2619,,
spatial-hsv-edge-4x4-v2,1,240x320,teacher,v1,family,development,240.00000000,320.00000000,767.25958317,774.74986615,409687427.00000000,11525856401.00000000,1600.00000000,230400.00000000,921600.00000000,precision,10,query_mean,0.13646430,2619,,
spatial-hsv-edge-4x4-v2,1,240x320,teacher,v1,family,development,240.00000000,320.00000000,767.25958317,774.74986615,409687427.00000000,11525856401.00000000,1600.00000000,230400.00000000,921600.00000000,recall,10,query_mean,0.32502596,2619,,
spatial-hsv-edge-4x4-v2,1,240x320,teacher,v1,family,development,240.00000000,320.00000000,767.25958317,774.74986615,409687427.00000000,11525856401.00000000,1600.00000000,230400.00000000,921600.00000000,tie_rate,10,query_mean,0.03773642,6556,,
spatial-hsv-edge-4x4-v2,1,240x320,teacher,v1,primary,development,240.00000000,320.00000000,767.25958317,774.74986615,409687427.00000000,11525856401.00000000,1600.00000000,230400.00000000,921600.00000000,ndcg,5,article_type_macro,0.33522784,6552,104,
spatial-hsv-edge-4x4-v2,1,240x320,teacher,v1,primary,development,240.00000000,320.00000000,767.25958317,774.74986615,409687427.00000000,11525856401.00000000,1600.00000000,230400.00000000,921600.00000000,ndcg,5,query_mean,0.48545060,6552,104,
spatial-hsv-edge-4x4-v2,1,240x320,teacher,v1,primary,development,240.00000000,320.00000000,767.25958317,774.74986615,409687427.00000000,11525856401.00000000,1600.00000000,230400.00000000,921600.00000000,ndcg,10,article_type_macro,0.31578986,6552,104,
spatial-hsv-edge-4x4-v2,1,240x320,teacher,v1,primary,development,240.00000000,320.00000000,767.25958317,774.74986615,409687427.00000000,11525856401.00000000,1600.00000000,230400.00000000,921600.00000000,ndcg,10,query_mean,0.46774604,6552,104,
spatial-hsv-edge-4x4-v2,1,240x320,teacher,v1,primary,development,240.00000000,320.00000000,767.25958317,774.74986615,409687427.00000000,11525856401.00000000,1600.00000000,230400.00000000,921600.00000000,ndcg,20,article_type_macro,0.30384649,6552,104,
spatial-hsv-edge-4x4-v2,1,240x320,teacher,v1,primary,development,240.00000000,320.00000000,767.25958317,774.74986615,409687427.00000000,11525856401.00000000,1600.00000000,230400.00000000,921600.00000000,ndcg,20,query_mean,0.45017628,6552,104,
spatial-hsv-edge-4x4-v2,1,240x320,teacher,v1,primary,development,240.00000000,320.00000000,767.25958317,774.74986615,409687427.00000000,11525856401.00000000,1600.00000000,230400.00000000,921600.00000000,precision_any,5,article_type_macro,0.40780049,6552,104,
spatial-hsv-edge-4x4-v2,1,240x320,teacher,v1,primary,development,240.00000000,320.00000000,767.25958317,774.74986615,409687427.00000000,11525856401.00000000,1600.00000000,230400.00000000,921600.00000000,precision_any,5,query_mean,0.67005495,6552,104,
spatial-hsv-edge-4x4-v2,1,240x320,teacher,v1,primary,development,240.00000000,320.00000000,767.25958317,774.74986615,409687427.00000000,11525856401.00000000,1600.00000000,230400.00000000,921600.00000000,precision_any,10,article_type_macro,0.35251240,6552,104,
spatial-hsv-edge-4x4-v2,1,240x320,teacher,v1,primary,development,240.00000000,320.00000000,767.25958317,774.74986615,409687427.00000000,11525856401.00000000,1600.00000000,230400.00000000,921600.00000000,precision_any,10,query_mean,0.64093407,6552,104,
spatial-hsv-edge-4x4-v2,1,240x320,teacher,v1,primary,development,240.00000000,320.00000000,767.25958317,774.74986615,409687427.00000000,11525856401.00000000,1600.00000000,230400.00000000,921600.00000000,precision_any,20,article_type_macro,0.30462301,6552,104,
spatial-hsv-edge-4x4-v2,1,240x320,teacher,v1,primary,development,240.00000000,320.00000000,767.25958317,774.74986615,409687427.00000000,11525856401.00000000,1600.00000000,230400.00000000,921600.00000000,precision_any,20,query_mean,0.61131716,6552,104,
spatial-hsv-edge-4x4-v2,1,240x320,teacher,v1,primary,development,240.00000000,320.00000000,767.25958317,774.74986615,409687427.00000000,11525856401.00000000,1600.00000000,230400.00000000,921600.00000000,precision_strict,5,article_type_macro,0.11819612,6552,104,
spatial-hsv-edge-4x4-v2,1,240x320,teacher,v1,primary,development,240.00000000,320.00000000,767.25958317,774.74986615,409687427.00000000,11525856401.00000000,1600.00000000,230400.00000000,921600.00000000,precision_strict,5,query_mean,0.26477411,6552,104,
spatial-hsv-edge-4x4-v2,1,240x320,teacher,v1,primary,development,240.00000000,320.00000000,767.25958317,774.74986615,409687427.00000000,11525856401.00000000,1600.00000000,230400.00000000,921600.00000000,precision_strict,10,article_type_macro,0.09965605,6552,104,
spatial-hsv-edge-4x4-v2,1,240x320,teacher,v1,primary,development,240.00000000,320.00000000,767.25958317,774.74986615,409687427.00000000,11525856401.00000000,1600.00000000,230400.00000000,921600.00000000,precision_strict,10,query_mean,0.24322344,6552,104,
spatial-hsv-edge-4x4-v2,1,240x320,teacher,v1,primary,development,240.00000000,320.00000000,767.25958317,774.74986615,409687427.00000000,11525856401.00000000,1600.00000000,230400.00000000,921600.00000000,precision_strict,20,article_type_macro,0.08352671,6552,104,
spatial-hsv-edge-4x4-v2,1,240x320,teacher,v1,primary,development,240.00000000,320.00000000,767.25958317,774.74986615,409687427.00000000,11525856401.00000000,1600.00000000,230400.00000000,921600.00000000,precision_strict,20,query_mean,0.21950549,6552,104,
spatial-hsv-edge-4x4-v2,1,240x320,teacher,v1,primary,development,240.00000000,320.00000000,767.25958317,774.74986615,409687427.00000000,11525856401.00000000,1600.00000000,230400.00000000,921600.00000000,tie_rate,5,article_type_macro,0.02708610,6556,108,
spatial-hsv-edge-4x4-v2,1,240x320,teacher,v1,primary,development,240.00000000,320.00000000,767.25958317,774.74986615,409687427.00000000,11525856401.00000000,1600.00000000,230400.00000000,921600.00000000,tie_rate,5,query_mean,0.02968273,6556,108,
spatial-hsv-edge-4x4-v2,1,240x320,teacher,v1,primary,development,240.00000000,320.00000000,767.25958317,774.74986615,409687427.00000000,11525856401.00000000,1600.00000000,230400.00000000,921600.00000000,tie_rate,10,article_type_macro,0.03281644,6556,108,
spatial-hsv-edge-4x4-v2,1,240x320,teacher,v1,primary,development,240.00000000,320.00000000,767.25958317,774.74986615,409687427.00000000,11525856401.00000000,1600.00000000,230400.00000000,921600.00000000,tie_rate,10,query_mean,0.03134533,6556,108,
spatial-hsv-edge-4x4-v2,1,240x320,teacher,v1,primary,development,240.00000000,320.00000000,767.25958317,774.74986615,409687427.00000000,11525856401.00000000,1600.00000000,230400.00000000,921600.00000000,tie_rate,20,article_type_macro,0.03382350,6556,108,
spatial-hsv-edge-4x4-v2,1,240x320,teacher,v1,primary,development,240.00000000,320.00000000,767.25958317,774.74986615,409687427.00000000,11525856401.00000000,1600.00000000,230400.00000000,921600.00000000,tie_rate,20,query_mean,0.03435784,6556,108,
spatial-hsv-edge-4x4-v2,1,240x320,v1,teacher,family,development,240.00000000,320.00000000,774.74986615,767.25958317,11525856401.00000000,409687427.00000000,1600.00000000,230400.00000000,921600.00000000,coverage,10,query_mean,0.39948139,6556,,
spatial-hsv-edge-4x4-v2,1,240x320,v1,teacher,family,development,240.00000000,320.00000000,774.74986615,767.25958317,11525856401.00000000,409687427.00000000,1600.00000000,230400.00000000,921600.00000000,hit_rate,10,query_mean,0.57693776,2619,,
spatial-hsv-edge-4x4-v2,1,240x320,v1,teacher,family,development,240.00000000,320.00000000,774.74986615,767.25958317,11525856401.00000000,409687427.00000000,1600.00000000,230400.00000000,921600.00000000,precision,10,query_mean,0.13577701,2619,,
spatial-hsv-edge-4x4-v2,1,240x320,v1,teacher,family,development,240.00000000,320.00000000,774.74986615,767.25958317,11525856401.00000000,409687427.00000000,1600.00000000,230400.00000000,921600.00000000,recall,10,query_mean,0.31748104,2619,,
spatial-hsv-edge-4x4-v2,1,240x320,v1,teacher,family,development,240.00000000,320.00000000,774.74986615,767.25958317,11525856401.00000000,409687427.00000000,1600.00000000,230400.00000000,921600.00000000,tie_rate,10,query_mean,0.03767541,6556,,
spatial-hsv-edge-4x4-v2,1,240x320,v1,teacher,primary,development,240.00000000,320.00000000,774.74986615,767.25958317,11525856401.00000000,409687427.00000000,1600.00000000,230400.00000000,921600.00000000,ndcg,5,article_type_macro,0.33880964,6552,104,
spatial-hsv-edge-4x4-v2,1,240x320,v1,teacher,primary,development,240.00000000,320.00000000,774.74986615,767.25958317,11525856401.00000000,409687427.00000000,1600.00000000,230400.00000000,921600.00000000,ndcg,5,query_mean,0.47119069,6552,104,
spatial-hsv-edge-4x4-v2,1,240x320,v1,teacher,primary,development,240.00000000,320.00000000,774.74986615,767.25958317,11525856401.00000000,409687427.00000000,1600.00000000,230400.00000000,921600.00000000,ndcg,10,article_type_macro,0.31910287,6552,104,
spatial-hsv-edge-4x4-v2,1,240x320,v1,teacher,primary,development,240.00000000,320.00000000,774.74986615,767.25958317,11525856401.00000000,409687427.00000000,1600.00000000,230400.00000000,921600.00000000,ndcg,10,query_mean,0.45567575,6552,104,
spatial-hsv-edge-4x4-v2,1,240x320,v1,teacher,primary,development,240.00000000,320.00000000,774.74986615,767.25958317,11525856401.00000000,409687427.00000000,1600.00000000,230400.00000000,921600.00000000,ndcg,20,article_type_macro,0.30465043,6552,104,
spatial-hsv-edge-4x4-v2,1,240x320,v1,teacher,primary,development,240.00000000,320.00000000,774.74986615,767.25958317,11525856401.00000000,409687427.00000000,1600.00000000,230400.00000000,921600.00000000,ndcg,20,query_mean,0.44000448,6552,104,
spatial-hsv-edge-4x4-v2,1,240x320,v1,teacher,primary,development,240.00000000,320.00000000,774.74986615,767.25958317,11525856401.00000000,409687427.00000000,1600.00000000,230400.00000000,921600.00000000,precision_any,5,article_type_macro,0.41450792,6552,104,
spatial-hsv-edge-4x4-v2,1,240x320,v1,teacher,primary,development,240.00000000,320.00000000,774.74986615,767.25958317,11525856401.00000000,409687427.00000000,1600.00000000,230400.00000000,921600.00000000,precision_any,5,query_mean,0.65824176,6552,104,
spatial-hsv-edge-4x4-v2,1,240x320,v1,teacher,primary,development,240.00000000,320.00000000,774.74986615,767.25958317,11525856401.00000000,409687427.00000000,1600.00000000,230400.00000000,921600.00000000,precision_any,10,article_type_macro,0.35689265,6552,104,
spatial-hsv-edge-4x4-v2,1,240x320,v1,teacher,primary,development,240.00000000,320.00000000,774.74986615,767.25958317,11525856401.00000000,409687427.00000000,1600.00000000,230400.00000000,921600.00000000,precision_any,10,query_mean,0.63137973,6552,104,
spatial-hsv-edge-4x4-v2,1,240x320,v1,teacher,primary,development,240.00000000,320.00000000,774.74986615,767.25958317,11525856401.00000000,409687427.00000000,1600.00000000,230400.00000000,921600.00000000,precision_any,20,article_type_macro,0.30431429,6552,104,
spatial-hsv-edge-4x4-v2,1,240x320,v1,teacher,primary,development,240.00000000,320.00000000,774.74986615,767.25958317,11525856401.00000000,409687427.00000000,1600.00000000,230400.00000000,921600.00000000,precision_any,20,query_mean,0.60224359,6552,104,
spatial-hsv-edge-4x4-v2,1,240x320,v1,teacher,primary,development,240.00000000,320.00000000,774.74986615,767.25958317,11525856401.00000000,409687427.00000000,1600.00000000,230400.00000000,921600.00000000,precision_strict,5,article_type_macro,0.11649876,6552,104,
spatial-hsv-edge-4x4-v2,1,240x320,v1,teacher,primary,development,240.00000000,320.00000000,774.74986615,767.25958317,11525856401.00000000,409687427.00000000,1600.00000000,230400.00000000,921600.00000000,precision_strict,5,query_mean,0.25375458,6552,104,
spatial-hsv-edge-4x4-v2,1,240x320,v1,teacher,primary,development,240.00000000,320.00000000,774.74986615,767.25958317,11525856401.00000000,409687427.00000000,1600.00000000,230400.00000000,921600.00000000,precision_strict,10,article_type_macro,0.10257735,6552,104,
spatial-hsv-edge-4x4-v2,1,240x320,v1,teacher,primary,development,240.00000000,320.00000000,774.74986615,767.25958317,11525856401.00000000,409687427.00000000,1600.00000000,230400.00000000,921600.00000000,precision_strict,10,query_mean,0.23394383,6552,104,
spatial-hsv-edge-4x4-v2,1,240x320,v1,teacher,primary,development,240.00000000,320.00000000,774.74986615,767.25958317,11525856401.00000000,409687427.00000000,1600.00000000,230400.00000000,921600.00000000,precision_strict,20,article_type_macro,0.08507272,6552,104,
spatial-hsv-edge-4x4-v2,1,240x320,v1,teacher,primary,development,240.00000000,320.00000000,774.74986615,767.25958317,11525856401.00000000,409687427.00000000,1600.00000000,230400.00000000,921600.00000000,precision_strict,20,query_mean,0.21315629,6552,104,
spatial-hsv-edge-4x4-v2,1,240x320,v1,teacher,primary,development,240.00000000,320.00000000,774.74986615,767.25958317,11525856401.00000000,409687427.00000000,1600.00000000,230400.00000000,921600.00000000,tie_rate,5,article_type_macro,0.01991069,6556,108,
spatial-hsv-edge-4x4-v2,1,240x320,v1,teacher,primary,development,240.00000000,320.00000000,774.74986615,767.25958317,11525856401.00000000,409687427.00000000,1600.00000000,230400.00000000,921600.00000000,tie_rate,5,query_mean,0.02800488,6556,108,
spatial-hsv-edge-4x4-v2,1,240x320,v1,teacher,primary,development,240.00000000,320.00000000,774.74986615,767.25958317,11525856401.00000000,409687427.00000000,1600.00000000,230400.00000000,921600.00000000,tie_rate,10,article_type_macro,0.02509641,6556,108,
spatial-hsv-edge-4x4-v2,1,240x320,v1,teacher,primary,development,240.00000000,320.00000000,774.74986615,767.25958317,11525856401.00000000,409687427.00000000,1600.00000000,230400.00000000,921600.00000000,tie_rate,10,query_mean,0.03219951,6556,108,
spatial-hsv-edge-4x4-v2,1,240x320,v1,teacher,primary,development,240.00000000,320.00000000,774.74986615,767.25958317,11525856401.00000000,409687427.00000000,1600.00000000,230400.00000000,921600.00000000,tie_rate,20,article_type_macro,0.03026160,6556,108,
spatial-hsv-edge-4x4-v2,1,240x320,v1,teacher,primary,development,240.00000000,320.00000000,774.74986615,767.25958317,11525856401.00000000,409687427.00000000,1600.00000000,230400.00000000,921600.00000000,tie_rate,20,query_mean,0.03433496,6556,108,
spatial-hsv-edge-4x4-v2,1,240x320,v1,v1,family,development,240.00000000,320.00000000,774.74986615,774.74986615,11525856401.00000000,11525856401.00000000,1600.00000000,230400.00000000,921600.00000000,coverage,10,query_mean,0.39948139,6556,,
spatial-hsv-edge-4x4-v2,1,240x320,v1,v1,family,development,240.00000000,320.00000000,774.74986615,774.74986615,11525856401.00000000,11525856401.00000000,1600.00000000,230400.00000000,921600.00000000,hit_rate,10,query_mean,0.64795724,2619,,
spatial-hsv-edge-4x4-v2,1,240x320,v1,v1,family,development,240.00000000,320.00000000,774.74986615,774.74986615,11525856401.00000000,11525856401.00000000,1600.00000000,230400.00000000,921600.00000000,precision,10,query_mean,0.15578465,2619,,
spatial-hsv-edge-4x4-v2,1,240x320,v1,v1,family,development,240.00000000,320.00000000,774.74986615,774.74986615,11525856401.00000000,11525856401.00000000,1600.00000000,230400.00000000,921600.00000000,recall,10,query_mean,0.37006587,2619,,
spatial-hsv-edge-4x4-v2,1,240x320,v1,v1,family,development,240.00000000,320.00000000,774.74986615,774.74986615,11525856401.00000000,11525856401.00000000,1600.00000000,230400.00000000,921600.00000000,tie_rate,10,query_mean,0.03984137,6556,,
spatial-hsv-edge-4x4-v2,1,240x320,v1,v1,primary,development,240.00000000,320.00000000,774.74986615,774.74986615,11525856401.00000000,11525856401.00000000,1600.00000000,230400.00000000,921600.00000000,ndcg,5,article_type_macro,0.36592435,6552,104,
spatial-hsv-edge-4x4-v2,1,240x320,v1,v1,primary,development,240.00000000,320.00000000,774.74986615,774.74986615,11525856401.00000000,11525856401.00000000,1600.00000000,230400.00000000,921600.00000000,ndcg,5,query_mean,0.50241280,6552,104,
spatial-hsv-edge-4x4-v2,1,240x320,v1,v1,primary,development,240.00000000,320.00000000,774.74986615,774.74986615,11525856401.00000000,11525856401.00000000,1600.00000000,230400.00000000,921600.00000000,ndcg,10,article_type_macro,0.34708354,6552,104,
spatial-hsv-edge-4x4-v2,1,240x320,v1,v1,primary,development,240.00000000,320.00000000,774.74986615,774.74986615,11525856401.00000000,11525856401.00000000,1600.00000000,230400.00000000,921600.00000000,ndcg,10,query_mean,0.48454193,6552,104,
spatial-hsv-edge-4x4-v2,1,240x320,v1,v1,primary,development,240.00000000,320.00000000,774.74986615,774.74986615,11525856401.00000000,11525856401.00000000,1600.00000000,230400.00000000,921600.00000000,ndcg,20,article_type_macro,0.32933240,6552,104,
spatial-hsv-edge-4x4-v2,1,240x320,v1,v1,primary,development,240.00000000,320.00000000,774.74986615,774.74986615,11525856401.00000000,11525856401.00000000,1600.00000000,230400.00000000,921600.00000000,ndcg,20,query_mean,0.46604261,6552,104,
spatial-hsv-edge-4x4-v2,1,240x320,v1,v1,primary,development,240.00000000,320.00000000,774.74986615,774.74986615,11525856401.00000000,11525856401.00000000,1600.00000000,230400.00000000,921600.00000000,precision_any,5,article_type_macro,0.44473413,6552,104,
spatial-hsv-edge-4x4-v2,1,240x320,v1,v1,primary,development,240.00000000,320.00000000,774.74986615,774.74986615,11525856401.00000000,11525856401.00000000,1600.00000000,230400.00000000,921600.00000000,precision_any,5,query_mean,0.69743590,6552,104,
spatial-hsv-edge-4x4-v2,1,240x320,v1,v1,primary,development,240.00000000,320.00000000,774.74986615,774.74986615,11525856401.00000000,11525856401.00000000,1600.00000000,230400.00000000,921600.00000000,precision_any,10,article_type_macro,0.38436693,6552,104,
spatial-hsv-edge-4x4-v2,1,240x320,v1,v1,primary,development,240.00000000,320.00000000,774.74986615,774.74986615,11525856401.00000000,11525856401.00000000,1600.00000000,230400.00000000,921600.00000000,precision_any,10,query_mean,0.66684982,6552,104,
spatial-hsv-edge-4x4-v2,1,240x320,v1,v1,primary,development,240.00000000,320.00000000,774.74986615,774.74986615,11525856401.00000000,11525856401.00000000,1600.00000000,230400.00000000,921600.00000000,precision_any,20,article_type_macro,0.32525697,6552,104,
spatial-hsv-edge-4x4-v2,1,240x320,v1,v1,primary,development,240.00000000,320.00000000,774.74986615,774.74986615,11525856401.00000000,11525856401.00000000,1600.00000000,230400.00000000,921600.00000000,precision_any,20,query_mean,0.63424908,6552,104,
spatial-hsv-edge-4x4-v2,1,240x320,v1,v1,primary,development,240.00000000,320.00000000,774.74986615,774.74986615,11525856401.00000000,11525856401.00000000,1600.00000000,230400.00000000,921600.00000000,precision_strict,5,article_type_macro,0.12477756,6552,104,
spatial-hsv-edge-4x4-v2,1,240x320,v1,v1,primary,development,240.00000000,320.00000000,774.74986615,774.74986615,11525856401.00000000,11525856401.00000000,1600.00000000,230400.00000000,921600.00000000,precision_strict,5,query_mean,0.27023810,6552,104,
spatial-hsv-edge-4x4-v2,1,240x320,v1,v1,primary,development,240.00000000,320.00000000,774.74986615,774.74986615,11525856401.00000000,11525856401.00000000,1600.00000000,230400.00000000,921600.00000000,precision_strict,10,article_type_macro,0.10878315,6552,104,
spatial-hsv-edge-4x4-v2,1,240x320,v1,v1,primary,development,240.00000000,320.00000000,774.74986615,774.74986615,11525856401.00000000,11525856401.00000000,1600.00000000,230400.00000000,921600.00000000,precision_strict,10,query_mean,0.24893162,6552,104,
spatial-hsv-edge-4x4-v2,1,240x320,v1,v1,primary,development,240.00000000,320.00000000,774.74986615,774.74986615,11525856401.00000000,11525856401.00000000,1600.00000000,230400.00000000,921600.00000000,precision_strict,20,article_type_macro,0.08982809,6552,104,
spatial-hsv-edge-4x4-v2,1,240x320,v1,v1,primary,development,240.00000000,320.00000000,774.74986615,774.74986615,11525856401.00000000,11525856401.00000000,1600.00000000,230400.00000000,921600.00000000,precision_strict,20,query_mean,0.22496947,6552,104,
spatial-hsv-edge-4x4-v2,1,240x320,v1,v1,primary,development,240.00000000,320.00000000,774.74986615,774.74986615,11525856401.00000000,11525856401.00000000,1600.00000000,230400.00000000,921600.00000000,tie_rate,5,article_type_macro,0.03543088,6556,108,
spatial-hsv-edge-4x4-v2,1,240x320,v1,v1,primary,development,240.00000000,320.00000000,774.74986615,774.74986615,11525856401.00000000,11525856401.00000000,1600.00000000,230400.00000000,921600.00000000,tie_rate,5,query_mean,0.03117755,6556,108,
spatial-hsv-edge-4x4-v2,1,240x320,v1,v1,primary,development,240.00000000,320.00000000,774.74986615,774.74986615,11525856401.00000000,11525856401.00000000,1600.00000000,230400.00000000,921600.00000000,tie_rate,10,article_type_macro,0.03319572,6556,108,
spatial-hsv-edge-4x4-v2,1,240x320,v1,v1,primary,development,240.00000000,320.00000000,774.74986615,774.74986615,11525856401.00000000,11525856401.00000000,1600.00000000,230400.00000000,921600.00000000,tie_rate,10,query_mean,0.03579927,6556,108,
spatial-hsv-edge-4x4-v2,1,240x320,v1,v1,primary,development,240.00000000,320.00000000,774.74986615,774.74986615,11525856401.00000000,11525856401.00000000,1600.00000000,230400.00000000,921600.00000000,tie_rate,20,article_type_macro,0.03296502,6556,108,
spatial-hsv-edge-4x4-v2,1,240x320,v1,v1,primary,development,240.00000000,320.00000000,774.74986615,774.74986615,11525856401.00000000,11525856401.00000000,1600.00000000,230400.00000000,921600.00000000,tie_rate,20,query_mean,0.03801098,6556,108,
