id,teacher_path,external_path,teacher_width,teacher_height,external_width,external_height,pixel_area_ratio,file_size_ratio,dhash_distance,ahash_distance,mse,mae,max_difference,crop_mse,crop_mae,foreground_fraction_1,foreground_fraction_2,foreground_ratio
1978,data/raw/teacher/train/images_train/1978.jpg,data/raw/external/fashion_product_images_v1/images/1978.jpg,60,80,1800,2400,900.00000000,151.83371612,1,0,0.00023734,0.00785750,0.12156863,0.03982293,0.09605387,0.44479167,0.41303819,0.92861046
2187,data/raw/teacher/train/images_train/2187.jpg,data/raw/external/fashion_product_images_v1/images/2187.jpg,60,80,1800,2400,900.00000000,172.86855346,0,0,0.00078341,0.01924849,0.17647061,0.00078341,0.01924849,0.99895833,0.99998287,0.99897545
2677,data/raw/teacher/train/images_train/2677.jpg,data/raw/external/fashion_product_images_v1/images/2677.jpg,60,80,1800,2400,900.00000000,143.35017938,0,0,0.00024431,0.00750677,0.13333333,0.00430041,0.02958729,0.51187500,0.49077639,0.95878171
3208,data/raw/teacher/train/images_train/3208.jpg,data/raw/external/fashion_product_images_v1/images/3208.jpg,60,80,1800,2400,900.00000000,189.57156863,0,0,0.00032974,0.00913150,0.14901960,0.02410823,0.06991549,0.44645833,0.41536019,0.93034479
3254,data/raw/teacher/train/images_train/3254.jpg,data/raw/external/fashion_product_images_v1/images/3254.jpg,60,80,1800,2400,900.00000000,127.92753623,0,0,0.00002593,0.00199812,0.04705882,0.00205982,0.02226211,0.17458333,0.17307523,0.99136171
3349,data/raw/teacher/train/images_train/3349.jpg,data/raw/external/fashion_product_images_v1/images/3349.jpg,60,80,1800,2400,900.00000000,14.92492094,0,0,0.00047363,0.01193927,0.14509805,0.02748841,0.07022218,0.53312500,0.49214630,0.92313491
3502,data/raw/teacher/train/images_train/3502.jpg,data/raw/external/fashion_product_images_v1/images/3502.jpg,60,80,1800,2400,900.00000000,12.09993183,0,0,0.00027429,0.00790441,0.13725489,0.02678831,0.07057101,0.42312500,0.38942963,0.92036545
3520,data/raw/teacher/train/images_train/3520.jpg,data/raw/external/fashion_product_images_v1/images/3520.jpg,60,80,1800,2400,900.00000000,13.20560514,0,0,0.00037538,0.01047156,0.14117646,0.02827067,0.07333378,0.48916667,0.45174005,0.92348902
4153,data/raw/teacher/train/images_train/4153.jpg,data/raw/external/fashion_product_images_v1/images/4153.jpg,60,80,1800,2400,900.00000000,211.74785479,0,0,0.00008739,0.00397231,0.09411764,0.03200274,0.07960134,0.24916667,0.23597963,0.94707544
4231,data/raw/teacher/train/images_train/4231.jpg,data/raw/external/fashion_product_images_v1/images/4231.jpg,60,80,1800,2400,900.00000000,147.25094056,0,0,0.00043701,0.01175705,0.15686274,0.05155167,0.12603562,0.49708333,0.44935463,0.90398249
4250,data/raw/teacher/train/images_train/4250.jpg,data/raw/external/fashion_product_images_v1/images/4250.jpg,60,80,1800,2400,900.00000000,149.90064620,0,0,0.00039237,0.01106388,0.15686274,0.02324901,0.07476703,0.50937500,0.46380046,0.91052852
4322,data/raw/teacher/train/images_train/4322.jpg,data/raw/external/fashion_product_images_v1/images/4322.jpg,60,80,1800,2400,900.00000000,55.29692169,2,0,0.00007952,0.00252087,0.12941177,0.00786134,0.03426107,0.20583333,0.18692616,0.90814327
4390,data/raw/teacher/train/images_train/4390.jpg,data/raw/external/fashion_product_images_v1/images/4390.jpg,60,80,1800,2400,900.00000000,66.94017380,0,0,0.00058544,0.01377591,0.17254902,0.03659112,0.09737891,0.50458333,0.45597083,0.90365813
4766,data/raw/teacher/train/images_train/4766.jpg,data/raw/external/fashion_product_images_v1/images/4766.jpg,60,80,1800,2400,900.00000000,19.24750264,2,0,0.00024338,0.00763506,0.13333333,0.01745721,0.05267661,0.48708333,0.45756829,0.93940452
4938,data/raw/teacher/train/images_train/4938.jpg,data/raw/external/fashion_product_images_v1/images/4938.jpg,60,80,1080,1440,324.00000000,18.72914389,0,0,0.00006719,0.00338574,0.06666666,0.00251730,0.02488830,0.30687500,0.28708526,0.93551206
5220,data/raw/teacher/train/images_train/5220.jpg,data/raw/external/fashion_product_images_v1/images/5220.jpg,60,80,1080,1440,324.00000000,119.67644276,1,0,0.00017500,0.00623213,0.10588235,0.07770959,0.13148041,0.38541667,0.36313979,0.94220053
5434,data/raw/teacher/train/images_train/5434.jpg,data/raw/external/fashion_product_images_v1/images/5434.jpg,60,80,1800,2400,900.00000000,133.18215309,0,0,0.00034537,0.01000753,0.14901963,0.03170580,0.07387184,0.48145833,0.44056343,0.91506034
5574,data/raw/teacher/train/images_train/5574.jpg,data/raw/external/fashion_product_images_v1/images/5574.jpg,60,80,1800,2400,900.00000000,117.93616222,2,0,0.00003927,0.00218067,0.10588235,0.00478077,0.02899401,0.26812500,0.26206296,0.97739100
5666,data/raw/teacher/train/images_train/5666.jpg,data/raw/external/fashion_product_images_v1/images/5666.jpg,60,80,1080,1440,324.00000000,7.06946219,1,0,0.00024279,0.00810930,0.12941176,0.00544156,0.02897518,0.47854167,0.44763053,0.93540555
5719,data/raw/teacher/train/images_train/5719.jpg,data/raw/external/fashion_product_images_v1/images/5719.jpg,60,80,1080,1440,324.00000000,12.08428770,0,0,0.00019405,0.00713816,0.10980392,0.00900136,0.04526782,0.39187500,0.34131494,0.87097912
5785,data/raw/teacher/train/images_train/5785.jpg,data/raw/external/fashion_product_images_v1/images/5785.jpg,60,80,1080,1440,324.00000000,21.29708243,0,0,0.00012599,0.00485090,0.13333333,0.00327420,0.02374930,0.41770833,0.39182677,0.93803916
6158,data/raw/teacher/train/images_train/6158.jpg,data/raw/external/fashion_product_images_v1/images/6158.jpg,60,80,1800,2400,900.00000000,19.87096219,1,0,0.00020813,0.00818589,0.12941179,0.00918105,0.03610377,0.51083333,0.46944907,0.91898677
6494,data/raw/teacher/train/images_train/6494.jpg,data/raw/external/fashion_product_images_v1/images/6494.jpg,60,80,1800,2400,900.00000000,115.05601867,0,0,0.00004790,0.00231726,0.09019607,0.00922912,0.04506166,0.19520833,0.18961296,0.97133642
6618,data/raw/teacher/train/images_train/6618.jpg,data/raw/external/fashion_product_images_v1/images/6618.jpg,60,80,1800,2400,900.00000000,19.40689132,1,0,0.00063001,0.01443685,0.17254901,0.01289094,0.06256702,0.47958333,0.45278889,0.94412974
6649,data/raw/teacher/train/images_train/6649.jpg,data/raw/external/fashion_product_images_v1/images/6649.jpg,60,80,1080,1440,324.00000000,5.62824492,0,0,0.00014587,0.00522620,0.12156864,0.03768187,0.10499322,0.26937500,0.25845036,0.95944449
6711,data/raw/teacher/train/images_train/6711.jpg,data/raw/external/fashion_product_images_v1/images/6711.jpg,60,80,1800,2400,900.00000000,226.45576408,0,0,0.00107998,0.02093450,0.23529412,0.00107998,0.02093450,1.00000000,0.99991806,0.99991806
6882,data/raw/teacher/train/images_train/6882.jpg,data/raw/external/fashion_product_images_v1/images/6882.jpg,60,80,1800,2400,900.00000000,44.28916741,2,0,0.00009888,0.00410635,0.09803921,0.00296712,0.02326102,0.40958333,0.39171505,0.95637448
7027,data/raw/teacher/train/images_train/7027.jpg,data/raw/external/fashion_product_images_v1/images/7027.jpg,60,80,1800,2400,900.00000000,16.12688365,0,1,0.00041323,0.01281722,0.14509805,0.00370515,0.02875434,0.71854167,0.67905787,0.94505010
7104,data/raw/teacher/train/images_train/7104.jpg,data/raw/external/fashion_product_images_v1/images/7104.jpg,60,80,1080,1440,324.00000000,16.84590311,0,1,0.00020589,0.00641499,0.14117646,0.01075775,0.04500486,0.46020833,0.44708848,0.97149149
7368,data/raw/teacher/train/images_train/7368.jpg,data/raw/external/fashion_product_images_v1/images/7368.jpg,60,80,1800,2400,900.00000000,162.28653745,2,0,0.00007219,0.00321404,0.10588235,0.00824402,0.04202985,0.19770833,0.18761875,0.94896733
7961,data/raw/teacher/train/images_train/7961.jpg,data/raw/external/fashion_product_images_v1/images/7961.jpg,60,80,1800,2400,900.00000000,183.06802406,0,0,0.00046213,0.01151706,0.16862744,0.04394575,0.11893350,0.45562500,0.41080880,0.90163796
8066,data/raw/teacher/train/images_train/8066.jpg,data/raw/external/fashion_product_images_v1/images/8066.jpg,60,80,1800,2400,900.00000000,371.63228700,0,0,0.00020515,0.00680977,0.14117646,0.08651340,0.16854225,0.38229167,0.35503426,0.92869997
8083,data/raw/teacher/train/images_train/8083.jpg,data/raw/external/fashion_product_images_v1/images/8083.jpg,60,80,1800,2400,900.00000000,164.20541036,3,1,0.00009661,0.00397135,0.12549020,0.03564425,0.09321830,0.25604167,0.24166343,0.94384414
8588,data/raw/teacher/train/images_train/8588.jpg,data/raw/external/fashion_product_images_v1/images/8588.jpg,60,80,1800,2400,900.00000000,294.06744017,0,0,0.00118657,0.02005655,0.25098041,0.05937007,0.15625414,0.50104167,0.39214120,0.78265188
8597,data/raw/teacher/train/images_train/8597.jpg,data/raw/external/fashion_product_images_v1/images/8597.jpg,60,80,1800,2400,900.00000000,189.40080972,0,0,0.00133525,0.02167043,0.27058822,0.07438756,0.16264297,0.54125000,0.42191042,0.77951116
8680,data/raw/teacher/train/images_train/8680.jpg,data/raw/external/fashion_product_images_v1/images/8680.jpg,60,80,1800,2400,900.00000000,13.80379022,0,0,0.00007835,0.00281416,0.09411764,0.02188617,0.05785526,0.10437500,0.08347870,0.79979596
9078,data/raw/teacher/train/images_train/9078.jpg,data/raw/external/fashion_product_images_v1/images/9078.jpg,60,80,1800,2400,900.00000000,193.31088825,0,0,0.00023644,0.00767208,0.11372550,0.03731277,0.08776871,0.38770833,0.35572222,0.91749955
9175,data/raw/teacher/train/images_train/9175.jpg,data/raw/external/fashion_product_images_v1/images/9175.jpg,60,80,1800,2400,900.00000000,269.54379562,1,0,0.00047446,0.01114207,0.22745100,0.07000688,0.14741912,0.37687500,0.32737847,0.86866593
9178,data/raw/teacher/train/images_train/9178.jpg,data/raw/external/fashion_product_images_v1/images/9178.jpg,60,80,1800,2400,900.00000000,263.79554656,1,1,0.00037931,0.01039784,0.12941176,0.06908634,0.13508381,0.37875000,0.33907106,0.89523713
9199,data/raw/teacher/train/images_train/9199.jpg,data/raw/external/fashion_product_images_v1/images/9199.jpg,60,80,1800,2400,900.00000000,157.53634312,0,0,0.00013892,0.00455155,0.12549019,0.03901942,0.12026622,0.22562500,0.21834167,0.96771930
9346,data/raw/teacher/train/images_train/9346.jpg,data/raw/external/fashion_product_images_v1/images/9346.jpg,60,80,1800,2400,900.00000000,216.02124920,0,0,0.00094224,0.01610084,0.26274508,0.10375903,0.22095235,0.37520833,0.30943657,0.82470603
9351,data/raw/teacher/train/images_train/9351.jpg,data/raw/external/fashion_product_images_v1/images/9351.jpg,60,80,1800,2400,900.00000000,189.77034884,1,0,0.00016069,0.00505387,0.14509803,0.00962861,0.03467148,0.33062500,0.31385324,0.94927256
10313,data/raw/teacher/train/images_train/10313.jpg,data/raw/external/fashion_product_images_v1/images/10313.jpg,60,80,1800,2400,900.00000000,209.34554401,1,0,0.00008741,0.00444272,0.07450980,0.00273464,0.03256134,0.33562500,0.31342407,0.93385199
10702,data/raw/teacher/train/images_train/10702.jpg,data/raw/external/fashion_product_images_v1/images/10702.jpg,60,80,1800,2400,900.00000000,234.21060071,1,0,0.00016856,0.00601607,0.10588236,0.03079057,0.11436696,0.32937500,0.29033750,0.88148008
11004,data/raw/teacher/train/images_train/11004.jpg,data/raw/external/fashion_product_images_v1/images/11004.jpg,60,80,1800,2400,900.00000000,178.40745614,1,0,0.00051653,0.01400474,0.16078432,0.06319171,0.14203751,0.61687500,0.59233380,0.96021689
11167,data/raw/teacher/train/images_train/11167.jpg,data/raw/external/fashion_product_images_v1/images/11167.jpg,60,80,1800,2400,900.00000000,176.39951100,1,0,0.00046455,0.01169992,0.14117646,0.04920214,0.10066923,0.51500000,0.47742500,0.92703883
11255,data/raw/teacher/train/images_train/11255.jpg,data/raw/external/fashion_product_images_v1/images/11255.jpg,60,80,1800,2400,900.00000000,176.05882353,1,0,0.00038836,0.01120590,0.19215685,0.03891931,0.09609503,0.51666667,0.46520185,0.90039068
11722,data/raw/teacher/train/images_train/11722.jpg,data/raw/external/fashion_product_images_v1/images/11722.jpg,60,80,1800,2400,900.00000000,246.28673139,0,0,0.00223440,0.02691674,0.32941177,0.05218417,0.14973991,0.50687500,0.40302269,0.79511257
11772,data/raw/teacher/train/images_train/11772.jpg,data/raw/external/fashion_product_images_v1/images/11772.jpg,60,80,1800,2400,900.00000000,171.58160106,1,0,0.00050674,0.01233724,0.18431371,0.06874505,0.14666851,0.48708333,0.41453958,0.85106501
11989,data/raw/teacher/train/images_train/11989.jpg,data/raw/external/fashion_product_images_v1/images/11989.jpg,60,80,1800,2400,900.00000000,32.79496764,0,0,0.00018954,0.00720422,0.12156862,0.00592395,0.03738734,0.46229167,0.42947731,0.92901808
12012,data/raw/teacher/train/images_train/12012.jpg,data/raw/external/fashion_product_images_v1/images/12012.jpg,60,80,1800,2400,900.00000000,250.59188847,1,1,0.00033739,0.00944266,0.13725492,0.01100680,0.04428871,0.47104167,0.36717199,0.77948941
12643,data/raw/teacher/train/images_train/12643.jpg,data/raw/external/fashion_product_images_v1/images/12643.jpg,60,80,1800,2400,900.00000000,169.49552396,1,0,0.00041867,0.01088165,0.14901960,0.03880759,0.09559111,0.47020833,0.43142963,0.91752868
12712,data/raw/teacher/train/images_train/12712.jpg,data/raw/external/fashion_product_images_v1/images/12712.jpg,60,80,1800,2400,900.00000000,177.74617737,1,0,0.00013051,0.00502611,0.10980392,0.03669168,0.10396624,0.26750000,0.24815880,0.92769643
12912,data/raw/teacher/train/images_train/12912.jpg,data/raw/external/fashion_product_images_v1/images/12912.jpg,60,80,1800,2400,900.00000000,154.93959415,0,0,0.00016992,0.00660041,0.11372548,0.01148707,0.04498570,0.46500000,0.43220116,0.92946485
13574,data/raw/teacher/train/images_train/13574.jpg,data/raw/external/fashion_product_images_v1/images/13574.jpg,60,80,1800,2400,900.00000000,155.47743363,0,0,0.00019338,0.00727507,0.11372548,0.01806518,0.06262829,0.42437500,0.38252292,0.90137948
14065,data/raw/teacher/train/images_train/14065.jpg,data/raw/external/fashion_product_images_v1/images/14065.jpg,60,80,1800,2400,900.00000000,308.56821705,0,0,0.00083145,0.01585318,0.21176472,0.05169533,0.12910827,0.50104167,0.35057431,0.69969092
14126,data/raw/teacher/train/images_train/14126.jpg,data/raw/external/fashion_product_images_v1/images/14126.jpg,60,80,1800,2400,900.00000000,194.56331423,0,0,0.00026407,0.00753868,0.12549019,0.02790833,0.07785916,0.32062500,0.28323148,0.88337304
14320,data/raw/teacher/train/images_train/14320.jpg,data/raw/external/fashion_product_images_v1/images/14320.jpg,60,80,1800,2400,900.00000000,155.13593958,1,0,0.00025045,0.00775091,0.16862744,0.03264809,0.09636054,0.36041667,0.31291458,0.86820231
14479,data/raw/teacher/train/images_train/14479.jpg,data/raw/external/fashion_product_images_v1/images/14479.jpg,60,80,1800,2400,900.00000000,13.79062905,3,0,0.00010210,0.00395827,0.11764705,0.00608072,0.04324831,0.23229167,0.22277940,0.95905032
14581,data/raw/teacher/train/images_train/14581.jpg,data/raw/external/fashion_product_images_v1/images/14581.jpg,60,80,1800,2400,900.00000000,204.60078278,0,0,0.00070338,0.01445217,0.24313727,0.06115463,0.13160776,0.51916667,0.45657662,0.87944132
14654,data/raw/teacher/train/images_train/14654.jpg,data/raw/external/fashion_product_images_v1/images/14654.jpg,60,80,1800,2400,900.00000000,141.53691275,1,0,0.00051114,0.01252266,0.17254904,0.05926977,0.13871177,0.48083333,0.42298565,0.87969286
14813,data/raw/teacher/train/images_train/14813.jpg,data/raw/external/fashion_product_images_v1/images/14813.jpg,60,80,1800,2400,900.00000000,22.08306556,0,0,0.00016687,0.00601065,0.12549019,0.02966496,0.07901540,0.33937500,0.31070440,0.91551941
14860,data/raw/teacher/train/images_train/14860.jpg,data/raw/external/fashion_product_images_v1/images/14860.jpg,60,80,1800,2400,900.00000000,40.76398635,1,0,0.00003337,0.00191419,0.05882353,0.00930286,0.04357511,0.19645833,0.18676250,0.95064687
14885,data/raw/teacher/train/images_train/14885.jpg,data/raw/external/fashion_product_images_v1/images/14885.jpg,60,80,1800,2400,900.00000000,28.86119530,0,0,0.00019473,0.00605118,0.12941176,0.00860159,0.05080518,0.30000000,0.28014954,0.93383179
15372,data/raw/teacher/train/images_train/15372.jpg,data/raw/external/fashion_product_images_v1/images/15372.jpg,60,80,1080,1440,324.00000000,23.33803427,0,0,0.00016418,0.00584374,0.12156862,0.00331995,0.02488926,0.47479167,0.45395383,0.95611163
15697,data/raw/teacher/train/images_train/15697.jpg,data/raw/external/fashion_product_images_v1/images/15697.jpg,60,80,1800,2400,900.00000000,35.99990969,0,0,0.00015375,0.00627713,0.13725489,0.00217846,0.02267380,0.47562500,0.41589144,0.87441038
15814,data/raw/teacher/train/images_train/15814.jpg,data/raw/external/fashion_product_images_v1/images/15814.jpg,60,80,1080,1440,324.00000000,9.22293913,0,0,0.00033433,0.01111749,0.11764705,0.00235551,0.02409397,0.77812500,0.74008230,0.95110979
15968,data/raw/teacher/train/images_train/15968.jpg,data/raw/external/fashion_product_images_v1/images/15968.jpg,60,80,1800,2400,900.00000000,197.92852924,1,0,0.00162462,0.02402216,0.27058822,0.07764997,0.19121127,0.51895833,0.42969051,0.82798653
15994,data/raw/teacher/train/images_train/15994.jpg,data/raw/external/fashion_product_images_v1/images/15994.jpg,60,80,1800,2400,900.00000000,217.83873016,0,0,0.00108461,0.01900180,0.23137257,0.03642139,0.11491907,0.49333333,0.43662245,0.88504551
16132,data/raw/teacher/train/images_train/16132.jpg,data/raw/external/fashion_product_images_v1/images/16132.jpg,60,80,1800,2400,900.00000000,220.42727787,1,1,0.00036412,0.00982052,0.16862744,0.02746513,0.07408599,0.35458333,0.27873912,0.78610328
16357,data/raw/teacher/train/images_train/16357.jpg,data/raw/external/fashion_product_images_v1/images/16357.jpg,60,80,1800,2400,900.00000000,235.16850668,0,0,0.00025639,0.00868726,0.16470590,0.01857589,0.06223511,0.49604167,0.46914028,0.94576788
16542,data/raw/teacher/train/images_train/16542.jpg,data/raw/external/fashion_product_images_v1/images/16542.jpg,60,80,1800,2400,900.00000000,238.47111417,2,0,0.00062318,0.01393931,0.18823528,0.03796716,0.10600171,0.50291667,0.45568565,0.90608580
16762,data/raw/teacher/train/images_train/16762.jpg,data/raw/external/fashion_product_images_v1/images/16762.jpg,60,80,1800,2400,900.00000000,19.02167240,0,0,0.00023720,0.00761591,0.13725489,0.06157963,0.14717595,0.33125000,0.30456667,0.91944654
17435,data/raw/teacher/train/images_train/17435.jpg,data/raw/external/fashion_product_images_v1/images/17435.jpg,60,80,1080,1440,324.00000000,81.21341899,2,0,0.00025835,0.00853247,0.10980392,0.01694486,0.07173745,0.37479167,0.34663002,0.92486052
17454,data/raw/teacher/train/images_train/17454.jpg,data/raw/external/fashion_product_images_v1/images/17454.jpg,60,80,1080,1440,324.00000000,18.77037298,2,0,0.00016382,0.00682190,0.10196078,0.00646934,0.04545643,0.50104167,0.47683771,0.95169272
17722,data/raw/teacher/train/images_train/17722.jpg,data/raw/external/fashion_product_images_v1/images/17722.jpg,60,80,1800,2400,900.00000000,267.28341014,2,0,0.00107632,0.02321538,0.19607842,0.10314757,0.19528633,0.66354167,0.62730972,0.94539613
17796,data/raw/teacher/train/images_train/17796.jpg,data/raw/external/fashion_product_images_v1/images/17796.jpg,60,80,1800,2400,900.00000000,162.25948718,2,0,0.00015344,0.00427900,0.14509805,0.06769452,0.13083385,0.18187500,0.16368032,0.89996054
17871,data/raw/teacher/train/images_train/17871.jpg,data/raw/external/fashion_product_images_v1/images/17871.jpg,60,80,1800,2400,900.00000000,14.08667327,1,0,0.00010390,0.00365190,0.12156864,0.00519540,0.03164286,0.21083333,0.19356157,0.91807861
17900,data/raw/teacher/train/images_train/17900.jpg,data/raw/external/fashion_product_images_v1/images/17900.jpg,60,80,1800,2400,900.00000000,141.29146833,1,1,0.00025305,0.00836110,0.10980393,0.03126182,0.07722598,0.39104167,0.35458148,0.90676138
17973,data/raw/teacher/train/images_train/17973.jpg,data/raw/external/fashion_product_images_v1/images/17973.jpg,60,80,1800,2400,900.00000000,16.50878510,0,0,0.00011764,0.00433996,0.14901960,0.03125143,0.07484777,0.24687500,0.23655810,0.95821003
18303,data/raw/teacher/train/images_train/18303.jpg,data/raw/external/fashion_product_images_v1/images/18303.jpg,60,80,1800,2400,900.00000000,153.50682664,0,0,0.00027954,0.00816961,0.15686277,0.05040284,0.11202257,0.42791667,0.40498773,0.94641729
18480,data/raw/teacher/train/images_train/18480.jpg,data/raw/external/fashion_product_images_v1/images/18480.jpg,60,80,1800,2400,900.00000000,5.48077355,0,0,0.00009471,0.00392316,0.09019607,0.00412912,0.02872211,0.27729167,0.26972824,0.97272393
18621,data/raw/teacher/train/images_train/18621.jpg,data/raw/external/fashion_product_images_v1/images/18621.jpg,60,80,1800,2400,900.00000000,172.09715319,0,0,0.00035804,0.00975829,0.16078430,0.02101878,0.06613211,0.47666667,0.44033958,0.92378934
18787,data/raw/teacher/train/images_train/18787.jpg,data/raw/external/fashion_product_images_v1/images/18787.jpg,60,80,1800,2400,900.00000000,14.68122467,3,0,0.00004305,0.00314160,0.06666666,0.00359634,0.02580231,0.36500000,0.35489792,0.97232306
18836,data/raw/teacher/train/images_train/18836.jpg,data/raw/external/fashion_product_images_v1/images/18836.jpg,60,80,1080,1440,324.00000000,4.83883495,0,0,0.00005928,0.00272576,0.07450981,0.02353941,0.08337960,0.17104167,0.15913709,0.93039954
18871,data/raw/teacher/train/images_train/18871.jpg,data/raw/external/fashion_product_images_v1/images/18871.jpg,60,80,1080,1440,324.00000000,12.57057410,1,0,0.00005026,0.00245226,0.10980392,0.00481232,0.02872753,0.22395833,0.21417888,0.95633362
18919,data/raw/teacher/train/images_train/18919.jpg,data/raw/external/fashion_product_images_v1/images/18919.jpg,60,80,1800,2400,900.00000000,267.56749311,1,1,0.00078037,0.01628944,0.17254901,0.02702335,0.10062104,0.49812500,0.42773403,0.85868814
18966,data/raw/teacher/train/images_train/18966.jpg,data/raw/external/fashion_product_images_v1/images/18966.jpg,60,80,1800,2400,900.00000000,161.54370797,2,0,0.00043282,0.01060304,0.20000002,0.03596943,0.09921268,0.47250000,0.43016782,0.91040809
19097,data/raw/teacher/train/images_train/19097.jpg,data/raw/external/fashion_product_images_v1/images/19097.jpg,60,80,1800,2400,900.00000000,294.99521912,0,0,0.00072195,0.01404303,0.23921567,0.07277254,0.15462144,0.42854167,0.36154190,0.84365635
19204,data/raw/teacher/train/images_train/19204.jpg,data/raw/external/fashion_product_images_v1/images/19204.jpg,60,80,1800,2400,900.00000000,260.43357143,0,0,0.00096838,0.01772940,0.22745100,0.03700000,0.12391525,0.50354167,0.43188681,0.85769825
19365,data/raw/teacher/train/images_train/19365.jpg,data/raw/external/fashion_product_images_v1/images/19365.jpg,60,80,1800,2400,900.00000000,49.00377200,0,0,0.00005405,0.00272001,0.09411765,0.00329676,0.02125970,0.31750000,0.30840556,0.97135608
19551,data/raw/teacher/train/images_train/19551.jpg,data/raw/external/fashion_product_images_v1/images/19551.jpg,60,80,1800,2400,900.00000000,170.23428571,1,0,0.00026513,0.00850694,0.14117646,0.00576597,0.03458786,0.49354167,0.46083819,0.93373716
19923,data/raw/teacher/train/images_train/19923.jpg,data/raw/external/fashion_product_images_v1/images/19923.jpg,60,80,1800,2400,900.00000000,156.65131579,1,0,0.00020199,0.00679094,0.12549019,0.02390007,0.06893159,0.39312500,0.36730301,0.93431608
20029,data/raw/teacher/train/images_train/20029.jpg,data/raw/external/fashion_product_images_v1/images/20029.jpg,60,80,1800,2400,900.00000000,13.16674423,0,0,0.00019475,0.00727986,0.13333333,0.00516880,0.03440787,0.47520833,0.44919977,0.94526913
20374,data/raw/teacher/train/images_train/20374.jpg,data/raw/external/fashion_product_images_v1/images/20374.jpg,60,80,1800,2400,900.00000000,162.88154550,0,0,0.00034774,0.00958148,0.16078430,0.02590175,0.08027504,0.43187500,0.40327824,0.93378464
20511,data/raw/teacher/train/images_train/20511.jpg,data/raw/external/fashion_product_images_v1/images/20511.jpg,60,80,1080,1440,324.00000000,27.39002766,0,0,0.00015901,0.00399880,0.12156862,0.01053295,0.04119115,0.31041667,0.29561471,0.95231585
20730,data/raw/teacher/train/images_train/20730.jpg,data/raw/external/fashion_product_images_v1/images/20730.jpg,60,80,1800,2400,900.00000000,26.70870704,0,0,0.00004831,0.00214142,0.07843137,0.00165868,0.01825310,0.18604167,0.17591898,0.94558915
20807,data/raw/teacher/train/images_train/20807.jpg,data/raw/external/fashion_product_images_v1/images/20807.jpg,60,80,1800,2400,900.00000000,12.49726208,1,0,0.00015988,0.00538099,0.10980392,0.04627043,0.11004263,0.25375000,0.23721968,0.93485587
20926,data/raw/teacher/train/images_train/20926.jpg,data/raw/external/fashion_product_images_v1/images/20926.jpg,60,80,1800,2400,900.00000000,16.01121189,0,0,0.00022375,0.00601097,0.16862744,0.10608107,0.15932426,0.26166667,0.23365046,0.89293171
21455,data/raw/teacher/train/images_train/21455.jpg,data/raw/external/fashion_product_images_v1/images/21455.jpg,60,80,1080,1440,324.00000000,69.34226804,0,0,0.00016386,0.00653754,0.10196078,0.00347137,0.02871924,0.41437500,0.39093814,0.94344047
21527,data/raw/teacher/train/images_train/21527.jpg,data/raw/external/fashion_product_images_v1/images/21527.jpg,60,80,1800,2400,900.00000000,19.25761679,2,0,0.00013259,0.00467378,0.14509803,0.00407205,0.03459584,0.25479167,0.23355509,0.91665122
21672,data/raw/teacher/train/images_train/21672.jpg,data/raw/external/fashion_product_images_v1/images/21672.jpg,60,80,1800,2400,900.00000000,16.31761404,0,0,0.00044662,0.01252585,0.13725489,0.05068320,0.12471246,0.53541667,0.50479028,0.94279896
21919,data/raw/teacher/train/images_train/21919.jpg,data/raw/external/fashion_product_images_v1/images/21919.jpg,60,80,1800,2400,900.00000000,211.62020460,0,0,0.00083528,0.01523023,0.23529413,0.04586869,0.11710388,0.42437500,0.36414468,0.85807287
22072,data/raw/teacher/train/images_train/22072.jpg,data/raw/external/fashion_product_images_v1/images/22072.jpg,60,80,1800,2400,900.00000000,151.35537190,0,0,0.00088173,0.01591893,0.21960786,0.05277447,0.12053589,0.44916667,0.34894537,0.77687281
22128,data/raw/teacher/train/images_train/22128.jpg,data/raw/external/fashion_product_images_v1/images/22128.jpg,60,80,1080,1440,324.00000000,10.42464299,0,0,0.00003024,0.00189664,0.07450980,0.00426527,0.02730067,0.20916667,0.20215471,0.96647669
22244,data/raw/teacher/train/images_train/22244.jpg,data/raw/external/fashion_product_images_v1/images/22244.jpg,60,80,1800,2400,900.00000000,30.00599409,0,0,0.00007124,0.00336723,0.08235294,0.00345092,0.03302983,0.27583333,0.27184259,0.98553206
22380,data/raw/teacher/train/images_train/22380.jpg,data/raw/external/fashion_product_images_v1/images/22380.jpg,60,80,1800,2400,900.00000000,171.95856354,0,0,0.00020340,0.00735486,0.12941177,0.01561212,0.05594171,0.43125000,0.40427153,0.93744122
22584,data/raw/teacher/train/images_train/22584.jpg,data/raw/external/fashion_product_images_v1/images/22584.jpg,60,80,1800,2400,900.00000000,16.25301205,0,0,0.00009857,0.00510398,0.07843137,0.00693236,0.03962227,0.42375000,0.40006111,0.94409702
23038,data/raw/teacher/train/images_train/23038.jpg,data/raw/external/fashion_product_images_v1/images/23038.jpg,60,80,1800,2400,900.00000000,162.26333022,0,0,0.00011419,0.00547417,0.09411764,0.00315752,0.02626825,0.39520833,0.36544259,0.92468342
23104,data/raw/teacher/train/images_train/23104.jpg,data/raw/external/fashion_product_images_v1/images/23104.jpg,60,80,1080,1440,324.00000000,9.29374342,1,0,0.00022159,0.00603203,0.12549019,0.00283653,0.02241243,0.41812500,0.40094522,0.95891233
23145,data/raw/teacher/train/images_train/23145.jpg,data/raw/external/fashion_product_images_v1/images/23145.jpg,60,80,1800,2400,900.00000000,194.06907378,1,0,0.00015385,0.00604479,0.11372549,0.00120935,0.01769621,0.45270833,0.43737523,0.96613029
23149,data/raw/teacher/train/images_train/23149.jpg,data/raw/external/fashion_product_images_v1/images/23149.jpg,60,80,1800,2400,900.00000000,180.36089109,0,0,0.00034108,0.00944170,0.12941176,0.04450550,0.09452135,0.50604167,0.47429421,0.93726316
23267,data/raw/teacher/train/images_train/23267.jpg,data/raw/external/fashion_product_images_v1/images/23267.jpg,60,80,1800,2400,900.00000000,219.28998779,0,0,0.00031184,0.01095473,0.11372548,0.00127304,0.02404354,0.58520833,0.54498264,0.93126261
23590,data/raw/teacher/train/images_train/23590.jpg,data/raw/external/fashion_product_images_v1/images/23590.jpg,60,80,1080,1440,324.00000000,15.85736189,0,0,0.00006205,0.00279437,0.14509803,0.01951061,0.08011259,0.27125000,0.26211741,0.96633147
23667,data/raw/teacher/train/images_train/23667.jpg,data/raw/external/fashion_product_images_v1/images/23667.jpg,60,80,1800,2400,900.00000000,245.02891263,3,1,0.00108147,0.01853299,0.27450982,0.09689987,0.19729690,0.47604167,0.43357106,0.91078386
23727,data/raw/teacher/train/images_train/23727.jpg,data/raw/external/fashion_product_images_v1/images/23727.jpg,60,80,1080,1440,324.00000000,9.69404517,0,0,0.00002458,0.00133878,0.05098039,0.00445287,0.03302696,0.09250000,0.08243056,0.89114114
23751,data/raw/teacher/train/images_train/23751.jpg,data/raw/external/fashion_product_images_v1/images/23751.jpg,60,80,1080,1440,324.00000000,9.89434797,0,0,0.00002792,0.00140963,0.07843137,0.00308916,0.02796926,0.09875000,0.08838092,0.89499661
24311,data/raw/teacher/train/images_train/24311.jpg,data/raw/external/fashion_product_images_v1/images/24311.jpg,60,80,1800,2400,900.00000000,171.21316456,0,0,0.00030148,0.00922149,0.14901960,0.01313146,0.05274523,0.39250000,0.34710810,0.88435185
24552,data/raw/teacher/train/images_train/24552.jpg,data/raw/external/fashion_product_images_v1/images/24552.jpg,60,80,1800,2400,900.00000000,115.28484321,0,0,0.00006055,0.00367296,0.06666666,0.01488971,0.05117922,0.34187500,0.32378449,0.94708443
24976,data/raw/teacher/train/images_train/24976.jpg,data/raw/external/fashion_product_images_v1/images/24976.jpg,60,80,1800,2400,900.00000000,171.68867925,2,0,0.00021535,0.00733507,0.10980393,0.02048784,0.06741345,0.43229167,0.40956667,0.94743133
25831,data/raw/teacher/train/images_train/25831.jpg,data/raw/external/fashion_product_images_v1/images/25831.jpg,60,80,1080,1440,324.00000000,24.93909118,0,0,0.00015626,0.00536056,0.13725489,0.00235077,0.02405567,0.34833333,0.30768068,0.88329383
25841,data/raw/teacher/train/images_train/25841.jpg,data/raw/external/fashion_product_images_v1/images/25841.jpg,60,80,1080,1440,324.00000000,21.36318634,0,0,0.00020655,0.00545375,0.13333333,0.00717635,0.03909186,0.33708333,0.31717014,0.94092501
25860,data/raw/teacher/train/images_train/25860.jpg,data/raw/external/fashion_product_images_v1/images/25860.jpg,60,80,1080,1440,324.00000000,133.83558719,0,0,0.00017001,0.00662403,0.09803921,0.03077304,0.09427498,0.39020833,0.37188465,0.95304127
26084,data/raw/teacher/train/images_train/26084.jpg,data/raw/external/fashion_product_images_v1/images/26084.jpg,60,80,1800,2400,900.00000000,233.18777849,2,0,0.00022889,0.00817759,0.11372548,0.00416594,0.02925858,0.49395833,0.46250532,0.93632457
26485,data/raw/teacher/train/images_train/26485.jpg,data/raw/external/fashion_product_images_v1/images/26485.jpg,60,80,1800,2400,900.00000000,102.36172031,0,1,0.00019210,0.00704976,0.15294117,0.00869541,0.04256727,0.46562500,0.44843218,0.96307581
26508,data/raw/teacher/train/images_train/26508.jpg,data/raw/external/fashion_product_images_v1/images/26508.jpg,60,80,1800,2400,900.00000000,174.81681818,0,0,0.00025328,0.00812430,0.09019610,0.00314360,0.02817159,0.40083333,0.34137708,0.85166840
26638,data/raw/teacher/train/images_train/26638.jpg,data/raw/external/fashion_product_images_v1/images/26638.jpg,60,80,1080,1440,324.00000000,22.82069005,1,0,0.00008730,0.00306692,0.11372548,0.01370648,0.05735230,0.23416667,0.21705247,0.92691446
26675,data/raw/teacher/train/images_train/26675.jpg,data/raw/external/fashion_product_images_v1/images/26675.jpg,60,80,1080,1440,324.00000000,14.03075776,0,0,0.00003973,0.00194036,0.07843137,0.01023832,0.05155325,0.15958333,0.14919624,0.93491119
27036,data/raw/teacher/train/images_train/27036.jpg,data/raw/external/fashion_product_images_v1/images/27036.jpg,60,80,1080,1440,324.00000000,15.85681062,1,0,0.00009905,0.00589033,0.06666666,0.00121644,0.01885404,0.67895833,0.66233603,0.97551794
27282,data/raw/teacher/train/images_train/27282.jpg,data/raw/external/fashion_product_images_v1/images/27282.jpg,60,80,1800,2400,900.00000000,263.18262806,0,0,0.00056068,0.01173535,0.20784315,0.03916856,0.10493165,0.41020833,0.37284259,0.90891033
27607,data/raw/teacher/train/images_train/27607.jpg,data/raw/external/fashion_product_images_v1/images/27607.jpg,60,80,1800,2400,900.00000000,175.11583012,0,1,0.00011854,0.00539535,0.10980392,0.00135064,0.01981560,0.40437500,0.37311921,0.92270594
27766,data/raw/teacher/train/images_train/27766.jpg,data/raw/external/fashion_product_images_v1/images/27766.jpg,60,80,1080,1440,324.00000000,11.39200680,2,0,0.00015134,0.00431539,0.10588235,0.01014363,0.04062883,0.37770833,0.36388310,0.96339707
27813,data/raw/teacher/train/images_train/27813.jpg,data/raw/external/fashion_product_images_v1/images/27813.jpg,60,80,1080,1440,324.00000000,7.71804464,0,0,0.00004975,0.00206674,0.10588235,0.01856954,0.07530573,0.15812500,0.14686857,0.92881309
28222,data/raw/teacher/train/images_train/28222.jpg,data/raw/external/fashion_product_images_v1/images/28222.jpg,60,80,1080,1440,324.00000000,24.62893050,0,0,0.00005618,0.00254704,0.07450980,0.01588105,0.08066662,0.23083333,0.22390368,0.96997983
28301,data/raw/teacher/train/images_train/28301.jpg,data/raw/external/fashion_product_images_v1/images/28301.jpg,60,80,1080,1440,324.00000000,10.58674549,1,0,0.00010020,0.00234024,0.13333333,0.02586355,0.06729888,0.08437500,0.06600887,0.78232739
28535,data/raw/teacher/train/images_train/28535.jpg,data/raw/external/fashion_product_images_v1/images/28535.jpg,60,80,1800,2400,900.00000000,173.89431968,0,1,0.00018418,0.00700061,0.10588238,0.03322894,0.09438476,0.38729167,0.35810995,0.92465184
28592,data/raw/teacher/train/images_train/28592.jpg,data/raw/external/fashion_product_images_v1/images/28592.jpg,60,80,1080,1440,324.00000000,6.58471798,0,0,0.00013080,0.00384051,0.12156862,0.03416090,0.07990802,0.29416667,0.27594972,0.93807269
28701,data/raw/teacher/train/images_train/28701.jpg,data/raw/external/fashion_product_images_v1/images/28701.jpg,60,80,1800,2400,900.00000000,136.06396017,2,0,0.00033627,0.00934596,0.16078433,0.04455087,0.11135014,0.35729167,0.30964028,0.86663168
28808,data/raw/teacher/train/images_train/28808.jpg,data/raw/external/fashion_product_images_v1/images/28808.jpg,60,80,1800,2400,900.00000000,236.16941332,1,1,0.00051823,0.01265733,0.20392156,0.06828269,0.15448165,0.48875000,0.44044931,0.90117505
28880,data/raw/teacher/train/images_train/28880.jpg,data/raw/external/fashion_product_images_v1/images/28880.jpg,60,80,1080,1440,324.00000000,44.32965686,2,0,0.00011322,0.00356892,0.10588235,0.12488043,0.16783024,0.19395833,0.17424769,0.89837689
28885,data/raw/teacher/train/images_train/28885.jpg,data/raw/external/fashion_product_images_v1/images/28885.jpg,60,80,1800,2400,900.00000000,29.55195682,0,1,0.00003785,0.00202302,0.06666666,0.00670012,0.03024599,0.18854167,0.17391968,0.92244690
29176,data/raw/teacher/train/images_train/29176.jpg,data/raw/external/fashion_product_images_v1/images/29176.jpg,60,80,1800,2400,900.00000000,213.42455947,0,0,0.00006621,0.00403008,0.07843137,0.00687108,0.04096775,0.34166667,0.32102315,0.93957995
29215,data/raw/teacher/train/images_train/29215.jpg,data/raw/external/fashion_product_images_v1/images/29215.jpg,60,80,1080,1440,324.00000000,6.34201067,2,0,0.00003835,0.00303309,0.09019607,0.00115185,0.01187959,0.37145833,0.36129180,0.97263074
29864,data/raw/teacher/train/images_train/29864.jpg,data/raw/external/fashion_product_images_v1/images/29864.jpg,60,80,1080,1440,324.00000000,9.58282975,2,0,0.00007682,0.00224833,0.09803921,0.00789507,0.03845039,0.09333333,0.07791152,0.83476631
29871,data/raw/teacher/train/images_train/29871.jpg,data/raw/external/fashion_product_images_v1/images/29871.jpg,60,80,1080,1440,324.00000000,10.82974127,0,0,0.00006631,0.00203099,0.10980392,0.00837062,0.03632908,0.10020833,0.08239133,0.82220041
29945,data/raw/teacher/train/images_train/29945.jpg,data/raw/external/fashion_product_images_v1/images/29945.jpg,60,80,1080,1440,324.00000000,14.27134378,0,0,0.00023872,0.00836812,0.10980392,0.00343053,0.03107447,0.53458333,0.51817451,0.96930540
30143,data/raw/teacher/train/images_train/30143.jpg,data/raw/external/fashion_product_images_v1/images/30143.jpg,60,80,1800,2400,900.00000000,185.83001457,1,0,0.00038343,0.01061900,0.14901961,0.04009609,0.11820236,0.44458333,0.40937639,0.92080912
30749,data/raw/teacher/train/images_train/30749.jpg,data/raw/external/fashion_product_images_v1/images/30749.jpg,60,80,1800,2400,900.00000000,206.94895065,1,0,0.00010905,0.00458474,0.11372548,0.00771391,0.03345620,0.39229167,0.37377870,0.95280817
30816,data/raw/teacher/train/images_train/30816.jpg,data/raw/external/fashion_product_images_v1/images/30816.jpg,60,80,1800,2400,900.00000000,154.98787607,0,0,0.00021670,0.00676317,0.12156862,0.01250214,0.04494454,0.38541667,0.35772338,0.92814715
31059,data/raw/teacher/train/images_train/31059.jpg,data/raw/external/fashion_product_images_v1/images/31059.jpg,60,80,1800,2400,900.00000000,21.22708203,0,1,0.00019987,0.00617883,0.14901960,0.00797616,0.04149593,0.35895833,0.33865255,0.94343135
31105,data/raw/teacher/train/images_train/31105.jpg,data/raw/external/fashion_product_images_v1/images/31105.jpg,60,80,1800,2400,900.00000000,153.55948031,0,0,0.00037470,0.00754794,0.18431371,0.01591825,0.06101952,0.32583333,0.30613032,0.93953041
31174,data/raw/teacher/train/images_train/31174.jpg,data/raw/external/fashion_product_images_v1/images/31174.jpg,60,80,1080,1440,324.00000000,19.54139664,1,0,0.00008718,0.00254640,0.09019607,0.01425625,0.05397774,0.16145833,0.14934156,0.92495420
31321,data/raw/teacher/train/images_train/31321.jpg,data/raw/external/fashion_product_images_v1/images/31321.jpg,60,80,1800,2400,900.00000000,341.27874564,2,1,0.00045266,0.01077282,0.14901963,0.02414607,0.08648897,0.38895833,0.35193194,0.90480628
31788,data/raw/teacher/train/images_train/31788.jpg,data/raw/external/fashion_product_images_v1/images/31788.jpg,60,80,1800,2400,900.00000000,154.38849868,0,0,0.00019912,0.00740688,0.10980392,0.01448606,0.05985881,0.41270833,0.38703588,0.93779517
31972,data/raw/teacher/train/images_train/31972.jpg,data/raw/external/fashion_product_images_v1/images/31972.jpg,60,80,1080,1440,324.00000000,21.38864037,0,1,0.00004571,0.00262459,0.07843137,0.00153217,0.01699027,0.37875000,0.37395512,0.98734025
32222,data/raw/teacher/train/images_train/32222.jpg,data/raw/external/fashion_product_images_v1/images/32222.jpg,60,80,1800,2400,900.00000000,196.36228697,1,0,0.00041123,0.01012529,0.16862746,0.04964839,0.12256625,0.38729167,0.36177130,0.93410555
32231,data/raw/teacher/train/images_train/32231.jpg,data/raw/external/fashion_product_images_v1/images/32231.jpg,60,80,1800,2400,900.00000000,21.30244680,0,0,0.00026562,0.00631734,0.16470587,0.00867579,0.04690691,0.37958333,0.36289213,0.95602756
32546,data/raw/teacher/train/images_train/32546.jpg,data/raw/external/fashion_product_images_v1/images/32546.jpg,60,80,1080,1440,324.00000000,11.54400217,2,0,0.00003627,0.00165824,0.08235294,0.00502632,0.03377151,0.13333333,0.12177212,0.91329090
32600,data/raw/teacher/train/images_train/32600.jpg,data/raw/external/fashion_product_images_v1/images/32600.jpg,60,80,1800,2400,900.00000000,44.12167599,1,0,0.00016440,0.00525142,0.14117648,0.00297148,0.02316847,0.43666667,0.41245648,0.94455683
32619,data/raw/teacher/train/images_train/32619.jpg,data/raw/external/fashion_product_images_v1/images/32619.jpg,60,80,1800,2400,900.00000000,249.83071672,1,0,0.00010929,0.00405018,0.09019607,0.01497569,0.04722286,0.33812500,0.32202847,0.95239474
32719,data/raw/teacher/train/images_train/32719.jpg,data/raw/external/fashion_product_images_v1/images/32719.jpg,60,80,1080,1440,324.00000000,17.56635412,0,0,0.00009218,0.00285565,0.14901961,0.00779467,0.03639323,0.20291667,0.18907665,0.93179456
32940,data/raw/teacher/train/images_train/32940.jpg,data/raw/external/fashion_product_images_v1/images/32940.jpg,60,80,1080,1440,324.00000000,66.95818131,0,0,0.00002464,0.00155644,0.08627451,0.01353301,0.05573618,0.17937500,0.17428112,0.97160207
33041,data/raw/teacher/train/images_train/33041.jpg,data/raw/external/fashion_product_images_v1/images/33041.jpg,60,80,1800,2400,900.00000000,52.73101841,1,0,0.00018702,0.00576714,0.12156862,0.00832962,0.05408944,0.38083333,0.35804282,0.94015621
33630,data/raw/teacher/train/images_train/33630.jpg,data/raw/external/fashion_product_images_v1/images/33630.jpg,60,80,1080,1440,324.00000000,26.94578412,2,0,0.00009621,0.00399944,0.08627450,0.00211385,0.02385589,0.30479167,0.28474987,0.93424428
33953,data/raw/teacher/train/images_train/33953.jpg,data/raw/external/fashion_product_images_v1/images/33953.jpg,60,80,1800,2400,900.00000000,198.84479167,3,0,0.00038724,0.01035986,0.14901963,0.05120733,0.12309635,0.46333333,0.42709491,0.92178757
34039,data/raw/teacher/train/images_train/34039.jpg,data/raw/external/fashion_product_images_v1/images/34039.jpg,60,80,1080,1440,324.00000000,16.49115532,0,0,0.00019674,0.00491696,0.12941179,0.01915797,0.08775946,0.17937500,0.16966950,0.94589266
34395,data/raw/teacher/train/images_train/34395.jpg,data/raw/external/fashion_product_images_v1/images/34395.jpg,60,80,1800,2400,900.00000000,24.77702037,0,0,0.00013237,0.00511419,0.10588235,0.00673632,0.03590080,0.44895833,0.42175463,0.93940706
35038,data/raw/teacher/train/images_train/35038.jpg,data/raw/external/fashion_product_images_v1/images/35038.jpg,60,80,1800,2400,900.00000000,30.67974198,0,0,0.00024566,0.00697444,0.13725489,0.00746049,0.04615758,0.35625000,0.33766319,0.94782651
35052,data/raw/teacher/train/images_train/35052.jpg,data/raw/external/fashion_product_images_v1/images/35052.jpg,60,80,1800,2400,900.00000000,155.63755459,1,1,0.00065416,0.01392687,0.18823528,0.05284370,0.13241644,0.43750000,0.39972662,0.91366085
35482,data/raw/teacher/train/images_train/35482.jpg,data/raw/external/fashion_product_images_v1/images/35482.jpg,60,80,1080,1440,324.00000000,9.39745781,0,0,0.00004911,0.00241970,0.09803921,0.04749221,0.09074372,0.23104167,0.22190651,0.96046099
35589,data/raw/teacher/train/images_train/35589.jpg,data/raw/external/fashion_product_images_v1/images/35589.jpg,60,80,1080,1440,324.00000000,17.19426711,0,0,0.00005228,0.00275129,0.07843137,0.08209547,0.17407578,0.24750000,0.23587191,0.95301783
36333,data/raw/teacher/train/images_train/36333.jpg,data/raw/external/fashion_product_images_v1/images/36333.jpg,60,80,1080,1440,324.00000000,12.93457242,0,0,0.00007131,0.00325393,0.10196081,0.00516785,0.02483118,0.24687500,0.23869342,0.96685941
36347,data/raw/teacher/train/images_train/36347.jpg,data/raw/external/fashion_product_images_v1/images/36347.jpg,60,80,1080,1440,324.00000000,7.01944596,0,0,0.00005942,0.00269225,0.09019607,0.01346338,0.04932885,0.09333333,0.08085777,0.86633322
36446,data/raw/teacher/train/images_train/36446.jpg,data/raw/external/fashion_product_images_v1/images/36446.jpg,60,80,1080,1440,324.00000000,12.16031285,0,0,0.00007340,0.00307330,0.10980394,0.00570974,0.03653971,0.24062500,0.22512281,0.93557533
36744,data/raw/teacher/train/images_train/36744.jpg,data/raw/external/fashion_product_images_v1/images/36744.jpg,60,80,1800,2400,900.00000000,177.46767538,1,0,0.00009209,0.00448421,0.07450980,0.00179846,0.02424396,0.28104167,0.26454931,0.94131702
36755,data/raw/teacher/train/images_train/36755.jpg,data/raw/external/fashion_product_images_v1/images/36755.jpg,60,80,1080,1440,324.00000000,97.52400478,0,0,0.00016550,0.00624234,0.11764708,0.00171527,0.02263136,0.47416667,0.45142425,0.95203709
37281,data/raw/teacher/train/images_train/37281.jpg,data/raw/external/fashion_product_images_v1/images/37281.jpg,60,80,1800,2400,900.00000000,140.58041698,0,0,0.00034701,0.00950074,0.14901961,0.06823198,0.13238965,0.43520833,0.40802384,0.93753683
37419,data/raw/teacher/train/images_train/37419.jpg,data/raw/external/fashion_product_images_v1/images/37419.jpg,60,80,1080,1440,324.00000000,18.53684169,0,0,0.00017703,0.00467825,0.21176472,0.00345203,0.02325431,0.28666667,0.25976080,0.90614233
37556,data/raw/teacher/train/images_train/37556.jpg,data/raw/external/fashion_product_images_v1/images/37556.jpg,60,80,1080,1440,324.00000000,97.75323874,0,0,0.00002843,0.00246949,0.05490196,0.00086600,0.01453131,0.36229167,0.35015818,0.96650906
37962,data/raw/teacher/train/images_train/37962.jpg,data/raw/external/fashion_product_images_v1/images/37962.jpg,60,80,1080,1440,324.00000000,18.65995748,0,0,0.00003207,0.00174760,0.09019607,0.00723167,0.03962865,0.16062500,0.15314751,0.95344750
38153,data/raw/teacher/train/images_train/38153.jpg,data/raw/external/fashion_product_images_v1/images/38153.jpg,60,80,1080,1440,324.00000000,14.35950722,0,1,0.00012471,0.00606745,0.11372548,0.01150663,0.04964767,0.48812500,0.46146476,0.94538236
38228,data/raw/teacher/train/images_train/38228.jpg,data/raw/external/fashion_product_images_v1/images/38228.jpg,60,80,1080,1440,324.00000000,3.72456474,1,0,0.00008385,0.00270278,0.14117646,0.02950430,0.08013174,0.12166667,0.10733025,0.88216641
38329,data/raw/teacher/train/images_train/38329.jpg,data/raw/external/fashion_product_images_v1/images/38329.jpg,60,80,1800,2400,900.00000000,38.75996990,2,0,0.00002508,0.00152452,0.06274509,0.00203131,0.02446736,0.16375000,0.15897731,0.97085383
38467,data/raw/teacher/train/images_train/38467.jpg,data/raw/external/fashion_product_images_v1/images/38467.jpg,60,80,1080,1440,324.00000000,19.24605973,0,0,0.00006797,0.00228886,0.09803921,0.01447877,0.06048113,0.24416667,0.23561535,0.96497756
38581,data/raw/teacher/train/images_train/38581.jpg,data/raw/external/fashion_product_images_v1/images/38581.jpg,60,80,1800,2400,900.00000000,6.16184309,4,0,0.00051300,0.01140440,0.24313727,0.03414320,0.07107077,0.40750000,0.36117106,0.88630936
38615,data/raw/teacher/train/images_train/38615.jpg,data/raw/external/fashion_product_images_v1/images/38615.jpg,60,80,1800,2400,900.00000000,155.99498650,0,0,0.00019076,0.00666424,0.13333333,0.07667518,0.13160457,0.37000000,0.34819815,0.94107608
38688,data/raw/teacher/train/images_train/38688.jpg,data/raw/external/fashion_product_images_v1/images/38688.jpg,60,80,1080,1440,324.00000000,19.30978317,0,0,0.00004776,0.00220237,0.07058823,0.01704006,0.07343494,0.20583333,0.20206919,0.98171265
38958,data/raw/teacher/train/images_train/38958.jpg,data/raw/external/fashion_product_images_v1/images/38958.jpg,60,80,1800,2400,900.00000000,166.97057331,2,0,0.00014134,0.00486430,0.14509803,0.06880902,0.13693257,0.25437500,0.23831204,0.93685322
38992,data/raw/teacher/train/images_train/38992.jpg,data/raw/external/fashion_product_images_v1/images/38992.jpg,60,80,1800,2400,900.00000000,33.91376130,1,0,0.00009731,0.00338701,0.13725489,0.00308518,0.02960133,0.25458333,0.24188681,0.95012821
39030,data/raw/teacher/train/images_train/39030.jpg,data/raw/external/fashion_product_images_v1/images/39030.jpg,60,80,1080,1440,324.00000000,48.65726228,0,0,0.00004992,0.00346329,0.07843138,0.00039784,0.01107792,0.50020833,0.49294174,0.98547287
39117,data/raw/teacher/train/images_train/39117.jpg,data/raw/external/fashion_product_images_v1/images/39117.jpg,60,80,1800,2400,900.00000000,8.34648427,2,0,0.00021034,0.00665084,0.16078430,0.01247852,0.04434359,0.41895833,0.38730463,0.92444665
39152,data/raw/teacher/train/images_train/39152.jpg,data/raw/external/fashion_product_images_v1/images/39152.jpg,60,80,1800,2400,900.00000000,209.93181818,2,0,0.00116321,0.01841108,0.25098038,0.07192960,0.16376762,0.42520833,0.37425208,0.88016169
39478,data/raw/teacher/train/images_train/39478.jpg,data/raw/external/fashion_product_images_v1/images/39478.jpg,60,80,1800,2400,900.00000000,228.41707148,1,0,0.00094999,0.01676400,0.19999999,0.04864998,0.12802894,0.42750000,0.36481481,0.85336799
39496,data/raw/teacher/train/images_train/39496.jpg,data/raw/external/fashion_product_images_v1/images/39496.jpg,60,80,1080,1440,324.00000000,109.49752003,2,1,0.00016841,0.00594044,0.12549019,0.00617162,0.02861488,0.50041667,0.48170846,0.96261474
39584,data/raw/teacher/train/images_train/39584.jpg,data/raw/external/fashion_product_images_v1/images/39584.jpg,60,80,1080,1440,324.00000000,6.35959765,0,0,0.00004966,0.00222758,0.08235294,0.01109213,0.04835771,0.13708333,0.12731674,0.92875436
39678,data/raw/teacher/train/images_train/39678.jpg,data/raw/external/fashion_product_images_v1/images/39678.jpg,60,80,1080,1440,324.00000000,21.29121675,0,0,0.00004548,0.00219790,0.09019607,0.00649032,0.03653780,0.23291667,0.22429398,0.96297953
39746,data/raw/teacher/train/images_train/39746.jpg,data/raw/external/fashion_product_images_v1/images/39746.jpg,60,80,1800,2400,900.00000000,32.38332334,0,0,0.00009801,0.00320255,0.09411764,0.01099723,0.03943621,0.25958333,0.24320440,0.93690298
40504,data/raw/teacher/train/images_train/40504.jpg,data/raw/external/fashion_product_images_v1/images/40504.jpg,60,80,1080,1440,324.00000000,12.03769621,0,0,0.00012552,0.00484803,0.09411764,0.00891990,0.04734796,0.36125000,0.34520769,0.95559222
40971,data/raw/teacher/train/images_train/40971.jpg,data/raw/external/fashion_product_images_v1/images/40971.jpg,60,80,1080,1440,324.00000000,19.69676692,0,0,0.00003813,0.00220333,0.08627450,0.00978560,0.04150774,0.21270833,0.20243891,0.95172066
41140,data/raw/teacher/train/images_train/41140.jpg,data/raw/external/fashion_product_images_v1/images/41140.jpg,60,80,1080,1440,324.00000000,63.21756699,1,0,0.00011870,0.00460389,0.11764706,0.00307294,0.02309507,0.37604167,0.35740226,0.95043261
41209,data/raw/teacher/train/images_train/41209.jpg,data/raw/external/fashion_product_images_v1/images/41209.jpg,60,80,1080,1440,324.00000000,79.15316045,0,1,0.00006451,0.00252885,0.11372548,0.00808391,0.04661394,0.20500000,0.19684092,0.96019961
41710,data/raw/teacher/train/images_train/41710.jpg,data/raw/external/fashion_product_images_v1/images/41710.jpg,60,80,1080,1440,324.00000000,9.00570447,0,0,0.00008048,0.00269353,0.11764707,0.05220427,0.13192178,0.11916667,0.11158179,0.93635069
42559,data/raw/teacher/train/images_train/42559.jpg,data/raw/external/fashion_product_images_v1/images/42559.jpg,60,80,1080,1440,324.00000000,145.93467819,1,0,0.00061940,0.01334667,0.19215685,0.06400868,0.15200579,0.40145833,0.36419174,0.90717196
42883,data/raw/teacher/train/images_train/42883.jpg,data/raw/external/fashion_product_images_v1/images/42883.jpg,60,80,1080,1440,324.00000000,90.98085321,0,0,0.00006812,0.00247938,0.10980392,0.01610441,0.06111941,0.22895833,0.21793596,0.95185859
43300,data/raw/teacher/train/images_train/43300.jpg,data/raw/external/fashion_product_images_v1/images/43300.jpg,60,80,1080,1440,324.00000000,13.90590179,0,0,0.00003938,0.00200451,0.07450980,0.02944276,0.09367500,0.15062500,0.14188014,0.94194286
43367,data/raw/teacher/train/images_train/43367.jpg,data/raw/external/fashion_product_images_v1/images/43367.jpg,60,80,1080,1440,324.00000000,10.86230932,0,0,0.00004520,0.00232747,0.07058823,0.00384576,0.03359120,0.17000000,0.16387088,0.96394638
43494,data/raw/teacher/train/images_train/43494.jpg,data/raw/external/fashion_product_images_v1/images/43494.jpg,60,80,1080,1440,324.00000000,8.88842649,0,0,0.00019562,0.00714582,0.12941176,0.01616986,0.06242022,0.44604167,0.42055363,0.94285727
44135,data/raw/teacher/train/images_train/44135.jpg,data/raw/external/fashion_product_images_v1/images/44135.jpg,60,80,1080,1440,324.00000000,11.79567212,0,0,0.00001291,0.00103305,0.05098039,0.00223248,0.02938655,0.13270833,0.12450939,0.93821831
44462,data/raw/teacher/train/images_train/44462.jpg,data/raw/external/fashion_product_images_v1/images/44462.jpg,60,80,1080,1440,324.00000000,11.28303660,1,0,0.00007030,0.00260417,0.10980392,0.01676724,0.05815908,0.16062500,0.15163837,0.94405214
44464,data/raw/teacher/train/images_train/44464.jpg,data/raw/external/fashion_product_images_v1/images/44464.jpg,60,80,1080,1440,324.00000000,6.24335091,0,0,0.00006732,0.00314479,0.10196079,0.01160856,0.04963299,0.23395833,0.21802083,0.93187890
44655,data/raw/teacher/train/images_train/44655.jpg,data/raw/external/fashion_product_images_v1/images/44655.jpg,60,80,1080,1440,324.00000000,16.75144829,1,0,0.00013148,0.00557662,0.09803921,0.00378088,0.02844669,0.38875000,0.37159336,0.95586717
44682,data/raw/teacher/train/images_train/44682.jpg,data/raw/external/fashion_product_images_v1/images/44682.jpg,60,80,1080,1440,324.00000000,14.52998144,0,0,0.00027586,0.00829408,0.16862744,0.03164241,0.09346789,0.36104167,0.33972415,0.94095553
45143,data/raw/teacher/train/images_train/45143.jpg,data/raw/external/fashion_product_images_v1/images/45143.jpg,60,80,1080,1440,324.00000000,11.09697959,2,0,0.00005289,0.00302479,0.06274509,0.00210418,0.02357760,0.29041667,0.27613747,0.95083205
45245,data/raw/teacher/train/images_train/45245.jpg,data/raw/external/fashion_product_images_v1/images/45245.jpg,60,80,1080,1440,324.00000000,59.38046647,0,0,0.00027361,0.00860492,0.11372548,0.07673687,0.16305499,0.39770833,0.37835134,0.95132866
45246,data/raw/teacher/train/images_train/45246.jpg,data/raw/external/fashion_product_images_v1/images/45246.jpg,60,80,1080,1440,324.00000000,52.24170616,0,0,0.00029437,0.00784888,0.12156862,0.06643263,0.11730782,0.34333333,0.32461355,0.94547637
45309,data/raw/teacher/train/images_train/45309.jpg,data/raw/external/fashion_product_images_v1/images/45309.jpg,60,80,1080,1440,324.00000000,18.34601254,2,0,0.00008519,0.00274682,0.11372548,0.01893182,0.07090322,0.16354167,0.14639982,0.89518361
45318,data/raw/teacher/train/images_train/45318.jpg,data/raw/external/fashion_product_images_v1/images/45318.jpg,60,80,1080,1440,324.00000000,5.59206239,0,0,0.00006888,0.00283937,0.07843137,0.02646546,0.08781340,0.15083333,0.13192901,0.87466749
45612,data/raw/teacher/train/images_train/45612.jpg,data/raw/external/fashion_product_images_v1/images/45612.jpg,60,80,1080,1440,324.00000000,9.83820678,0,0,0.00006604,0.00313840,0.11372548,0.00698031,0.03341216,0.23791667,0.22935957,0.96403321
45895,data/raw/teacher/train/images_train/45895.jpg,data/raw/external/fashion_product_images_v1/images/45895.jpg,60,80,1080,1440,324.00000000,81.13642640,1,1,0.00005731,0.00370136,0.04313727,0.00153490,0.02201702,0.37291667,0.36048161,0.96665460
45909,data/raw/teacher/train/images_train/45909.jpg,data/raw/external/fashion_product_images_v1/images/45909.jpg,60,80,1080,1440,324.00000000,12.05652222,3,0,0.00017051,0.00606905,0.14117646,0.00357293,0.03327238,0.37708333,0.34995370,0.92805402
46039,data/raw/teacher/train/images_train/46039.jpg,data/raw/external/fashion_product_images_v1/images/46039.jpg,60,80,1080,1440,324.00000000,8.99037287,2,1,0.00019072,0.00586161,0.13333333,0.01298134,0.05339818,0.14145833,0.08693737,0.61457936
46288,data/raw/teacher/train/images_train/46288.jpg,data/raw/external/fashion_product_images_v1/images/46288.jpg,60,80,1080,1440,324.00000000,73.52927640,0,0,0.00022562,0.00788016,0.12549019,0.02499533,0.07410099,0.42250000,0.39255851,0.92913258
46337,data/raw/teacher/train/images_train/46337.jpg,data/raw/external/fashion_product_images_v1/images/46337.jpg,60,80,1080,1440,324.00000000,16.68909620,0,0,0.00007288,0.00329063,0.09411766,0.03225713,0.08927409,0.23750000,0.23398663,0.98520684
46394,data/raw/teacher/train/images_train/46394.jpg,data/raw/external/fashion_product_images_v1/images/46394.jpg,60,80,1080,1440,324.00000000,60.73243584,1,0,0.00020327,0.00709476,0.14117649,0.10372177,0.17872305,0.43833333,0.42088156,0.96018607
46425,data/raw/teacher/train/images_train/46425.jpg,data/raw/external/fashion_product_images_v1/images/46425.jpg,60,80,1080,1440,324.00000000,92.71729958,0,0,0.00127847,0.02039803,0.27843139,0.09366000,0.18802786,0.53750000,0.47732317,0.88804311
46559,data/raw/teacher/train/images_train/46559.jpg,data/raw/external/fashion_product_images_v1/images/46559.jpg,60,80,1080,1440,324.00000000,130.77335848,0,0,0.00027285,0.00780867,0.10980392,0.00800419,0.04493592,0.45937500,0.42855646,0.93291201
46595,data/raw/teacher/train/images_train/46595.jpg,data/raw/external/fashion_product_images_v1/images/46595.jpg,60,80,1080,1440,324.00000000,18.35322355,0,0,0.00005330,0.00278352,0.07450983,0.00362793,0.02960452,0.18000000,0.16370242,0.90945788
46642,data/raw/teacher/train/images_train/46642.jpg,data/raw/external/fashion_product_images_v1/images/46642.jpg,60,80,1080,1440,324.00000000,14.80598706,1,0,0.00002837,0.00161005,0.08235294,0.01031117,0.05488792,0.16104167,0.15566101,0.96658841
46691,data/raw/teacher/train/images_train/46691.jpg,data/raw/external/fashion_product_images_v1/images/46691.jpg,60,80,1080,1440,324.00000000,10.96398998,0,0,0.00000557,0.00071423,0.02745098,0.00040673,0.01028390,0.12833333,0.12154450,0.94709997
46777,data/raw/teacher/train/images_train/46777.jpg,data/raw/external/fashion_product_images_v1/images/46777.jpg,60,80,1080,1440,324.00000000,65.29016592,0,0,0.00000771,0.00079625,0.03529412,0.00320805,0.02713344,0.14854167,0.14565072,0.98053781
47121,data/raw/teacher/train/images_train/47121.jpg,data/raw/external/fashion_product_images_v1/images/47121.jpg,60,80,1080,1440,324.00000000,8.18524850,0,1,0.00005080,0.00231216,0.07843137,0.02068593,0.08915123,0.14333333,0.13979360,0.97530416
47227,data/raw/teacher/train/images_train/47227.jpg,data/raw/external/fashion_product_images_v1/images/47227.jpg,60,80,1080,1440,324.00000000,15.10696517,1,0,0.00003874,0.00157686,0.09803921,0.00377432,0.02380419,0.20875000,0.20238490,0.96950851
47336,data/raw/teacher/train/images_train/47336.jpg,data/raw/external/fashion_product_images_v1/images/47336.jpg,60,80,1080,1440,324.00000000,12.80405918,0,0,0.00037375,0.00584916,0.17647058,0.01385292,0.05492398,0.18229167,0.14906636,0.81773545
47355,data/raw/teacher/train/images_train/47355.jpg,data/raw/external/fashion_product_images_v1/images/47355.jpg,60,80,1080,1440,324.00000000,10.69611805,0,0,0.00011122,0.00489302,0.12549019,0.00787194,0.03986832,0.31000000,0.29283308,0.94462283
47592,data/raw/teacher/train/images_train/47592.jpg,data/raw/external/fashion_product_images_v1/images/47592.jpg,60,80,1080,1440,324.00000000,8.58748971,0,0,0.00003638,0.00189313,0.07058823,0.00660228,0.04045043,0.12895833,0.12129437,0.94057021
48183,data/raw/teacher/train/images_train/48183.jpg,data/raw/external/fashion_product_images_v1/images/48183.jpg,60,80,1080,1440,324.00000000,13.19726939,0,0,0.00027302,0.00560502,0.22745097,0.01339141,0.05057541,0.27208333,0.25001029,0.91887395
48204,data/raw/teacher/train/images_train/48204.jpg,data/raw/external/fashion_product_images_v1/images/48204.jpg,60,80,1080,1440,324.00000000,14.98715726,0,0,0.00005114,0.00165186,0.12549019,0.00726510,0.04035022,0.09062500,0.07742605,0.85435646
48421,data/raw/teacher/train/images_train/48421.jpg,data/raw/external/fashion_product_images_v1/images/48421.jpg,60,80,1080,1440,324.00000000,9.34702449,0,0,0.00013601,0.00622064,0.10588235,0.00502314,0.02931570,0.46708333,0.44605903,0.95498811
48552,data/raw/teacher/train/images_train/48552.jpg,data/raw/external/fashion_product_images_v1/images/48552.jpg,60,80,1080,1440,324.00000000,6.44562748,0,0,0.00007632,0.00280586,0.08235294,0.03052562,0.08454574,0.17875000,0.15949267,0.89226668
48634,data/raw/teacher/train/images_train/48634.jpg,data/raw/external/fashion_product_images_v1/images/48634.jpg,60,80,1080,1440,324.00000000,10.46351025,0,0,0.00001895,0.00085529,0.09019607,0.00308305,0.02178117,0.03104167,0.01794560,0.57811335
49233,data/raw/teacher/train/images_train/49233.jpg,data/raw/external/fashion_product_images_v1/images/49233.jpg,60,80,1080,1440,324.00000000,7.14218733,0,0,0.00006996,0.00303915,0.08627452,0.02713089,0.08679854,0.16333333,0.15097608,0.92434335
49493,data/raw/teacher/train/images_train/49493.jpg,data/raw/external/fashion_product_images_v1/images/49493.jpg,60,80,1080,1440,324.00000000,23.00639721,0,0,0.00002862,0.00178207,0.05490196,0.00399130,0.02905401,0.17854167,0.16883423,0.94562931
49714,data/raw/teacher/train/images_train/49714.jpg,data/raw/external/fashion_product_images_v1/images/49714.jpg,60,80,1080,1440,324.00000000,18.57435897,0,0,0.00006292,0.00246598,0.08235294,0.00722776,0.03803072,0.09958333,0.08787037,0.88238029
49722,data/raw/teacher/train/images_train/49722.jpg,data/raw/external/fashion_product_images_v1/images/49722.jpg,60,80,1080,1440,324.00000000,17.07241870,2,0,0.00008942,0.00270597,0.09411764,0.00630828,0.04003045,0.10479167,0.09633616,0.91931129
49750,data/raw/teacher/train/images_train/49750.jpg,data/raw/external/fashion_product_images_v1/images/49750.jpg,60,80,1080,1440,324.00000000,12.56483495,2,0,0.00005696,0.00225567,0.08627450,0.01100942,0.05610862,0.09833333,0.08823881,0.89734385
50218,data/raw/teacher/train/images_train/50218.jpg,data/raw/external/fashion_product_images_v1/images/50218.jpg,60,80,1080,1440,324.00000000,19.01424345,0,0,0.00007273,0.00232428,0.11764705,0.01499159,0.05621776,0.18916667,0.17777649,0.93978762
50428,data/raw/teacher/train/images_train/50428.jpg,data/raw/external/fashion_product_images_v1/images/50428.jpg,60,80,1080,1440,324.00000000,14.64806319,0,0,0.00015094,0.00623213,0.09803922,0.01864333,0.08113607,0.36145833,0.34239069,0.94724802
50556,data/raw/teacher/train/images_train/50556.jpg,data/raw/external/fashion_product_images_v1/images/50556.jpg,60,80,1080,1440,324.00000000,60.52541568,2,0,0.00020482,0.00617532,0.14901960,0.01047775,0.04321672,0.43520833,0.41424704,0.95183619
50602,data/raw/teacher/train/images_train/50602.jpg,data/raw/external/fashion_product_images_v1/images/50602.jpg,60,80,1080,1440,324.00000000,61.88027124,0,0,0.00021578,0.00892885,0.10980392,0.00021578,0.00892885,0.79541667,0.76101530,0.95675051
50693,data/raw/teacher/train/images_train/50693.jpg,data/raw/external/fashion_product_images_v1/images/50693.jpg,60,80,1080,1440,324.00000000,9.00677227,0,0,0.00022124,0.00918639,0.09803921,0.00059904,0.01381517,0.71687500,0.67801055,0.94578629
50760,data/raw/teacher/train/images_train/50760.jpg,data/raw/external/fashion_product_images_v1/images/50760.jpg,60,80,1080,1440,324.00000000,12.15918388,1,0,0.00004856,0.00262842,0.08627450,0.00723103,0.04019321,0.21562500,0.20722287,0.96103358
51267,data/raw/teacher/train/images_train/51267.jpg,data/raw/external/fashion_product_images_v1/images/51267.jpg,60,80,1080,1440,324.00000000,14.86314901,1,0,0.00006725,0.00244268,0.10196078,0.01558434,0.06974220,0.15875000,0.14667888,0.92396147
51582,data/raw/teacher/train/images_train/51582.jpg,data/raw/external/fashion_product_images_v1/images/51582.jpg,60,80,1080,1440,324.00000000,67.00112007,1,0,0.00019553,0.00524823,0.11764705,0.00128054,0.01519161,0.28145833,0.26157986,0.92937330
51631,data/raw/teacher/train/images_train/51631.jpg,data/raw/external/fashion_product_images_v1/images/51631.jpg,60,80,1080,1440,324.00000000,16.42258045,1,0,0.00008796,0.00404061,0.12156865,0.00246010,0.02633304,0.27020833,0.25497171,0.94361156
51847,data/raw/teacher/train/images_train/51847.jpg,data/raw/external/fashion_product_images_v1/images/51847.jpg,60,80,1080,1440,324.00000000,12.95761771,1,0,0.00018348,0.00794718,0.13725492,0.01767641,0.06735154,0.64229167,0.62403678,0.97157851
51867,data/raw/teacher/train/images_train/51867.jpg,data/raw/external/fashion_product_images_v1/images/51867.jpg,60,80,1080,1440,324.00000000,8.88660261,1,1,0.00021646,0.00817536,0.18823531,0.00443996,0.03116000,0.62875000,0.60485983,0.96200370
