duplicate_group,sha256,total_count,train_count,test_count,is_cross_role,member_ids,roles
dup_00003,0002217ea65c6c2c27746a3444e91e78449cf741cf96b8ffaeef109c8e4ceaa9,2,2,0,False,"33272,39337",train
dup_00093,00971ab398cca213a695bc6c010787958771a6947c8c0ffd340711015ef45d44,3,3,0,False,"31118,34016,34017",train
dup_00147,00e05f4a91ac3afc798c7232a0ca991ab357bd518ad8ed72a488768d063e86e9,2,1,1,True,"50721,52123","prediction,train"
dup_00270,01b153a53029b298931dda0502a3bd993723a88b57567df6501e27f40e437640,3,3,0,False,"38490,41011,41012",train
dup_00445,02962fced280d19d41e556b0e7cf443083e8870886c60bf681d87fc8eed3036b,3,3,0,False,"31101,34028,34029",train
dup_00448,029949089ecc709b449e8cb1387263ccb5b9aa43a100c24397dfec805703065b,2,2,0,False,"11079,11080",train
dup_00493,02d2b58b70427b00737d86f7b933622f5d8e35ddf6cfe2bf3abe3c33b2c1a898,2,2,0,False,"9465,9466",train
dup_00548,0324b45f854977a94fe4edc1ed4c5bd1b49f6bbfc1992d6a08be39e7dc13e007,2,2,0,False,"23711,28162",train
dup_00572,03413098d0beb53b71f786c59b484a26524fdb3c7dbb79fb41378bceebf9866b,2,2,0,False,"38479,40977",train
dup_00608,03721d9860633ffe2d96493880a98d00e4dadfbb6ada688773cbf1a2cd21753d,2,2,0,False,"21388,22545",train
dup_00684,03e03c9614c74867ec1cd4bd7cea184e4f7414eddaf7bff7022f719422b75ab0,2,1,1,True,"50715,52129","prediction,train"
dup_00772,0469c976a89a622cac081c3057eafee94f9e3e556feaf93362b72d431b7fa3ac,3,3,0,False,"39005,40945,40946",train
dup_00846,04e9e56bb3c47871790f58bb3830b2d6e1f2d2f01d9a10f42e34f96960523395,2,2,0,False,"8789,9633",train
dup_00862,0507854a991e06b2afd42453de2eb2260170bde0f5d946b05ac31fdd03bc0e02,2,2,0,False,"9589,9590",train
dup_00964,057a34a769ba85c446535b894915154e0fff0802cf680d7b1367852daf0dcf61,2,2,0,False,"11165,11166",train
dup_00990,0598fd3e0a0d9cf1cdf1379150a775af2d6c73d94734dce914ffb7ee5eb015a3,2,2,0,False,"8791,9635",train
dup_01054,05ed1d4713ee97331c7839c7b2f4dcd153829c86df35223d05755e886d5a8703,2,2,0,False,"9477,9478",train
dup_01058,05f5ae339ba6d8be3d0c97be25d7b888b953cf880428c6440e16419a2f6ce1bf,3,3,0,False,"31156,34180,34181",train
dup_01208,06bae732bf252006557103c532dba2cc708ab6f0ced3a7ddf48eeb56267a7600,2,2,0,False,"41980,41981",train
dup_01231,06f04ae97551b7faeeadac402d5946218b1eeb842e4be552247d309852d36a5f,2,2,0,False,"26086,29721",train
dup_01417,081377eca18358a0a5f22f8642c1979fefe598864777580d3509af9542fca460,2,2,0,False,"41311,43588",train
dup_01656,09867f1d71184725a91bdbc01477e6655c3faab29287ac5f9155bef91089bdcd,2,2,0,False,"13222,13223",train
dup_01659,0989bd600f523739b0b4b74a3202194320d66cf10fbf74f84bfb0aff3fef41fc,2,2,0,False,"4894,4895",train
dup_01672,099a5e482c1f89d3a37fd56ce07359ea62a9a37b1f74916a2d8761abd9bb2fdc,2,2,0,False,"27217,33497",train
dup_01746,0a006075ff8e060ac320b36dc3d90a52809f56eab3727d437bd06807ce1a1d38,2,2,0,False,"11091,11092",train
dup_01946,0b4758b9cf8cd4ba75f0d28ffeae81677d0f2ac9b2c74da2b7574e9e5efe0199,2,2,0,False,"40258,43036",train
dup_01988,0ba1f977ade7e57a595c6a24525484d950c85cb3996b17fc8a1e65c7361770f2,2,2,0,False,"10641,10642",train
dup_02018,0bcf04fdea561043cff8ff73386d602b8491673166fc63803156435962d55e62,3,3,0,False,"31153,34174,34175",train
dup_02025,0bd76547ec41c48332fba94e5ade32a9bfb43d64f70e5ba73b7e54de8da0924b,2,2,0,False,"13870,13871",train
dup_02051,0bfe39e5a29dad2189361001007fe83cfd9fb39804b91c08faae03a38e2b29de,2,2,0,False,"8336,8337",train
dup_02081,0c2c90d3823bbf179437da02c01a629f7213300db23dd6f71213148a5f9419a9,2,2,0,False,"13300,13301",train
dup_02214,0cd5fe2d0d817d8232a4ae07a0adc2e230719e3730d30f04a5702ee688d11520,2,2,0,False,"31150,34168",train
dup_02240,0d000bce27e53126f2f2707dce83db98cdc03d0b69b89ea917c310486b0457b2,3,3,0,False,"46833,50194,50195",train
dup_02532,0ea7a42b45bf2afad400d5cb9c17f70648694fb635e05ce07af05e1bb9580476,2,1,1,True,"50713,52127","prediction,train"
dup_02669,0f792f518232153d777d9e4b23efb4ccb5437f7b7458f72d74d3d3b1b7a56a30,2,2,0,False,"13671,13672",train
dup_02747,0fee102becc795de3a4ce6c1a6d863261b5441efd149596fb84db3aabc717b19,3,3,0,False,"38502,41006,41007",train
dup_02761,0fff1681f7eb29bf33f4fab8b61a5e99f69bf4570a26adfc240e677cf90c6477,2,2,0,False,"18168,18169",train
dup_02778,101c50e6458d7ef48893fa3d7b464167589d23e0bdef6e9335351d582df6e268,2,2,0,False,"39107,39108",train
dup_02820,1053ed04acf770ede1be80891bf91b0ab415cb008e53f6bff38bb493230e099f,3,3,0,False,"31092,34050,34051",train
dup_02910,10d095a75d71c44e18b9fc1e97fcd86c4cbdcae0d4fa80be244d2a124592c512,3,3,0,False,"41753,43689,43690",train
dup_02930,10ed2a94df72e942a39a454615c255935f98ed7281b555da624877fb5f186bb7,2,2,0,False,"4931,4932",train
dup_02935,10ee6d9aaa238c17a8eb0d3f21bd1e83afde3f9d48f8c7081d4e83b0aeb633fc,2,2,0,False,"7158,8786",train
dup_02963,111c4410079cf598a85bae078046ca7d736dcf562a0fc930373575e8860e4053,2,2,0,False,"11161,11162",train
dup_03017,115976f96210da8786c835269c9c923505480bc431ec7bf8ff8d26cd5b4e67ba,2,2,0,False,"13335,13336",train
dup_03055,119cb81052c2c123a597dcde017fba95f6b36039910e1f5b425db9ccfbc0b17d,2,2,0,False,"40139,41986",train
dup_03081,11c1d8022ae7989d1603b55afec215e79a28041c5ef5564f515ad0bf2405d6f1,3,3,0,False,"36724,39864,39865",train
dup_03109,11ebb1bf8f75c9a4595213ac381b02727fb9967552aa60f3c2573e5c53c189cf,2,2,0,False,"13325,13326",train
dup_03148,1223c264714099540128e38587214fc88ffc4c709a3e5fb10f76cca851b91637,2,2,0,False,"26042,30207",train
dup_03283,1306b25cb1ad6cdab9fb5f4d2dee2cc8f8796d8b098a981212f7d3f644a388fd,2,2,0,False,"10188,10189",train
dup_03330,1351a41ef330327251f06a80c83eab7fe46a62871528f062a4df7706eee3212a,2,2,0,False,"29642,31644",train
dup_03511,1469f29721659fff4624704c271b1bf88f7e4de11ada94113c6b9cddfd46be2f,2,2,0,False,"36762,36771",train
dup_03652,152a20bb06fd1e6bc7e1cbaacebe50de7d9acb31cfc8d384cc86fee513a09358,2,2,0,False,"36216,39831",train
dup_03731,15b209e1671ab2c26f78c742b06faefa709a916a5d9ac925406ec6c55324413f,2,2,0,False,"17798,17799",train
dup_03791,1615e4e5419dc1132a82cd48870849a61935e84f244dda5e0bf37545a2323714,2,2,0,False,"31166,34147",train
dup_03873,169134300cd3c2ce16a27f3e0a91f389fe40037d5a4e4b9ebe648c81bb141505,2,2,0,False,"9463,9464",train
dup_03904,16b8281310d70652ae1ca2b856fb46ad618602e23d567bcb26d895d6ccc3b24c,3,3,0,False,"40160,41961,41962",train
dup_03969,171465fa6440e2dec20daa8ca6d6a7db1f66a0d98dd3db8d4f3244c03f36ba56,2,2,0,False,"34710,38922",train
dup_04063,17a4af8d2eafea0d84e9b8192bb3b4da4cbb66c897b6894caf7d0192af718c6e,2,2,0,False,"31175,34166",train
dup_04209,18795eaa45e6677bca0f095260511c705b932f5a4f06e89d260cd4b0af7091e9,2,2,0,False,"26122,31141",train
dup_04373,19582a67e6dcad2db4d68a909f052793c598d94f2fe37912e74c1811b0988a5f,3,3,0,False,"36720,39838,39839",train
dup_04416,19938059c69755b15ea0fd793b71ae2e03f6bc9982fb33aa8852ef444b5deb31,2,2,0,False,"4910,4911",train
dup_04505,1a27ca26ea11c3ab321cb890f2cf923aea13194f714e19345aedacf5a4143c34,2,2,0,False,"4902,4903",train
dup_04506,1a2c0e10e10f17c3b237956f4db4160ddc9aec4a0a9090e353f098ba2cfab3fa,2,2,0,False,"20526,20536",train
dup_04547,1a6cf9737a77201333c3f20381b74bba19d441a1c29ffc66bcd17261c79b41b7,2,2,0,False,"13860,13861",train
dup_04570,1a939234d930b4b8a2e6c5af1272abb707f8002905352137f7e3a2791391dd5b,2,2,0,False,"29609,31612",train
dup_04652,1af481ea1891f629baebf8de53df72958be07d1483a648b613946c8a83a86d40,3,3,0,False,"31151,34170,34171",train
dup_04664,1b06fa8d40a5f0d27a6f747f4a9894b742e8495ca237f38472612cebde725fd8,3,3,0,False,"31109,34020,34021",train
dup_04679,1b1a864dd1a0e53fc25fc5049271b499726ece8a35caad2d6b89f81ea0de8dcc,2,2,0,False,"4870,4871",train
dup_04747,1b727fc7c1405c9f35a6429dd92ea6d37b45f59166cdd9807a58bd65739e89d3,2,2,0,False,"34098,35438",train
dup_04807,1bb59d6fcb6585c0a0fedb8dde9ef7972ed718941dbf09bdda837728c225c0ad,2,2,0,False,"13864,13865",train
dup_04922,1c6b250cc47ba1797697f6335f035ad37306795819ab22bb4cbda02052532e20,2,2,0,False,"8942,9660",train
dup_04990,1cd1e4e727ffa002830b6561eaf5cd87d570b286765940538c7bd02c024339bd,2,2,0,False,"9473,9474",train
dup_05032,1d13e70ab463db198688d7d4d0cc9fbc15f0b892f8e75497c87266c4d6b16a18,2,2,0,False,"8418,8419",train
dup_05044,1d2da9904d35c7b48db04484765f3532ca107ade411552cd1da8d29cd3e1c320,2,2,0,False,"8896,9653",train
dup_05057,1d409d21215cc3d0ae48f2b41596e54edf04a18bbf62cfb98b60a0cb52d631e7,2,2,0,False,"8779,9649",train
dup_05240,1e5039bdf001e5759933fe2ce6e325bddc219e8c44f960d6996531cf31a190a1,2,2,0,False,"43575,43576",train
dup_05244,1e56ae624cbe6da460f26cce8b292a8387b9279e8b0b047b0c7402124bded585,2,2,0,False,"29667,31657",train
dup_05308,1eb2033a8be588402fd207a56f39fce296b27d589a9577c750e5d1c0c6631835,2,2,0,False,"11108,11109",train
dup_05322,1ed371191e7682a8dae713bb2528652f01a3cd1822b25f01f2216b376147edae,2,2,0,False,"11145,11146",train
dup_05357,1ef7627bf19c3ed594a0d65aadb1ec7a37d0a40330ce17e5be116dc194dcf96e,2,2,0,False,"26050,30215",train
dup_05450,1f76336329910465dda8881d5871ba9c1c74b0114242b3feeef013c5ea29bdad,2,2,0,False,"12208,12209",train
dup_05488,1fa20bae0b86d66e79be3f529ff73372fac7cdda0cb2946537de8e746c8a5dfc,2,2,0,False,"38491,40982",train
dup_05493,1fae184e596f4f71b524b9b5b4cd8a8c5dcd9355172cb3b1337ad4ef784c60a6,2,2,0,False,"4886,4887",train
dup_05535,1fe27c65ba4f5395723f077ee0dd2ca4e182fb6f54fa726f6afa1572d4601cac,2,2,0,False,"38991,40948",train
dup_05577,2018fc28d9360cfdc7be8ab2109a210c9f348e2b4f7b705ab7bc3a2ee34e838e,2,2,0,False,"13269,13270",train
dup_05827,2189c462667ea39b64106920446b249b3d4db9348133ca1345a5a9934ce62a85,3,3,0,False,"41301,43592,43593",train
dup_05911,21fe89ef7fe4eb732e717b653369388b34937160dff1968bf0eca943b5a72b61,2,2,0,False,"11147,11148",train
dup_05963,225539786249a5c7c96418a56f5ceefd19087f444206381388c0870aba05aff3,2,2,0,False,"9481,9482",train
dup_05984,227277f36997fb530159eb97b3586194caafabae0b5c5cf7fe00f58334e6356b,2,2,0,False,"23715,23717",train
dup_06046,22c8a21f2c3b2d5f6df6c10f567c54a3b72f4fae6e29a8a7663c0dd2b4b788dd,3,3,0,False,"31094,34042,34043",train
dup_06199,23ad92cbe028a81efc873d940a7e1d6159785fc19aecf7e0c9d1cc9292e8d8de,2,2,0,False,"26123,31133",train
dup_06242,23d9c89afc5351659edd90338d1467293aeb3070967b828cb5b67ad6e7b9dd87,2,2,0,False,"8728,9620",train
dup_06297,243621607720b19f44642218ab890340b866d40d4a1c6e48621ae9bd20c5fde8,2,2,0,False,"29632,31635",train
dup_06318,2451d4d007ec82df703de6b312af758293bf34b38c90e30b2ff56f21023f1519,3,3,0,False,"31123,34013,34014",train
dup_06339,2471f688a71cd07012e9a0de53ad291439ec0b9c5432785f022a926c050af7ed,2,2,0,False,"13294,13295",train
dup_06351,2488e3df7ac40c449d79ec8ffc187495ba52172ab9d0f456c9f6eff8dbb0030c,2,2,0,False,"9806,9807",train
dup_06448,251b92c949e5fe4c31dce8f13990494e6c2f7731282f069dbdd92c3687bbef9c,2,2,0,False,"12170,12471",train
dup_06451,251dfd887df0152aebd5a2bb6e6dbfaee9640a32b60c1d62b0c34bb57b855cfb,2,2,0,False,"31716,35328",train
dup_06456,25210a84b9821150ffb4d92a07b04349ba7340a1919021891fedf3cf60ff3749,2,2,0,False,"8900,9666",train
dup_06613,261319287d2317ca9381d30499f1cbb0ff2a662fd0f159c7717fbf21a3b35589,2,2,0,False,"34276,34278",train
dup_06615,2616d162338bee32e1fe3b8b7322b3e787ee54130715b85bf9f153a6c3426acd,2,2,0,False,"34106,35442",train
dup_06619,261a589e0ad8167a6953a5a7849a4657a3523a982304ea21c989b107aa347f02,2,2,0,False,"11346,11347",train
dup_06635,2636ec6145c9d5bee74b97e4cdb871a3c0bc538ffe41639478725874776e4b5f,2,2,0,False,"13026,22277",train
dup_06682,26897c9c6e5cf16850f4e48be27b1046ebc5f9acb9a415bd95c0d5eab63c98ba,2,2,0,False,"4872,4873",train
dup_06823,275e1ca2816168bb2ed422965bc4156123579ba442f4b05c7dbae30ce9fc8fe9,2,2,0,False,"11081,11082",train
dup_06824,275f6bdee6aeb09332fae73492447885cdfe64947311e97db2440b70a65b02d8,2,2,0,False,"9519,9520",train
dup_06936,27f898c60363cf579c1ce7c6cee75e5b7299b6292565db140b21b33c5a459593,3,3,0,False,"36213,39845,39846",train
dup_06947,2802f45332c58aed294dbfa0c87db140afacef7ef0c8c1ef5c16045efcd31a58,3,3,0,False,"31148,34188,34189",train
dup_06962,28111ed5f391ffc68a54bd98969e786cd3996dedb1009234237f0f064ba35571,3,3,0,False,"33144,38940,38941",train
dup_06989,2839d507a8725430328b2fe143ffe4d8c62cc829f908b02867a16ad6953394dd,2,2,0,False,"8414,8415",train
dup_07024,287a9baf9820a0f94886d4c364f35d9eae76836033187c0dd0063b0afd1e0555,2,2,0,False,"13878,13879",train
dup_07165,294dacb63b6fbe04442637d50ed4e91997713714c7eb5f9cd138a6a0e4d6fab3,2,2,0,False,"11087,11088",train
dup_07233,29b6d48fdf58b0b5917cc3c6338baa6fe4a72c560d1a309bd288049bb800c823,2,2,0,False,"13306,13307",train
dup_07272,29eea2c408936ea57cd0383e4185c2eb10f22e3f0995c495d1198b3f80453f2f,2,2,0,False,"4933,4934",train
dup_07426,2adc68f8072a9b3dfd8daf3e522445204c1f680f48deeeddc3f6949e196d2231,2,2,0,False,"26090,31132",train
dup_07484,2b38ee93dfd5b3d4b4e4d06ada4895c249cbf87eace4560f2bb4d9b17e3b3c99,3,3,0,False,"34112,35450,35451",train
dup_07513,2b66ed688e8dc06bc36bf30dd81f2e289f8782483d99203f8947beb40d8efd74,3,3,0,False,"33139,38960,38961",train
dup_07574,2bb9623d88acf762bd4bbc395a5f6bb9bc83212b1a14e6af0ba12f0715da738e,3,3,0,False,"33146,38936,38937",train
dup_07610,2bea93f45f449897ee8723f7074f8339c9e3da53fc3e52ad8761f370f54a2075,2,2,0,False,"33271,39314",train
dup_07630,2c127fbd3c78821270df4e23472449905de032b2511f1cfd86a2ad572812d8e4,2,2,0,False,"8735,9639",train
dup_07852,2d5faef58dea36c4a0ce6a1086519012e55b95b98ba4674231f00add645f16bc,2,2,0,False,"13851,13852",train
dup_07861,2d6fd310f85f8ceb0e835ef971bacc7e5c5675e2c181c0a54ad61cbf7d5a7bed,2,2,0,False,"8323,8324",train
dup_07905,2db08f0b2c0bc225ebc00011e094a8cdb6a7a94b72d1009a87d0dec953d0a621,2,2,0,False,"34117,35436",train
dup_08011,2e6d9c0c0c0defe5c564514a3c78c030dbcee0e183deed0c71617451ea0ce5e8,3,3,0,False,"40151,41967,41968",train
dup_08020,2e7af06138efa4c25648e3133420dd6e22bdd6fc1ed57099644da697e5e4cc4a,2,2,0,False,"11045,11046",train
dup_08114,2f3b6d715859d9590acc102f1845854196e6a1e5acb311723e2052fa56fe3de0,2,2,0,False,"8738,9643",train
dup_08134,2f51b7e71b9f412f3a3d6637123284b2651d0206040858ea2f9aca7e34085b10,2,2,0,False,"4943,4944",train
dup_08211,2fdb61d1ebe3bae824119fa72e53db30ae0e3159cd3e2739dfff4e69c69b5aa0,2,2,0,False,"8332,8333",train
dup_08232,2ff6ddff0dbcc47bfadf55bc16ee2768cc889fb0365767e8e49ba52e50ee844c,2,2,0,False,"13220,13221",train
dup_08241,300792fa7a311589a7db074282d0e9de872872e38e2c658dbcd5019abff245dd,2,2,0,False,"8743,9651",train
dup_08296,3074c3053da036b03a6da521321a1441f0e961ddc8a1de616a6068f1e1900383,3,3,0,False,"33143,38952,38953",train
dup_08313,308e5cfe47b6581f97491e43711271176e96c81de8523267505b2b39781e7910,2,2,0,False,"13337,13338",train
dup_08334,30abb28865f16c59399a1368870e9924e0daccf37cc56bb2f328a5c9892712ea,2,2,0,False,"34232,34238",train
dup_08400,30fe1685b1d876cbbb65d446235e8b75f44271e115ecb1fae3d82d1dc3d24764,2,2,0,False,"38480,40978",train
dup_08406,3109d1c520f5c8a72c11f009d3c703bab8e2d427d8f472444d725fae72a69004,2,2,0,False,"31144,34187",train
dup_08430,3128c1c4ba3a32b2b2058e502412c6d3a25cd6c30e973c1873a9a1d870b74178,2,2,0,False,"4892,4893",train
dup_08471,316a1c7426debb0a05fdabc202d4d90e11465711e13b49707702ad74e7f147fb,2,2,0,False,"18580,18592",train
dup_08571,31fa6d8f7d573d359bd752f5c418dd43ee58051e950f4c3985bfe4b622dc35ba,2,2,0,False,"21838,23129",train
dup_08674,328e61a9c68a8386da15e4aa99e82a3eb00599ae4d140661081164b807f8b9a8,2,2,0,False,"43119,43120",train
dup_08843,33655ddf1e36572e9625567c356017f49f3a04ba105af748a10d6826993a3726,2,2,0,False,"31127,34065",train
dup_08871,338c2342bc241f588cf892f9f62b9a641fa93a68d3c84326ab1becc09063565a,3,3,0,False,"39002,40950,40951",train
dup_08878,33978ca8025ca9dcf2297b5b63ee7e04beb420f5c62ca6eb9745e907d8549bc1,3,3,0,False,"41304,43581,43582",train
dup_08924,33d09e6162932751e00e3da1bc4abbbb940b832a603ed3f3679d662b03fdbeee,2,2,0,False,"27226,33504",train
dup_09039,34688a5b8644e51b71ea5cd727823402ea2b65430f97b097dda698ae3a16f6ae,2,2,0,False,"7171,8798",train
dup_09105,34bf66447d465e999d750d00d7de455b07692a7b6406f8547977bf11b151e2c3,2,2,0,False,"10184,10185",train
dup_09160,3506d1797958fdd0a9c52f065e49e44024ff9480ea55ba57c552d6a83b273ff9,3,3,0,False,"34107,35444,35445",train
dup_09294,35d22f99540a1c6f57651dda2089dee81f3390ed0203c8d0a3bd01b66a8dc917,3,3,0,False,"41754,43685,43686",train
dup_09303,35deae64113860bbd450fdd1adcda776b06f6548782200e1ebaa8354a575c5ba,2,2,0,False,"4923,4924",train
dup_09305,35e2945de100e656d693606fc4c2ebdf211124b9ff3f8ee45930c8f7006e5da0,3,3,0,False,"31120,34007,34008",train
dup_09358,363cbd78842d8cea7431b8d0aa1379de5be748dc5383e3e828ec5bbcc8b59a02,2,2,0,False,"11118,11119",train
dup_09395,36632edd0c1cdc3ae7c842697cc91a2bebee0f17b07330e1e323914c6d4ea1af,2,2,0,False,"7173,8796",train
dup_09399,366bfefd731780fd91557ed8c91777eeb969f2100a31d2d0e069691d3f44ada1,2,2,0,False,"31174,34164",train
dup_09410,36749e687375c0dd3489e2e1fe7269345b13f428ac974b9615458407fbf6005b,3,3,0,False,"31108,34024,34025",train
dup_09668,37f80043e61340264b5e4bf20580e60b72c3a5ec4e8f77ffa7192ff63021b0e5,2,2,0,False,"26048,30213",train
dup_09690,38100e78989f1d2af2428eaa905b1d7649772102514885e2f080d4a38700503b,2,2,0,False,"31168,34167",train
dup_09717,38378388bfeb0b907c36bf68707918ca8b04c7b678e1218ce378fb9a6b732d54,3,3,0,False,"31100,34034,34035",train
dup_09719,383c6d76373d0f785c8ebb1fc7c447b2919fb83215bfee3995fef3d0450ac01a,2,2,0,False,"40126,41994",train
dup_09723,3841a61119aca0d33591d8a2f18438a1d4bde0359d559f5a4b0535b750af6593,3,3,0,False,"33141,38954,38955",train
dup_09827,38e06e2b4b1e0ba20438e90ccfc7e3b8f25c4bd30359efe0be2815d8cfa259e4,2,2,0,False,"8725,9616",train
dup_09861,391570cb98caa3386bdc9f7b4131ec64911be8f9b415582a2647b53b00500493,3,3,0,False,"31114,34056,34057",train
dup_09863,391612822cdf94e9eca642957426b0f1142616632f46b57e0e1efc55b45ff9fd,3,3,0,False,"33151,38948,38949",train
dup_09976,39d8837431f419848c7b9de41bc1c6efc18586d55cb3866ad4c179c4ae48b8c8,2,2,0,False,"9808,9809",train
dup_10002,3a0d35e4f15c245b2db183bcb37d01de777670b48365bcc0a7da3d9ddcf5241e,2,2,0,False,"8773,9606",train
dup_10203,3b30a51998c37682e8fcd13310d1409b846b9dfa90092aa4f1c73de70355bda1,2,2,0,False,"24594,24597",train
dup_10306,3bc52e82d0c1b983f3e1e6fdc40803e06b26460608182c85e74dfacd47196a9f,2,2,0,False,"34040,34041",train
dup_10317,3bcf3e3926ce4dd774ab78094a7d1ce1742f619997674daa693b55f40b0676b1,2,2,0,False,"13232,13233",train
dup_10342,3be9750c08f5a2f00ac29f55d33e4ec1e8691ece65ff7ee96101887e6cfcb3a5,2,2,0,False,"21848,23131",train
dup_10395,3c4624185398558734111b1bddbbbce6a6b7b05c337a45d00408628c8d715642,2,2,0,False,"28404,28405",train
dup_10400,3c49e9fc60d061c2da2687b90b199853a07a435800afc83b30483ef1488764bf,2,2,0,False,"36212,39746",train
dup_10538,3cfdc50892682ad7c848817c15188b021ff30d7314548d7d953fa09bae5c2281,2,2,0,False,"31159,34185",train
dup_10624,3d760e5ada4a0f3c55a921ef9cd58a9991fb8dc9bc451a5dd352fa879f0b8d26,2,2,0,False,"27548,43032",train
dup_10740,3e164620bbddd89190c67a7400b0886529d1ae7a7680794d15026a57e33e1388,2,2,0,False,"11063,11064",train
dup_10816,3e8fd7c9a3996254770c5ef41f356b5af7c206dcd42c8c4fc0b54954a07a8e60,2,2,0,False,"9455,9456",train
dup_10820,3e95c1e7f5a445868aaabd46ba5cf3949aa41fdcd83bf2c1b14af7fe046df222,3,3,0,False,"31106,34026,34027",train
dup_10824,3e9b4051deaa7719705a683d44c4bda8731f8eff4ceae42201cbd1b83e54df0a,2,2,0,False,"11143,11144",train
dup_10914,3f24b6207d8238c42d58a5e3356450a1b5dcaa7e029eb8523cec12252e37c53b,2,2,0,False,"11051,11052",train
dup_10917,3f27f13c623696ff6279c76a7275def5458639442f5341fd312dfd76c51ed8a9,3,3,0,False,"38504,41004,41005",train
dup_11003,3fb8ce3f74b29cada88d5aea8de09c678ef239445d1d796f63b03f365d6f1b80,3,3,0,False,"27212,33490,33491",train
dup_11047,400112906ae81b3c5f94a60945407e7cda1fa50e8c4bcb55a1be670257eaaaa6,2,2,0,False,"18172,18173",train
dup_11132,4083266c69e21fc78453227687b1b8ee7da504754519962a642a0e645d6ad98b,2,2,0,False,"40127,41996",train
dup_11332,41ae76de65ba8737a9a53343cd9c562ebff27507df35cdbf48c0524736ee1a55,2,2,0,False,"24739,24740",train
dup_11333,41aede7ed868071bd9789127f3dc0e62cc86d87ff79b51617dac9bf4eaa2ddd4,2,2,0,False,"28345,28347",train
dup_11533,42aeae96e02e85e948396679d60aacc7d5d5a2704ba573cc1c26ad481191e733,2,2,0,False,"11047,11048",train
dup_11581,4303ef9ecdf8f74a096c053647b184bae0ac0859e8b05f800a220a5a14d1624e,2,2,0,False,"27560,43033",train
dup_11697,43af08293fb07a35ab4dee63d6f734c3cde515cd247f2445e1720b86b9a05198,2,2,0,False,"41009,41010",train
dup_11719,43cc9eebe2df9074475f8b3c92a9e8e5197bb36149101b7c1f385e73ebafd2c5,2,2,0,False,"33273,39327",train
dup_11740,43ead8f1065e65cc4c9ddcd8c64c58bd43d7181cf0c560986fd4851c7c5e873b,2,2,0,False,"11055,11056",train
dup_11762,44095e329ff3dd8a86ca5ade755133ccd51a660837d5a7f24daba7bfc1a12b8e,2,2,0,False,"9424,9425",train
dup_11816,4455f28fe0bbe4c5af5cb28d82759862a1243bedaf5b11008d99b5eed82a4b79,2,2,0,False,"13856,13857",train
dup_12019,4591d54d6b8cc13ba9390f6b9783f1905719ca097e1620e984549ad021ad3a6d,2,2,0,False,"9569,9570",train
dup_12050,45c98b4d178f5df579a772b58b4b6d2883c3aa9bc30b691dad86b890dddb66fc,2,2,0,False,"34148,34149",train
dup_12135,46337c063d29af75ab94b30ec0793cc16d81bb821105f50a95d5f610f6cdbb8a,2,2,0,False,"41236,47151",train
dup_12266,46f3e3ade6ac9012598aa56430da4ce1da8535f72de821c0ada9c4c6c99c22d0,2,2,0,False,"31149,34191",train
dup_12372,478c2a6460b47b45b9beffc031e90372718f60b48d2909271bf97f835bc09c40,2,2,0,False,"34114,35433",train
dup_12611,491ce4441dcbb7f8248364f035e7cfb1b7b91fcff8e742fa7336ae3f0efcfdac,2,2,0,False,"21843,23130",train
dup_12616,492221fb6ff9b10f69dee89aeaad0fee8912cc2bc5b18e6c5afe9eecf0620c52,2,2,0,False,"29633,31636",train
dup_12624,49276718db6aebb21749f842d0e1b764a21e025fcec3774f03fee6954be530bb,3,3,0,False,"38496,40983,40984",train
dup_12794,4a1fdc685317766f7621a880ea6f7ba3958b54013b710f86df526e03cd446d26,2,2,0,False,"39872,41689",train
dup_12985,4b32af1d791b80a645fb1f0567d0a419ebc44ed70b074f8e8872a3df160cdde0,2,2,0,False,"33257,39325",train
dup_12990,4b359430c86f290a969030bb29cfe261a2578b80f7d34cc163951e72da04f6ec,2,2,0,False,"10186,10187",train
dup_13000,4b5025bb168bc2e61e9a9623054443032aa7c4a66d09b631cdc51d501d03982d,3,3,0,False,"31160,34158,34159",train
dup_13006,4b557edbf75f9cfddbdb0746213b06268e604919987d77964eee2e1c44c2825e,2,2,0,False,"11043,11044",train
dup_13036,4b9484435f8d30a8422537f05a9be4861b32d8161947dfb2cbba231c2cf0d1e8,2,2,0,False,"39001,40947",train
dup_13147,4c304de38fb7c1cc5eebc64554b4127ae31c344fea64fa4c8298da5b9d3eb8fd,3,3,0,False,"33138,38942,38943",train
dup_13161,4c49ba13f81724a151f3d1b4ca4e72d4387826a17ccfd6da054605efd5260fb7,2,2,0,False,"28418,28421",train
dup_13240,4cac6365a5ecf7f6decc6f60d68dc3efb5a78fe0a385e846c069ba37f9c8d082,2,2,0,False,"8748,9627",train
dup_13304,4cfb8fc83f393055d98d66ea8868e585fe5ba643211c2bbf12b05d65bb52db1d,3,3,0,False,"40150,41957,41958",train
dup_13544,4e74205b70417db9ed851a7203e4343fd9194f8c4ed9ed79c6c969e76df68600,3,3,0,False,"33140,38958,38959",train
dup_13551,4e7bf6a59528a9de30fee5e48dc4548899383d792465f8f90dbf5aeefc6e0913,3,3,0,False,"40134,41990,41991",train
dup_13597,4ec5b173ccc7c90751fb0ce52a84d9e815991c0b9a01df272510d9bcea4bd43c,4,4,0,False,"39011,40930,40931,40932",train
dup_13639,4f02f0af421fe3b8ff2729da02920965824d9508a6545f69a1bb2f732e388e25,3,3,0,False,"28167,28186,28188",train
dup_13725,4f7b5d9543776c0e5aa7ad52df100f69e7b5f8944550e1b363226fd6daace612,3,3,0,False,"33145,38938,38939",train
dup_13734,4f8af0ab1fcc53817a9ada4164444a2372675a302e9d24ce956335a3790ef4ab,3,3,0,False,"33268,39328,39329",train
dup_13745,4f9b0f738606271027852bc980b04f16f58917bc7dd792f0808e368726f54796,3,3,0,False,"31119,34005,34006",train
dup_13814,5004b7f72accd593f609fd014cb76ed4878f3dda17f0077a29ef3f7b93906003,2,2,0,False,"9426,9427",train
dup_13872,50571d2b26d98b5f41e2175ce16c24f4e7471bed5f6233a95073e70b4c2cb9aa,2,2,0,False,"9422,9423",train
dup_13904,508596764a31c05aed362299791ff2c61a4e011d9b24b4b07312e230c3d375be,2,2,0,False,"11114,11115",train
dup_13920,50a0aa2b891fdbfe82b6c9f9856da51a23f080cd7f47213b3e1ba6675a2332a1,2,2,0,False,"13866,13867",train
dup_13924,50a8e1db38594354252ef7b9266b7c152adfc6fc04a14462399b4d9f157cab6b,2,2,0,False,"28350,28351",train
dup_13933,50b4b3dbd6cc1a59723134b853d760f01449615a30b95945015b3ace5af389b5,3,3,0,False,"27213,33492,33493",train
dup_13949,50cede7710bd642c47c3c26443c86c40a0437cf72dbc9ec6c45bdafa421c812f,2,2,0,False,"40985,40986",train
dup_14262,52b6a855e5c5e3e40811dd11dd76ec79f64519d04d23be2c9a7173fe1c2633aa,2,2,0,False,"11100,11101",train
dup_14313,52f913d5f795288d3a4c906f8a1f09a82fb6c5610c26389b6d7748cd60a9955a,2,2,0,False,"8783,9667",train
dup_14420,53b85903112e40c3dfe085fbf2c52059c8d9759cb56b773dbbdc089006651f5e,2,2,0,False,"41757,43691",train
dup_14513,543d6f1ba32b8fbf89dcf36ca4f01e3e925233766f2b5e86248f5516b69c9c48,2,2,0,False,"8720,9608",train
dup_14579,5497ac8056ee32baa6be3b9051bd27d9aed1e32a2b80aad9e8c6a1a99995837c,2,2,0,False,"9479,9480",train
dup_14639,54e96959ffadf51db5bd18511aa9d300665ef3d937a3ffb7d13777444a793647,2,2,0,False,"8273,8325",train
dup_14640,54e9bfcfcd2c1a0d5753cf2ffedcc7df2b78cf8d7125d91c93e22dec9d27475d,2,2,0,False,"7177,8810",train
dup_14685,5530bc09ba021f4ca79011cab2cdbed004b1eb1e5d9e1665bb293ba5db2053ed,2,2,0,False,"5356,5357",train
dup_14719,55648611b13681006c643ea3587391451ae28c2f267b3954f0802c067672c374,2,2,0,False,"9878,9879",train
dup_14774,55b8e6b33bb1041f7b9031944104d24f073cf1068dffe5e801b3abf53cf52f16,2,2,0,False,"14985,15040",train
dup_14853,56346655189677b72997a7c302e4b35e242f3758f98ef3c1fe119337460a148b,2,2,0,False,"8721,9609",train
dup_14955,56b87dffdf5dc63c394cc14a2a2dd6c32d022d4da22ac04a5c47dbb14b84732d,2,2,0,False,"9502,9503",train
dup_14999,56f7e3f959b0d1075b163535e96a35e299edc99b77f3357e14c6d56f8e772f0d,2,2,0,False,"8194,8197",train
dup_15135,57b6ff6d886c5fb342f11602dd4c29b1a3b1fcdf230fa38e6765e0c0d87ac9de,2,2,0,False,"4949,4950",train
dup_15197,58212231479b02e1ba22d78801ce8e8b09c480364cc829dc94aca07c8af38bef,2,2,0,False,"39758,39759",train
dup_15324,58d84c79d72fc1431aa8aa252729dc5ef9eab6f8933d209db75be13005c761c6,3,3,0,False,"36726,39862,39863",train
dup_15393,594a564155aaf4e42ede4e409cb52698402078f8c0ffd6ce9c031c8781f15920,2,2,0,False,"26063,29705",train
dup_15396,594bab891a8539c2ac1ca5b8c4a3c6ad19b84a322c6ccb3181bf62f2bcc3bb96,2,2,0,False,"26047,30212",train
dup_15425,5979f94fd1379b51a9f56831c5c3bbff86f46c9847b5271b5f8b1090ad5f1efe,3,3,0,False,"31103,34018,34019",train
dup_15510,59f16ca631ba3169b49a46f6a375ba84705b64a2b9a481f06b87552661233faf,2,2,0,False,"13333,13334",train
dup_15517,5a00f61f2ee414b6f32363879252635ebae49d391ac5750290b5d1e3bcb27ec7,2,2,0,False,"29636,31639",train
dup_15620,5a9e6fd93b220471c1f9001f68be9ea4ab64341aa642fe1fade17ff7934c6d77,2,2,0,False,"26114,31302",train
dup_15705,5b22366255a1c5b10366c05d2402c5a9e854c8c2c4f05cb1f9a09182726799d9,2,2,0,False,"9521,9522",train
dup_15720,5b350422c4d157f7fd5a75b34588a26f22977a1058be88d6142c048290f3d1b2,2,2,0,False,"8326,8327",train
dup_15758,5b732fd508e1432d308e16ec6399562877398d5a051007c7f1b7faf4240bd99b,3,3,0,False,"33262,39316,39317",train
dup_15782,5b9b23b50d00d6ff69c37813a30d19690a7577bbd0e9fbcfd441a0b06e7b19e1,2,2,0,False,"38501,41008",train
dup_15804,5bb633ef77da0c8346f398aa570abe9b6a6700654d839c478135dd33dd6281f6,2,2,0,False,"8741,9646",train
dup_15841,5bf2734712df81f161cbba242e9945bb9bff40e57f39a8e80154da6aabfaeaf8,2,2,0,False,"7175,8805",train
dup_15873,5c22980d7b84f21b63734a33387354e1883003bdf47fa60511a4f2ba759b17b8,3,3,0,False,"38494,40974,40975",train
dup_15900,5c4ea015f987834fb5bd00995a2c1113a53e4e0136d7eae63a28f4189e4aed2a,2,2,0,False,"13242,13243",train
dup_15927,5c717f69a113a845ec6ea0a3c3916ff9d41d674c18854cf04d62581021386d82,2,2,0,False,"13886,13887",train
dup_15959,5c9eaeb178fc842d00eb7e1164e3ecfa173e86171bdeae84de07d1a6ef364421,2,2,0,False,"43584,43585",train
dup_15980,5cb97e269d03204bfa75f0eda997e49a48124d9f89ec10ce6357af6355e146e2,3,3,0,False,"40136,41983,41984",train
dup_16085,5d59d254a81364f399bf314bce1721cdd9073f8cef25f7a088dff77d8befa416,2,2,0,False,"38999,40934",train
dup_16101,5d6eb0f84c2991bfa336fa2bce9f3562bd15752ae2347509a6a2359213315ba8,2,2,0,False,"34102,35458",train
dup_16134,5da1b1af52e726a6ccfd3e295f37799f7d83bb35139097ec3cb863d61de19cd8,2,2,0,False,"17809,17810",train
dup_16250,5e545c4057364cda11f5ac9f8998d94a7c2710c7163ecf3d7319f9629a91491f,2,1,1,True,"50722,52125","prediction,train"
dup_16494,5fec16118fbb6e5f24f87bdfb62d901e2b4f44e2cbfa9216358b70e5d993cbff,2,2,0,False,"26115,31303",train
dup_16658,60e6a8c9731f3b956267eb4f1ab895423806b0b97efc1b645f2382fd7bd63f96,2,2,0,False,"8742,9647",train
dup_16795,61ae70057d60ad31c1d5f46a049914ba4c23fd41cfffef86f4615b18a39cce7c,2,2,0,False,"31126,34066",train
dup_16920,6266deadf329d81b780b77286ea1248be4fbf5066fbcf4a36e6e82f3b8773e6f,4,4,0,False,"38500,40997,40998,40999",train
dup_17038,6340940a3693e174881fba904bc9b2a038c7f78597dc44f9b3a0ab25d92462c6,2,0,2,False,"57906,57917",prediction
dup_17074,637a5dcb4402d5612580f261182aa77f8e23d5a08d4b4db88f5f9aba6a7dd856,2,2,0,False,"10200,10244",train
dup_17122,63c53ab935ba75491446517b9f6b9258b69c8586ee35d24e3e540dfc2d53dd0e,2,2,0,False,"8722,9610",train
dup_17285,64ac27ab35f4aa0f0a970425ae81a09d7802bfa22429d0fa2fd0a21fa7a56008,2,2,0,False,"8778,9637",train
dup_17286,64adf2f2aa2ab39589593226f421ca061c60d1251837d2b895f791f78388b803,2,2,0,False,"38988,40952",train
dup_17401,6542220f7c9a53f79111b98ee2566b3c45676c704705e5d12da599c13fa65f11,2,2,0,False,"8941,9659",train
dup_17402,6544af2f70f2a41a292a573ac4fedb57a7097c92adcd2b6dec93a62c48148607,3,3,0,False,"41310,43573,43574",train
dup_17431,6575eba72d1d18e604c0cdfdb0627dba5f55f60ea5d3c4850f3c8cd219201866,2,2,0,False,"29664,31656",train
dup_17664,66d46f758fd21b42913c8499b4db5e795709a40003c6fd41efcca94a29cd1b12,2,2,0,False,"13868,13869",train
dup_17693,66f7c6dc88c70a4500899a66ac5d4d089d23bcbd39dc88f57692c598b1f2a316,2,2,0,False,"27222,33501",train
dup_18136,69b709faab3f65e46c6dd0adbff2831aadf09ed44d28e26d7416c6bc17f7da7d,2,2,0,False,"8777,9631",train
dup_18208,6a13f29588c4ecb44bf9ec30bf060c943ab8aa49fec07f9cfe375b96f403c483,2,2,0,False,"43692,43693",train
dup_18293,6a8b5012a98d80a6f8af32a2d5832849eb71bf4dfcf7e582d1fec01fa82961a4,2,2,0,False,"8731,9624",train
dup_18313,6aa45b2f8e344a880c027674b1d820146d5e50dd67a9279fdd8fe6ed5a655ed2,2,2,0,False,"13226,13227",train
dup_18315,6aa4f1b6520f52d1580b223eedeaf502cd0ea281d7a8ca4e2208c0fb86a4de1c,3,3,0,False,"31172,34156,34157",train
dup_18340,6acb6e5320e45210aa5be81f2b1c26ad95957d2bc7e990dd4262b99157511476,2,2,0,False,"9875,9876",train
dup_18428,6b598643772cc56c963a7961048635f0548524d7c8f04f00177ea55d4bd0bace,2,2,0,False,"8723,9612",train
dup_18502,6bd0f8c6ffae1d9ec64377c3967c8d028d300946980bee177617eed8f806b1ef,2,2,0,False,"46732,49843",train
dup_18611,6c7673876275d0ba229d9857152eeb08fd629dcb0ae24fd4252cf9b455ce70de,2,2,0,False,"41660,41661",train
dup_18620,6c7e22da5f75198c04d70ddc696addac25ad53331e04ed65e2f8570dd7902ce8,3,3,0,False,"36716,39853,39854",train
dup_18645,6ca30b78291599be505725aad0a8f1f1c3e5f74c4986238075c736f6ff25726c,3,3,0,False,"31098,34038,34039",train
dup_18719,6d23686d1d313b3313e99fb919e75f71c14602aff1d04a151417436f2ce9fc43,3,3,0,False,"31117,34003,34004",train
dup_18769,6d6a48e2f2a6e8512926663c10da0d6f2ac4e27fad5fe3037d058a9e0da813d8,2,2,0,False,"9416,9417",train
dup_18941,6e7ac859884e86bd1f40a56f2ee9c2e710349ea477c10f6347260169fe7a858f,3,3,0,False,"40161,41975,41976",train
dup_18955,6e934d5978287710d1911593c6786a872d44648ec0934d904e588559f68707bb,2,2,0,False,"13286,13287",train
dup_18959,6e9542497405039126fdf2464f11e51302eaa3ca7d2f0a404a288e4ada55866d,2,2,0,False,"39752,39753",train
dup_19156,6fe946596417206786ecacb9369d7d18e82a42727d72324f3fffc8470c550011,2,2,0,False,"13236,13237",train
dup_19206,70373eff23efc5d5efdfcd376491cc42f384148ffb6107430b8861de789681ab,2,2,0,False,"31173,34165",train
dup_19338,70fbf769d37a08a9a64686303cb078918fbe84f7da5005c946e217fc8d4189ca,2,2,0,False,"9418,9419",train
dup_19392,7152d49a2f0bbd3f4c94a5d03a1f8194c177349383665299d1313a5a8d454cc9,2,2,0,False,"26121,32762",train
dup_19400,71596f9fc1a403d4d144289885c2e6b29c9adb3712170da1ce8a1fd9af450494,2,2,0,False,"40261,43406",train
dup_19604,727305ea101f28b45c1ad8c76b205d07ddc301d950cbab50c084d35a5d75c8de,2,2,0,False,"26128,32766",train
dup_19645,72c817726d40c2c0ac25612b436bcad0d069032e27ee013f5b2928834c2139e8,2,2,0,False,"13880,13881",train
dup_19755,7363f514b009ad7617ee0dbd2bd47bba4ad586c4dcd0a8d40a577d8ce1ad1ced,2,2,0,False,"13291,13292",train
dup_19844,73e1e626f6b050b6286a9ea088e5c523a9ac72368dd7405b71cbc88e7efdaf45,2,2,0,False,"29640,31642",train
dup_19856,73fb3356ea2c299cee17fa740187a505847dacf02f61fca9142008e96bbe4902,2,2,0,False,"27759,27765",train
dup_19904,743df0b3409177834dd72c8768ea4f34b54a3469d0cab034f9eb16ea1254634b,2,2,0,False,"9565,9566",train
dup_20288,7645b67ae30329ab34b288b426fa5cbc215e55c65a1f3ebe3bc1e85401d70454,2,2,0,False,"46815,46816",train
dup_20321,767572b8d46c096aa19527f41c001bfbd4b1bf4a336de8bf7bd0c63ff1cb95d0,2,2,0,False,"18690,18709",train
dup_20350,769f550f6a3bbaff4e43c6303848529f377396529e72cd9ace1ea2ffea86dc50,3,3,0,False,"38993,40928,40929",train
dup_20369,76b4c4bcd3d287aab1302edf928f3672268b559453f840aacf75d2a21b1213ce,2,2,0,False,"9591,9592",train
dup_20449,7739a228f3d69d9de7a7d8da94942441d4c26058cefcd85b5fb8f5c35e7665d5,3,3,0,False,"31112,34052,34053",train
dup_20510,77914f9d87750c821b35046186efeb43d2e3f1f2febcda616b52ad37a24e4959,2,2,0,False,"8334,8335",train
dup_20531,77ab71980f9643a03bb65a12da678b35eee407cf4ee2cae08c83be5abd79694c,2,2,0,False,"13304,13305",train
dup_20775,793b67fdc73377f21ba512b91b53f4593affb54a6ed0e1061436e1d873f3a894,2,2,0,False,"13322,13323",train
dup_20835,79858e16aaabeffcfe5257afba6c6b3106c98927f3ab1464a32d24edefef752c,2,2,0,False,"36729,39847",train
dup_21028,7a9884508d4d6b93aa975ed2823d88fc25a825850fde0e68d43b55499f1d653c,2,2,0,False,"26116,31301",train
dup_21040,7aa6873537d7b810eaa44b67bb42ef7200429e81ee12be915cef3f185444ef90,3,3,0,False,"31130,34062,34063",train
dup_21124,7b0d156a75f25a1716690d4d594bb257577d7fa58e2699318c8a7c741d7fa393,2,2,0,False,"9500,9501",train
dup_21148,7b334a9c2af6bcd4a4c569f3d431c17e7aba0099b1f3090128faf378fe72078a,2,2,0,False,"11053,11054",train
dup_21271,7c04da10a3bd40ee4580d35bcfac68646b85891ac5ee8df318ab26698b8f91c1,2,2,0,False,"31158,34184",train
dup_21290,7c14a86d426d1115b26de333ab3ac001ccc752a8b6c596a340ee28f2511d330f,2,2,0,False,"28352,28354",train
dup_21298,7c242f0b70d7f72f6a2843aeb6c799dc3a1afb3fed9a630bbf9ec31d2e2414f2,3,3,0,False,"34101,35456,35457",train
dup_21485,7d5664291b01274ba7054515e05ffec797f88ce701105add34c14c15ef096dd9,2,2,0,False,"21833,23133",train
dup_21501,7d6f8adebfd0126228bb3b3149fe7834008a2e5fdf43183a27f3cccd7c99cdd7,3,3,0,False,"40145,42001,42002",train
dup_21563,7db459b4be4fd561c5450887a63e7769dcc436db60239720b95ab6648005e487,2,2,0,False,"4900,4901",train
dup_21617,7dfb32078e5eb0308ffac2e9cdaa4414c672476abdf6789760dc6855f0aaee79,2,2,0,False,"13230,13231",train
dup_21675,7e4fec2fa468d4d7ef24c5618d74c0df36ae5424fc41b0f7a41446552ad3fc66,2,2,0,False,"36722,39837",train
dup_21797,7efd3d0716d124bc4a2b85340768d49c70842c554eec3e0880e8aa8757d68c92,2,2,0,False,"33253,39315",train
dup_21827,7f2459f7437c22ddedc5907a4cb34fc994d7c18c5be8674407cee4a663b60280,2,2,0,False,"7165,8807",train
dup_21855,7f3b1c88cc2774e84904c54b833d34e7557df61f15666dfd5e8d182bae9cb366,3,3,0,False,"38994,40923,40924",train
dup_21908,7f81c39ba9c2ea7279be6d09a7993197c54dbcba3efbb110cc7d6ed92fc35552,2,2,0,False,"7172,8797",train
dup_21910,7f8329502460ded34a83d45cf36b982fd14f7ea1ca329c92af13ed0d5f946d15,2,2,0,False,"7164,8806",train
dup_21996,7ffcb24b97ff83c78b17029311a422f89183037b9a4601c4dc307ce89cf0a9e1,2,0,2,False,"55288,55289",prediction
dup_22307,81db5d692f9c8856ebac4dac42d19966ba207c890bb99c671a3933c7605eb8b4,2,2,0,False,"21810,23810",train
dup_22315,81e6f08e8b53082f769617a816ff6ca87c0f1b4014e5ab98f09b92ba22ae5e43,2,2,0,False,"11049,11050",train
dup_22316,81ea3a70bb3863cca383f0efaeb2da9f2943ee12819dfb6d9e7439b52d491770,2,2,0,False,"13284,13285",train
dup_22369,822275fca29fcbf4b27af8ece5d9f867329fb9c4982ecc8c3429b5f75dc5f225,2,2,0,False,"26064,31304",train
dup_22491,82c52fb64cd10103261e6ec44906f82b639b4a6571a2fe141a777aac2f93963e,2,2,0,False,"4937,4938",train
dup_22617,8372dc7ac69d46cf68f4cd1d485972dfb35c31319a7a547c22a75e0bf7b4c911,2,2,0,False,"10645,10646",train
dup_22655,83a6cfd9d3bb0a2b85faeff2805e1c9f3c8079d8d085a8547b4897232c683437,2,2,0,False,"13302,13303",train
dup_22688,83cfa783efcc58eecf653b23d68d1b8e2d81dbde21b25c257a18696765d2b036,2,2,0,False,"23712,28179",train
dup_22695,83e205bb651974f25f9ef33d0e8d21e29124c17b2f45dcb3a5c61648242568f7,2,2,0,False,"34113,35432",train
dup_22706,83f79097bb1dc238934c146ce62d2e798676d851e9e11d8d73fc6d878661a90f,2,2,0,False,"11102,11103",train
dup_22757,8448f0b2be10d3da22125ba617db676283df089642810ba71acb2206a01a85ca,2,2,0,False,"8734,9632",train
dup_23014,85bc3ee5348d88e67eb59fd5ab28376506fcb59c1ba14f2d8c4bfd7cb49683d0,3,3,0,False,"34110,35447,35448",train
dup_23017,85c1bd07eb44c8fdc3e116e8d269bcb1bbc750b38033d41629374b50cc522ff2,2,2,0,False,"34118,35437",train
dup_23201,86bdcd16556c60d921c10f05c8fc97184e550b86ffd6146d89b086bd7de748ba,2,2,0,False,"11089,11090",train
dup_23281,872766543e88f82188ce5d53bd8802bbcb6336f29537e05676c857f60a416a97,2,2,0,False,"9506,9507",train
dup_23315,876572bbceafbddeb33286bc3117a877c09d41d0af3cfc98f617316789dac427,2,2,0,False,"26058,29700",train
dup_23473,8847a0e3859218bc4f5b9fac4a4856c99ae53374184ab313bd62025efbe92338,2,1,1,True,"50714,52120","prediction,train"
dup_23491,885c400f269606aa9ffebe1895e6d1f83a50f7c4dd5759786f5d18fb56cc00df,3,3,0,False,"40125,41992,41993",train
dup_23544,88a479d306d07a8b5c1fb904679490c5315dc2a1ef79391667af11eea2706d68,2,2,0,False,"42419,45568",train
dup_23562,88c031fce2d20ab1cd20c96022335b54cbc1c0a04a88c1202725f973f1721947,2,2,0,False,"31102,34260",train
dup_23575,88d29b04b215399ff622b12e9d025121ba66bb86691b42eeb02ef627f0a54342,2,2,0,False,"40155,41977",train
dup_23581,88dcfe4e481865261dd407c4fccbe24ed142743fb5638abfe4e70e47dbfbae65,2,2,0,False,"8780,9650",train
dup_23724,89a2983c877d91edb5c9eb819ff1f532a538a42ce73c257b17eec3198c7e9c6d,3,3,0,False,"41756,43687,43688",train
dup_23801,8a1329a0773c16de4e1e97a0dfd08ddaa272e1225cc14ed0ecfd15bdb09f5f36,2,2,0,False,"8736,9640",train
dup_23822,8a32c68756ad34fdb746e01e275bd2918e137f6583a0ef9c0f898f50cedc847a,2,2,0,False,"26858,26859",train
dup_24064,8b81ff039a3f4a7ff7bc7424214420134cf7677a0c38cb3780eb768b4ecb476d,2,2,0,False,"8749,9630",train
dup_24233,8ca7790b640a68df3a02989f005b454422915bf64f774814351d4fd549eecef8,3,3,0,False,"38984,40954,40955",train
dup_24325,8d395fc323bc64cfc4671e91c0e453e8723d61d72f098a0b59edfa19ff31e7d7,2,2,0,False,"38992,40922",train
dup_24331,8d468fb34179a5cd3488074cbf9c1dac551b6ff855edea88cc7cc82aaca04d66,2,2,0,False,"7174,8808",train
dup_24394,8d914a1138f9f5bcb73e3e7bbea1afc544cbcfefec2dd5d2caba9a06c3ed3b39,2,2,0,False,"4882,4883",train
dup_24411,8da1add3564bfc15680015fa66260bcd7e8837c313d847192dbe8f0aa785fb68,2,2,0,False,"27198,33486",train
dup_24479,8df8674d0633630ae557edd49524f14ed5bf945db1b37dd0d16fd2a19acd9fe0,2,2,0,False,"35460,35461",train
dup_24487,8e073721c3bc5b2f49335adc2efb30703c631fbf910a392e9b5232953ccf2c33,2,2,0,False,"31093,34046",train
dup_24512,8e2d88f9c1e88cff99a2b0a04d115b8328d02fa33c36aa1de02dac41754d7d88,2,2,0,False,"8788,9613",train
dup_24551,8e74d62d7232753d2ba10adc5f2c5af545cdfd9b7a18efde2f65f6b6b7645d33,2,2,0,False,"29616,31619",train
dup_24593,8eaa8d49337d174dd45c41600a63f10d23bb58f6d846c9b4f8562f5fe2e6d039,2,2,0,False,"27558,43955",train
dup_24647,8efb5cd8f2fee269371f2c2434e3df647623d1fae35663e7109ceab7af1b15de,2,2,0,False,"31110,33306",train
dup_24691,8f3d9055c73243a36059e15457fe5daf9c25cd676dc53e276f7a3d74c5070cc6,2,2,0,False,"9469,9470",train
dup_24753,8f990bb77039684c9499594148f260e2294e87d1cbe41040d6fc9bf082444d7c,2,2,0,False,"11041,11042",train
dup_24838,903a4a55a10ede43120a74ec445c6a58975d7a871058e2a4ee1356367352e7c7,2,2,0,False,"39295,39296",train
dup_24843,903f03128cbfe1fc324a2068852ee6d9fa252b163fe420c2f1d9da34b02af56a,2,2,0,False,"27230,33507",train
dup_24879,9083b0541d8f9f9db64113108144ce32e823352653439772709636fb5fcc9726,2,2,0,False,"36211,39745",train
dup_25116,91e5b38afa3831cac439ba33aaf8e22cbfee3833e0e0f6e91c0b9de84a7a5d7b,2,2,0,False,"8781,9656",train
dup_25175,924d30e9cb6dc27df6229d051bd6f36ca6c25e9c132ac29ec5474e6fb9a6660e,2,2,0,False,"39749,39750",train
dup_25177,924d677cb1d82854688c9893611bdeb2fc4525f30bd6e743096267b8594012c7,3,3,0,False,"31099,34030,34031",train
dup_25358,93557d08eaaa6c96130b28524a2b2274c51b71f9be61fb52a275e710cd743ec9,2,2,0,False,"13267,13268",train
dup_25364,935b68659a0f0c2de9fb87cbd4ea17cd5ee1ffc55ae9a0dda46258d85db16137,2,2,0,False,"26125,31142",train
dup_25716,95baad7195ae033bbfbb853b0e6948f148039fbaa856d506ea724fb7c23dd79d,2,2,0,False,"38986,40957",train
dup_25760,96023760d7a7a0c0b5e04f0de620c400cc19f9409daadc547b87b9f6324d8ceb,2,2,0,False,"34693,38905",train
dup_25839,967e65492831b408d141ad5bc612dc35b3ce14d8a5e221d4b77113d9399d0bc5,2,2,0,False,"8787,9611",train
dup_25861,969a79fe9fcfc7d1910a0147a180c7b74637448993823a82923f7280aecb1d78,2,2,0,False,"26067,29708",train
dup_25903,96d4c28cc5fcb5e05831881d1d447d88c577c045e37c7a4b79d4840859cda575,2,2,0,False,"13311,13312",train
dup_25945,970a7b19deeab8fce6996ee1bba016ac4e70ba4ca22fd0051ac4c240379ab408,3,3,0,False,"31096,34032,34033",train
dup_25956,9718fd6e4c8872bf92be4726bbb845d0aef179d3d0719737b51609e7d43e27aa,2,2,0,False,"11112,11113",train
dup_26073,97c95e217d71837ddb4c559f212e002e9f618e1bba5f04ac64cbd599bfcf83c4,2,2,0,False,"19110,37151",train
dup_26153,983968cf1527d37d96fd5e36a718d29ebd695a098e53302b26300c612bf75493,2,2,0,False,"9880,9881",train
dup_26243,98e2ee3ae548268215f891a7b5b500f09f75b38fb9e94b6f5db047db41040be2,2,2,0,False,"8750,9638",train
dup_26341,99671ea43c82906a8221c97fdb0f24edd6b9fc6295f4f050a3f77e8eb5b269d2,3,3,0,False,"38492,40979,40980",train
dup_26417,99ea78a22f2fe8f0aa16c2c0412fee6bcfcfd57bb811c1cffb99cf16b57f7b92,2,2,0,False,"4888,4889",train
dup_26508,9a69d4ee4f5f60d6d4fee3d09903a8badecc37e57d1af37143fcba46249e8ef1,3,3,0,False,"31157,34182,34183",train
dup_26538,9a9d4de14cb3e7bfbe0d49063ac75c2118b4af82aff5eae8e2d7db663a1f3057,2,2,0,False,"13234,13235",train
dup_26575,9ae49441f37963b1c7f4c0d9851efbe3d6acd340b402eef0b790d948e1aa01a8,2,2,0,False,"8897,9654",train
dup_26595,9afcdb20ce5d56190bb606f56dc269c4dd9887ee5ee8516e75aaa2f99e336108,2,2,0,False,"36721,39843",train
dup_26857,9c625f136990115d42c38574e6e8818f80c5c91e5b9943ae3e83da3b27748902,2,2,0,False,"21858,23134",train
dup_26990,9d2b696890d4abe0719579ff556c4c067dc23c358b439056fa3782157a0bd77d,2,2,0,False,"31104,33302",train
dup_27011,9d573724081b9d72859719b8937edb871239197f6382d36f4f4821f2c25fbe6f,2,2,0,False,"38493,40988",train
dup_27035,9d74a34e1a2017d7dbc59868f549cb25e5fcf026e1b093468ca49fb27cb2c193,3,3,0,False,"38481,40989,40990",train
dup_27040,9d77ff7b18ead25debfe4bfb10e09df0f8e9ff23da8eb4614edc2da4d848085c,2,2,0,False,"8944,9662",train
dup_27095,9dce2391c6a6e0cd0c3d17d02262e52e5cdc3c2e344ee84086af49c2ce7a112c,2,2,0,False,"33274,39326",train
dup_27131,9e0766626020021b83f96df467060a20f763352419bf80cc6fd2769ab40092f2,2,2,0,False,"34108,35446",train
dup_27268,9edea4fa29ac74526f66774b54d491018ae6f15102c1777cf0b8c944c095a72f,2,2,0,False,"11116,11117",train
dup_27387,9f8198c4cc04e853c64dd34a2b19f26b46260ba12bf6e85d7619faa700e6b4ec,2,2,0,False,"33255,38765",train
dup_27399,9f9787cbb3903f75a30ff2f12bcee83d14eb7da11545aa3373b692dee0225755,2,2,0,False,"5358,5359",train
dup_27499,a037e37e6457fa80e9cea5951ee7dcae5398de3bd2d15810ee77cf8604e3a968,2,2,0,False,"26065,29706",train
dup_27660,a120ac855e678f2bda0bf6273a3e462f4ae68b9268e8d8528223290293575f68,2,2,0,False,"28402,28403",train
dup_27759,a1aeb3e3166d5dcf0a7a7e64665d5cd7710d275af0c997e1d732e635fef84048,2,2,0,False,"8776,9623",train
dup_27791,a1e1c348d515b651c771b4c9dea42d8810202b4df0ac1761922e12658f133263,3,3,0,False,"33149,38932,38933",train
dup_27891,a28003dfe6405aee7553c777b3c833d5479f068cdd8b0a2fe946a69db0e072db,2,2,0,False,"31178,34161",train
dup_27926,a2b0cc9824c72a02a3a87b79c7812a53c267038e78d6475c1c9e68cbefe2e464,3,3,0,False,"36718,39858,39859",train
dup_27941,a2c5f2a202b56dec4f60e5c3cf77d406fb33f45cdf56578cb171cf5c7a2a0279,2,2,0,False,"41302,43586",train
dup_28047,a3620a8d4b2bf15445e55667679a6bdba3740b686820a8528c172f44473a0126,2,2,0,False,"8187,8193",train
dup_28061,a378815823a55d7f3e098c07e802ffa28d0312981dd554829025dea8f549a35e,2,2,0,False,"31143,34186",train
dup_28276,a4d44f04ac0a88a5e874ab395d2b0df7460cf078901265c73b747a2cd4d4654c,2,2,0,False,"33264,39319",train
dup_28292,a4e5301023f24567f49bee048c448ca4aec697556977a47965ccfadfa43b20f3,2,2,0,False,"4898,4899",train
dup_28322,a50546574645e9c05070d4af10d3360d5ecb43ae404103b31566eced24581f8b,2,2,0,False,"13862,13863",train
dup_28343,a52d137269894d68bd20861c6ccb12b3d5cef56e9f18eca6986d7cc40fe90145,2,2,0,False,"13240,13241",train
dup_28359,a5467293f06695c69216ae21d99cda07c3f3967db70176bf2edc8603ca3a85e7,2,2,0,False,"8898,9655",train
dup_28399,a5789f1202c0bab850c163f293bddbb88fac97c4929c6b1cdb937122bc43c655,3,3,0,False,"38503,41000,41001",train
dup_28427,a5a3e61fb2ab9ce53cc8ca15b399b3a31951b4c8cc8631202a726278ce3e0768,2,2,0,False,"29674,43043",train
dup_28434,a5b066b0c5106996152fbfb3f707cfc078f9b2e926f1b4cbf0e0bc8b8e60b980,2,2,0,False,"7156,8809",train
dup_28504,a612db94c1d32243e7bbcefde0fd54d7e62f957e1cf46eee949a0e874f9e0d23,2,2,0,False,"11163,11164",train
dup_28619,a6c3b289070f8407384e4dd788c1036b4550c1208a280316142c555eb9a2e87b,2,2,0,False,"27211,33488",train
dup_28647,a6e2590a8a05fd77a9393be1695c5c004bc7e3443c71e6727663dbe7ac5ecf8a,2,2,0,False,"11069,11070",train
dup_28733,a763e47ca3cde55f11980d5b08cbbaea7972890f95279100f95da73ee9d4ca55,2,2,0,False,"9461,9462",train
dup_28788,a7cf1116595258b8e1a874b6417987d03ef7269bbc0f6724a468313596ed1434,2,2,0,False,"29653,31649",train
dup_28834,a80ada5872dae7dc962305e9ce357168f34cdf8a340f07d2df6beb2dfd4b3d7d,2,2,0,False,"26101,30222",train
dup_28886,a8555d681141dd48a870de6039ac3eb74e340a7fd294b341cd10b4afd58a94bd,2,2,0,False,"40138,41985",train
dup_28932,a8944329f5b14292d113c75bb889d6b2198544ae6ee2358dcb19e062de4ae9bd,2,2,0,False,"4890,4891",train
dup_29023,a9158ae2503de537c7af33b0e7726dda2488ff975ab1e4cb58c7e95ebc552292,2,0,2,False,"56569,56570",prediction
dup_29037,a931232073cf7c1e059015ad25673a2cb4a75c23d4a6491f3ee5365ff9e6b628,2,2,0,False,"8729,9621",train
dup_29195,aa4e5f78f40e529ff2ce4f1a7e49b361c80326166d6c3c536da7ed1a517c6430,3,3,0,False,"40158,41971,41972",train
dup_29213,aa7069b5104dbdfa6a8519b05ba811aaf53f4d9e166bb04e06b2b3ef02b6baf0,2,2,0,False,"8319,8320",train
dup_29223,aa7f322ff57c5799cae91011b92cc89147f7e78ac975047411f054007730d607,2,2,0,False,"13255,13256",train
dup_29272,aad169b37b513282bed597f39bccdcdde48362f98ee01bc4e053b0152e548d4c,2,2,0,False,"11057,11058",train
dup_29286,aae1b396116e7b4a8aab654da6910d7ff49f7576e889c06ed464d5610d5d225c,2,2,0,False,"13327,13328",train
dup_29443,abcc602ef493a9ce41c8eca47dc22f0143b2a6bca3b4cc9f5bdb8c63a231064c,2,2,0,False,"13238,13239",train
dup_29455,abeb2dea8d160546967c87f63d85c75d1c1b768ff6734e1f5fe845b1cf7da360,3,3,0,False,"31155,34178,34179",train
dup_29476,ac03c2e15d9b98c5367a034ae53a8f594e9a44865c051197e3c24d239310f41d,2,2,0,False,"4967,4968",train
dup_29524,ac4d5cafe79fe91696b7613fd59ba018794aa09a8f2688853bb9b0f4509dff92,3,3,0,False,"36207,39743,39744",train
dup_29572,ac9d802e1e0d950dd47540dfab8c05c6a03702091e19de7e0736948ccae8e04c,2,2,0,False,"11085,11086",train
dup_29579,aca1586b8756e29a09f8ff1c31b97efdd00dbf0b96222303a6d8617c3eeaceb5,2,2,0,False,"40156,41963",train
dup_29605,acbaea43c3e5c67f4ffd297a71955356ce0a37ed083dfee29f624373109249b6,2,2,0,False,"28903,28904",train
dup_29610,acc779d8ffbbc8c2e41d7e1459d6850898d421c369f9741db401eeee71d1f7c4,2,2,0,False,"13331,13332",train
dup_29745,ad90598f31b8453c2cb658df226274e92d87992b2aeb774fc2b9c083cf97aa8d,2,2,0,False,"26057,29699",train
dup_29770,adb3e96a49e2960051efa7592c32911da1c384ce139022bf739733a787cbdc27,2,2,0,False,"40147,41995",train
dup_29840,ae152f56eda46ab0f53a5c9f4f87eac57a5a133c81e82e272904551dc04624cd,2,2,0,False,"39851,39852",train
dup_29920,ae89f3811d00079d8dfba72c34adc3215b649ea47f2de6dd5e47f2e4744dab06,2,2,0,False,"51073,51101",train
dup_30026,af19f61df955e4da90f2923d1ab3afd450fb25685f7516fd8d109a52fe711e51,2,2,0,False,"4973,4974",train
dup_30154,afdb32af3606d0c5ab3bb52ac7d68e406091b39a68ea7d0d99d2c00d363ae6ba,2,2,0,False,"13244,13245",train
dup_30266,b07716907c668a2d46ada2fabf62733253fb4878be7c71f7122f83ae58a0167f,2,2,0,False,"27550,32499",train
dup_30301,b0a2399d6d2415a348eeabe3c9f4ca814c31d34cb7a1c9d2886e8eb747110e44,2,1,1,True,"50720,52124","prediction,train"
dup_30329,b0c6397dd0bd689e68b1fda3368d89078bad33b1260b86a77138f45162c1d524,2,2,0,False,"13308,13309",train
dup_30337,b0d2be9a644a95940435bcd0f376e2ef57f0c6818e419db1ebdc029ead6445e0,2,2,0,False,"41300,43590",train
dup_30361,b0f898d7ceab0d37b80ec0c4aaecfebaba39be41e88d14a83b20e29e2146ee74,2,2,0,False,"2638,2640",train
dup_30413,b1475a913122ba81cb9574233e28329982d3c92f6ba764fa1ac86fca9d161f89,2,2,0,False,"29668,31658",train
dup_30421,b153d7c334b8f55e6fe3332e92df28fff53576c2d9ef23d8165225c5a61082f3,3,3,0,False,"33263,39331,39332",train
dup_30441,b17735bb57b42d6779ab2efa13b6a27ca6d024111d3606997346df1a1f75ba8e,3,3,0,False,"41752,43695,43696",train
dup_30470,b1a0885fa8ab3b0d735909eff6f5fea4310347ef08c6f1c4d685c6a9cf2f29bd,2,2,0,False,"8782,9665",train
dup_30546,b1edbe5c3827c47558e943fbfbf01530c9c12a7750925d518fae98f87ff689f5,2,2,0,False,"13858,13859",train
dup_30619,b269b90db2c67ccf386dbfda0b4ec117f6a881c9ce9768c525ebe491b931aa6b,2,2,0,False,"26045,30210",train
dup_30714,b2e83153ce330b82f141924d46bf6292a57f3fa934fc83d4f4fd84ec336b7d44,2,2,0,False,"13318,13319",train
dup_30723,b2f466e4135c64321c7fc90d37d69e0c88d545979783a5bf4b127b109c5dcefb,2,2,0,False,"1165,5062",train
dup_30788,b355cc34e749b8b5559a39487eec548a4b0b6467212865049d3fe1bb66139bc3,2,2,0,False,"9471,9472",train
dup_30793,b35ec4f9f72e909301d14424f7b7ddc87ad17e67ac8b1d4296b375870b4b67d6,2,2,0,False,"27232,33509",train
dup_30948,b434d03c0e0bdb975831e8c915c3672736069e937d6e3e912be830da502521f1,2,2,0,False,"21873,23135",train
dup_31012,b486e635b2b975ccff04d3c9129b32f9ccdd8e4f146ce5780b7b59d2c4c2bc65,2,2,0,False,"27231,33508",train
dup_31026,b49b7c12ceac7d7130e28a3313375f6d6ae48f35481f92468bc6423bfd3395cc,2,2,0,False,"11104,11105",train
dup_31098,b4fef3902e92c04c6c059fb29ac73356d590b9cc3638da8fbf2350d8e83895ea,2,2,0,False,"8584,8585",train
dup_31105,b50c55180d84160759f60d619b9a1705f97154e14bdb42fef8b17cfbb4806b53,2,2,0,False,"30566,30568",train
dup_31264,b5ed8b615faf7a258a1b12967e099e8f68cdbddd149cfcea96934eb2d4e49a8a,2,2,0,False,"41755,43683",train
dup_31300,b62f7391fb04e63ccaa8420c36b2e14cd0d258a2fe542b13ba6a2091f7be2919,3,3,0,False,"31090,34044,34045",train
dup_31418,b6d3ab84207701d9603b01eb5e3e581e20e6c65b299cf6b6694e8f5d686cc260,2,2,0,False,"26849,26857",train
dup_31475,b71d974eeac2df6e3ef61b1ed4df12ab8b0f0a0531378d459ee4a2a904377ab9,2,2,0,False,"39003,40958",train
dup_31520,b77755246f6443d1fa0614db1d5cf8b450ef92054d3a6d8acb0dfca08abf24e2,2,2,0,False,"40254,43037",train
dup_31577,b7b996c65786ca3671b7434d9d3814cb5419502bc6780892fed3b64acf536bb2,2,2,0,False,"40135,41982",train
dup_31625,b8145bdf75e7f83b8982307a403615d13ee436daf4f8e49b9fe1c893b17db3f1,2,2,0,False,"9449,9450",train
dup_31792,b90bfd250f1641d2347c6985f7ce78d94c1db4da4f5b2c71429aa1c61f95ee08,2,2,0,False,"12345,12346",train
dup_31834,b953af08d2b3a329d96b027d2232412394e28622bd290b27c224a74b1c8304eb,3,3,0,False,"33142,38956,38957",train
dup_31879,b998ae6c8bff09fbe7ab7517a3d03ae4da3b6e007321f33a716f23579621395d,4,4,0,False,"38995,40925,40926,40927",train
dup_31896,b9ab234c44e12b6fe1f18625d75873b8ca3356a553e7679a6d4e48e7ec348f60,2,2,0,False,"10654,10655",train
dup_31940,b9e58bc7ce716e897be6ec42d3512ff31941c03534b892646d63fa7375084e1b,2,2,0,False,"27559,43410",train
dup_31995,ba308734d91d130c5387d94377068d154847e0d45c335e1ab21213da97a94b40,2,2,0,False,"11110,11111",train
dup_32007,ba40492c7aba41efdd4b1e52429fe4aa96f57c7cf2533856d8a843ae6566a137,2,2,0,False,"35439,35440",train
dup_32083,baa0150a0f35769896bf53b3a140f8e922aa7510423e0a107ebc5694cc69d363,3,3,0,False,"31176,34162,34163",train
dup_32189,bb5d9667a05a1eb660fb9086e63b4924bfa376b28faeb0a1c22322a58a78695d,3,3,0,False,"36728,39835,39836",train
dup_32456,bce5542e4148cadde69a9dea5cee26e81f3eee9ea05d9dae702a3527c778d295,2,2,0,False,"26124,32763",train
dup_32476,bd01667aaaa782012e5d9146dacb7096a89782321d9cbe818d9ce593d4941ca0,3,3,0,False,"31111,33308,33309",train
dup_32577,bdb93d099a2edc1dc23f8d3c1bfa5f1e874a6af6243823e4bec8ce023e517131,2,2,0,False,"29665,32759",train
dup_32631,be06938f7d4a59f671b322ef0ff06962c10b16e5ddc6a3bf10f54128cc4f436d,2,2,0,False,"29670,31660",train
dup_32638,be13c7559a367d223a0a66529f74b609d880321337633b78ae0c94b337d46f35,3,3,0,False,"33256,38768,38769",train
dup_32693,be5ac80f9ef5b5f2e6cdbaa71396ec76f73669b1c0f86a6aeab72c0ac0cd82b4,2,2,0,False,"11167,11168",train
dup_32694,be5b64bbac03fbf4fb8d2f84faedc792007b16382b72301b5445cf9cb523fee4,2,2,0,False,"7169,8801",train
dup_32714,be82f935028ffc07f4d49a7cd8b82705509c694d515978d25eeeeb21aa5e9e46,2,2,0,False,"27209,33487",train
dup_32871,bf6a8d82391a74cb1fc9936184ab264855d358e7e0178e985265b87688ccf4d5,2,2,0,False,"36218,39755",train
dup_32891,bf867648565765af3a6f109ab7bacc19ab9d4fa44ee7db03c39af77cb8badabe,2,2,0,False,"11083,11084",train
dup_33071,c0a17e6c5744bfa360beb72176457dde333327f6873e9d65e68b31de8eaf895e,2,2,0,False,"13216,13217",train
dup_33138,c0fe279ee6dfd246a712d4e2002e2fa75f2d780992b71de6b8f54f4f3b258ee0,2,2,0,False,"17811,17812",train
dup_33262,c1bbe95b658675850b4b10ad32a61e2564b45ac0da8606e81e5a7eeda4826802,2,2,0,False,"26091,30459",train
dup_33265,c1be7bf655d934ae0594a41e7985ac295536c11a1c7b287a14e2101e264e8a26,2,2,0,False,"8330,8331",train
dup_33405,c28cff790feb5e64b4440ed50b35f18ba34617ae38f95b800aa803e119000b46,2,2,0,False,"8586,8587",train
dup_33543,c34f931b825e2f7fd89204e399280b209bcb11224dccbc4dfec1a3c97375f652,2,2,0,False,"13853,13854",train
dup_33579,c37895da603b05209959e19903aa8e1070ebc274ba2de83c1b57d8c5793c6934,2,2,0,False,"31113,34058",train
dup_33583,c37da67b740687d938faf7bd7f11fd318ce30736b338e16ffd42a5467968b0b3,3,3,0,False,"36717,39840,40162",train
dup_33594,c389ba53a44faf9e1e2b6ecbf09ba3101993d97d4d739991c6938e62d1560c09,2,2,0,False,"13872,13873",train
dup_33604,c3a076e2be95481c5dbc4313dee8cc5bc971e7284c964e8973b16052f3255f94,2,2,0,False,"12193,12469",train
dup_33867,c526f759701c6b4e8edac20ae6b8b86079b67d0863e23462d0c32dd5880a36d8,2,2,0,False,"27557,43034",train
dup_33961,c5bae3e653ed74c95f62a188117da95dbc16768368faff3a6bd2f7150ba495d3,2,2,0,False,"35301,35303",train
dup_34026,c6302407c71a539f08d14ca9c4619d71e96751a50b9d00b62826c06283a3c319,2,2,0,False,"13296,13297",train
dup_34031,c64439a85ee53a5f2f6108f7504b4b05a42cfb78e83e29c82d8a8f22ec44cd2d,2,2,0,False,"4975,4976",train
dup_34192,c7350a5cd29b1ec7d927c9955ed56f108364f0d7e0cd8e894c89fc72b3cdb7d9,3,3,0,False,"34099,35452,35453",train
dup_34255,c79a763c1795f2f28359969fd31cf453b9d75d508739dbc49c2996b1c8e2e08f,3,3,0,False,"33267,39323,39324",train
dup_34395,c86e53a504a3cdfdcd4a7d7108e6abee89a6776702a683f4bfb3c941a3035210,2,2,0,False,"27553,43030",train
dup_34431,c89c7c49a5004da01d37fc1386b0d0d91d836105ad988821da4a94e3a5a4be68,2,1,1,True,"50724,52128","prediction,train"
dup_34504,c9156b641decc89de141555ab4eb1b02228698ee3bb25c37ea5396ac345aa022,2,2,0,False,"29608,31611",train
dup_34547,c953eb3429bb6a126d26b7ef7edf08f2185e003b570dd2477eaa398e45f83e93,2,2,0,False,"9270,9648",train
dup_34592,c99c88c28a1bf3d5c927d5e640d15a5fa6dd94e14f8aab8aa62cc074858db150,2,2,0,False,"40132,41960",train
dup_34706,ca4f2775081266f60bda199d083a774d87bef4ff36ed043a17bf444407acb433,2,2,0,False,"8719,9607",train
dup_34712,ca56b1427420e1cf1d760f161e5650eec6e2fed8dee794854069518e90780020,2,2,0,False,"38985,40956",train
dup_34774,cac24e7c2ff28d2494ef3cfd8cbad58c322f29c5f36938234298c5c9b90bc473,2,2,0,False,"13849,13850",train
dup_34793,cae992f67b6046b56f6e105620040a2a0d01e32684d0bfd90dcdd65417870f06,2,2,0,False,"36215,39830",train
dup_34813,cb0c3f52446e9470b281be308f5005aa7e5606f623abaeedbe688dfea873b5e9,2,2,0,False,"46784,46789",train
dup_34869,cb55261f81a49885d8957fd79aea6ead88f740018b685fca7c7f39ec46c65a51,2,2,0,False,"40154,41959",train
dup_34873,cb5860a81b46046876ab45bbb0cd4743be59aac6116d19c448605e5bfc5d7700,2,2,0,False,"33254,39318",train
dup_34889,cb724163cec389fec3ecd8875d46f09ae7d9162aa09484cf67459dc28e9c3a5f,3,3,0,False,"31116,34059,34060",train
dup_34941,cbb7178db6bf28d2005fdcd5efc6b601a8c458f0d8e0bf69f6514fd881585d06,2,2,0,False,"8895,9652",train
dup_35048,cc4b15db80eaaaca93a43802aac176b60ba1bbed8c6de36e3ba323850361075a,2,2,0,False,"10683,10684",train
dup_35091,cc8fc25074c655036ab9158a5834c6d341faae452c99e3d5268556062b821759,2,2,0,False,"40137,41979",train
dup_35173,cd177c22b67a1210b39e600ed796bb06615babfceb7cceb06c450c08ba006de8,2,2,0,False,"41759,43694",train
dup_35213,cd5172588a28605c4e587c569e379ca5d4693015811db4c9f9ceb70f9022b703,2,2,0,False,"8727,9619",train
dup_35260,cda659c079fe0f6b7bdb9432b37974c9a45f2c3335bc6fd39e1b3309ac25abee,2,2,0,False,"9453,9454",train
dup_35276,cdb605cd2116a95d2877edce4bb2b84aa8e961ef371c7eebd76521f9cc3c1374,3,3,0,False,"38505,41002,41003",train
dup_35436,ce70a10525df33443128364708498c71cb53b6b4197a2ce4a8d4038db96b7023,2,2,0,False,"34115,35434",train
dup_35458,ce92334ce5814cccf92bce14c1d6fd667bce5afa106f8543455ad7f14a88301c,3,3,0,False,"40143,41997,41998",train
dup_35552,cf2d7076c91e430b57dd60b55115fc2137a9e9fa7a831582e843c94958d196c2,2,2,0,False,"11106,11107",train
dup_35804,d0de414ad826f369ad9471793818fa7d11e93e116512b1bd89fd584042a6ee8f,2,2,0,False,"36731,39841",train
dup_35833,d103b408d57c6c2318c70b26edbf7fa10ce2b529dce4aad1b82580d59995eb31,2,2,0,False,"38766,38767",train
dup_35850,d11ec9fc750e01b09ff9eecdd8d30838b72689f40efcc3efdb163d626e8e854c,2,2,0,False,"10643,10644",train
dup_36013,d1fec6a9befda92f60f332ade1c633000e3435b72da67497b17c62240c64fa0b,3,3,0,False,"40146,42003,42004",train
dup_36074,d2518cdc377e30de844444f8d65d820dcf5148db63168f2358796f455fbf6990,2,2,0,False,"31129,34061",train
dup_36086,d2684a970d9566044dcab366a86f9dd9c583451c6f06122d9b3fe50735edc664,2,2,0,False,"8792,9642",train
dup_36089,d26b13787238e971f7763b9e8b90dd288ccb7ea13338c795afb43b63e825f39b,2,2,0,False,"27229,33506",train
dup_36093,d277a9652543d7575820222a24e72fbcd14d8138411d5611a095a25d6f57f290,2,2,0,False,"8384,8385",train
dup_36204,d33b088ade196e40583107984e05e23193fdf662745d59c66a946bb919c00d74,2,2,0,False,"18166,18167",train
dup_36240,d370b73cf495c0058c9f7e1dd1b28f41c8d58863fe6d7603543ea969819280ce,3,3,0,False,"40159,43041,43042",train
dup_36247,d37a9432c4cf864513b56fa54f4bec96b8b34e9589f87428d4d2f66a878f916e,2,1,1,True,"50719,52126","prediction,train"
dup_36251,d37e79d80b8f8627eb33b344c722c9dd1e03c4deb6f55bb7c818c0a83c71484e,2,2,0,False,"8590,8591",train
dup_36263,d393b77eb617e7cdbbdfdb5e86eda4343e06422239340a864e117fd512659535,2,2,0,False,"19107,37153",train
dup_36297,d3c3732b20638749d10ea2e270b37153cb113402755e45a7ff17cee89af8136a,2,2,0,False,"8940,9658",train
dup_36306,d3d69dab040b4947adf80b4b9d8a439a23f6733d4dc19e755fe1118f339bd6ad,3,3,0,False,"31115,34054,34055",train
dup_36539,d55615f712b8ec04b46641d1f301ed8670f1b9e018b18801fdbe836df07c1a59,2,2,0,False,"8588,8589",train
dup_36553,d5699ee269450af16494dcd3927bc452b75bf669b328457d232c7581eebff776,2,2,0,False,"9804,9805",train
dup_36594,d5aa383dab89eaeda990839a74dea8b73936e9a1368db783493a1850f828830a,2,2,0,False,"9451,9452",train
dup_36691,d637ecb2fb47c18f5ce35194a0c3e86106e32f270824ee976dcc2907f41dc672,2,2,0,False,"8730,9622",train
dup_36879,d7820df1f6b469ac09fd64c385be339a113c43ea92d5da0ec8a1660d198c2de9,2,2,0,False,"27552,32501",train
dup_36927,d7c9e33d253cc3b901208aa9e966f4c48f9edba14428261be559aae62be58b92,2,2,0,False,"21853,23132",train
dup_36936,d7d576e43e27d290cdde76bb2fa91d036c8e01402af52937cdc91d828a6b827b,3,3,0,False,"31107,34022,34023",train
dup_37043,d8594a9ef11d230d2fadeec6c7f69225906e8e4a11b5c1c352c7b8de6f3ec53a,2,2,0,False,"8774,9614",train
dup_37079,d8a4ceb223fcea75d5ad1c5a0fd807dc7cf1cd6b0d659f3ac3dd95a01eac7fc0,2,2,0,False,"38989,40953",train
dup_37139,d90907deeeb9475b7b67e457ffd14b1fc28248cd2c75210b21f008e5cdb92d0a,2,2,0,False,"8751,9669",train
dup_37165,d92f14f684b460861c9923e91dc4757e1b6cc954e8dd5fc343f19c80db63ac83,3,3,0,False,"36719,39855,39856",train
dup_37444,daf2a9b05110fc05aa631e27ab1e26ae1b2eccc30aa0606bb2685bafd33fe56c,2,2,0,False,"29652,31648",train
dup_37485,db31b6cb9472e900ac927a5c6603b2cf4aad12a56c16d724fdb536d73d5a2392,2,2,0,False,"33259,39336",train
dup_37505,db5038f7559aca3eb1999c8b5426b815c1b9f3b2d7c38c78d18a548783724c76,3,3,0,False,"31097,34036,34037",train
dup_37583,dbcec563672af017e7badf4b75b08183117e82e1bfa79633ff14437402cc925e,2,2,0,False,"27210,33489",train
dup_37707,dc8c98561c548dd661df3f619069ef9c62dfbe8541894c77cbd064c6714bb7f0,2,2,0,False,"8740,9645",train
dup_37776,dcf05c7f51f48a677f776fb5db8c2ecb57334cb1b7361666676bfefa34286e43,2,2,0,False,"41312,43589",train
dup_37808,dd1a292aca9b860607b969bb226cec7519dcdaefcec7b2f1e818ffdc5ee7dda2,2,2,0,False,"31124,34015",train
dup_37842,dd4d8a8463361e37256c4dc7a026701b16841e365c9bc6975cfcf4f7f2efc484,2,0,2,False,"56154,56157",prediction
dup_37883,dd932ff4be4ca7c33680db0e3b8192ab7d2ec04451784c52bfc5504264973663,2,0,2,False,"59499,59516",prediction
dup_37962,de121fbd56376ef759101e06dd2a7ec290780d619dc03d55dc5414652e6a3f75,3,3,0,False,"31091,34048,34049",train
dup_37972,de2566a7c47481f268f7b33f267c9b878b45c130708e4e45dae3b31d41fd5ea3,2,2,0,False,"8382,8383",train
dup_37976,de25ed4aa431fb503475e8bf8af2ec1ff1f71b284cd0bdd0d416df65e2ce1d01,2,2,0,False,"39321,39322",train
dup_37993,de42d6b674618865f4cc94413aeabbd8eb09f8f3c6d749a6edaa9f8b84999141,3,3,0,False,"33148,38934,38935",train
dup_38004,de510a9f4320f41733fa28144d00a67fdfdf533a189b3b59a60fafce39d1e2e0,2,2,0,False,"36730,39849",train
dup_38069,deb52817d04609ab1d2d931e94f156b8ac42161265d49cfc920c2fbaf302cd19,2,2,0,False,"13320,13321",train
dup_38155,df442bb47101a72b4456cf004fa09cfaf201938e78fdd5b9390bcb2589b04df2,2,2,0,False,"9457,9458",train
dup_38454,e12eb100dcd56c2995d67580eeef73fbcfb2ed9ff6c8b445c2bda64c1dc23dc1,2,2,0,False,"9475,9476",train
dup_38560,e1ac660838b568522a13cfff986c87d148530f351c3b2bd7814a3f5ed3958b68,2,2,0,False,"27218,33498",train
dup_38586,e1cc2e55c6e2bc8bdc072d5e469520235296b1b950aa0e85b271a5414b73ece7,2,2,0,False,"8790,9634",train
dup_38731,e297fc23849502caaaf8c1882689955a01849f6d60bb74ae2fe1b76423edc981,3,3,0,False,"31122,34011,34012",train
dup_38740,e2a3dda795372827b9f43b39260e48ef75cb352cbe3c90a3eeda084796e25291,2,2,0,False,"8737,9641",train
dup_38809,e30684d878e9599aea99227cae70d86722dd4362060a424cd510b02e2ad83f72,2,2,0,False,"26113,31088",train
dup_38937,e3b46254ad40e404943a9bb580950e26b00f4accf040dc7bda5c810e1373d2fd,2,2,0,False,"27563,43544",train
dup_38952,e3d026896297751e906a53fd0946e6a789d5797d13de27ac98962c0578455fec,2,2,0,False,"33277,33278",train
dup_38972,e3ed47a52c4d4b6f53cf2f1ed89e0c6b1e74705779282a07df6a3b8b863a1eaf,2,2,0,False,"39333,39334",train
dup_39014,e43f7990e0067b1988dc85ee2be616691a4474515408df742f582fa9254ed5d5,2,2,0,False,"27215,33495",train
dup_39099,e4be93033e56620d5beff5dc08db8c1afad53f8f2270a0941283748ca709bb89,2,2,0,False,"29639,31641",train
dup_39108,e4d19a99d1e5097cd0cb837573cc831942b835be0ff73e85a9e99229f429416e,2,2,0,False,"13884,13885",train
dup_39161,e51a41189cf7ab42eb2d23fd421be184d6fefc4284474dc55c4e9f44e0409bd5,3,3,0,False,"42290,46813,46814",train
dup_39189,e544ee3266e1bb07566e86d88f7e76e8f8f54522e9f35d755dde08f7398d3695,2,2,0,False,"13329,13330",train
dup_39194,e54887580e48a25e976d46a1714e240d4a2ce20ad48c7bd9dbebf6dd69be8654,2,2,0,False,"26041,29692",train
dup_39329,e619a10af27c004fa4a90f817cdba97f585e523a50fd168aa759111cca92336d,2,2,0,False,"27214,33494",train
dup_39354,e63bad0e07e4354a0d9d3585d32dec94b3bbd574c5a1b91601c966a54c8f278a,3,3,0,False,"39010,40943,40944",train
dup_39501,e71dbc53e72f40ceb8aa16bb5a9cac81d3861508c716a0dd4bf6212474ba7505,2,2,0,False,"4947,4948",train
dup_39511,e7384b928dbcee98c211231260a481c009f737a54bb458ee57fd1cdc1ce65b84,2,2,0,False,"29655,43960",train
dup_39522,e745373c763abb64e87acc4cd5fa0f76f952061eb8dd17422f8ff95da3fbdc50,2,2,0,False,"8899,9664",train
dup_39527,e74de20094f8ceb5ea3ed9df84744db77d418e59db187570c85caf2daf6ea715,2,2,0,False,"11071,11072",train
dup_39596,e7c1678553322f6b36eedf84cdb021aa97b6e3bb5981ff885e2dd6532c60a22a,2,2,0,False,"34111,35449",train
dup_39603,e7cd3d675f0c5dbee5205ee035e4263251f6b6cdf9a4c0e6cd2ab206a5a26433,2,2,0,False,"8939,9657",train
dup_39631,e7f2ee761901ed74ff61899d84ef8b2528db4b70a9ab71063b55f7e44d6021c4,2,2,0,False,"7170,8799",train
dup_39643,e8064dad1efb92c6cbe6b56ec383765ef2b7e3b7b8734a6970a01353d4f74f60,2,2,0,False,"8321,8322",train
dup_39963,ea15969300942835b89937e26c1961a49cb832b24850be8fb3a036254d9f6808,2,2,0,False,"4945,4946",train
dup_40025,ea745935c5593ce36f11221a8026ff9ce867aa683578e95eb5dda4412a1c5a37,2,1,1,True,"50717,52122","prediction,train"
dup_40106,eaddba894dcbb4058fa13c2fa4662d0e14429c8d4742e47fe1304473ed56b1ed,3,3,0,False,"31154,34176,34177",train
dup_40123,eaffeed9e125388ebe1002b9b2e32ca3f51dfeceaf91416dc0e65896f7a69124,2,2,0,False,"13882,13883",train
dup_40250,ebc553bc16f311b0b24741c64256ad1ba84e156404a398e3899eb4af4d251c58,3,3,0,False,"40152,41969,41970",train
dup_40312,ec194dbd514f82023ffa5fea8441820f5e50de3b751dca4fa9facacf643b8fa4,2,2,0,False,"13313,13314",train
dup_40328,ec2ff2096ce7a7e5ffe850ce48130dafb78ec6371b3b31f004150b0344d26551,2,2,0,False,"8775,9617",train
dup_40384,ec972a308af3c2925f7c98ecdacc1369d2ca05601c7c8d6317292289fc7c2c95,2,2,0,False,"8372,8375",train
dup_40546,ed86bc6692dae22154f64f22afcd5ee79b4022092cc2996ea07bc148c4cb9334,2,2,0,False,"29672,31662",train
dup_40586,edd038483dda18b37966efda16bd82090d2068dd9d68e718ca968e55aba03364,2,2,0,False,"13224,13225",train
dup_40589,edd275b456fd95ef8767dcd2ea0aba8a4934729ea0775ce587b135c21bdff91b,2,2,0,False,"13874,13875",train
dup_40692,ee7d5e86a7ec6f14091d48b787ff2b66d25dbf849582a7d4ba11128a3d3f61a7,2,2,0,False,"38506,40996",train
dup_40719,ee9c2b8f97057d4bdd1025a2605695a3b1d4f1b81e163b4d20d5c276a4a9d5ef,3,3,0,False,"41309,43577,43578",train
dup_40777,eeefe50db100831fa91a700d088be25e2b120b35074ba36acda66e67f71d45e1,2,2,0,False,"28346,28349",train
dup_40855,ef5e6fcf4233f5af6789c91878448d7ac2d0b583792475cf07c9c24c580372b0,3,3,0,False,"13514,13515,13516",train
dup_40977,f0203c49f2968dd6a984ed46d2b35558afcd5b6aa7eaaa90c0908f6e0849503e,2,2,0,False,"27572,32505",train
dup_41029,f0670c922cec7e4da042b7d5176a760af6822a321a13820bd7bb3e8880ffb773,3,3,0,False,"28160,28184,28191",train
dup_41043,f07c639b9fae870d753bfb313f9f497e6b546759ed5d1f14a211b13ce93bbe01,2,1,1,True,"50723,52130","prediction,train"
dup_41076,f0b2f30abc4b4e3b002ff4666478a8ff84b8ec703d6c26aad110f546e71cc911,2,2,0,False,"13218,13219",train
dup_41144,f114d7f29f4f144e15e65891247a97429bdb543371d52b806b3aadece69337dd,3,3,0,False,"33153,38944,38945",train
dup_41264,f1c5800e00d0531ecbdcf18873e1c8639e03a58f4985c46854e4c7acedc2d5d3,3,3,0,False,"33152,38946,38947",train
dup_41272,f1cca9e3aad863ce9e7def5f0465efbd91d0868eecd8e784ec4226a1a9089d2d,2,2,0,False,"9420,9421",train
dup_41316,f2025f98b248e5a2e1c64370ad1194f79b6e00cca68d8f7b746aa20d06a05688,3,3,0,False,"38482,40991,40992",train
dup_41400,f26fa8ef722877972ab13216066f3317050494e83f1fc05e03ae5c8cd68e4d79,2,2,0,False,"31128,34064",train
dup_41417,f290d65b7bd4b006a8bcba84c664a863a8c7d23068a9211195aa1c08a83c4d0c,3,3,0,False,"34100,35454,35455",train
dup_41530,f34206c9b0d2667c5b12ec44599f9799a3f9cafc0fe948bc782f295a773cf30d,2,1,1,True,"50718,52121","prediction,train"
dup_41582,f39cea63070ebe799f378a530480d79f2bddd68daebbbce78a6da43569505422,3,3,0,False,"31152,34172,34173",train
dup_41600,f3c2d53040df6f3c8dbe0199ad9a482260bc8af0c52fcd1b5c1253c92b67f643,2,2,0,False,"4884,4885",train
dup_41780,f4d433ed0ff47ccbbc84e1d4ff6c5b76ce36f2650ec227c545fe0e719a523f3d,2,2,0,False,"47153,47154",train
dup_41810,f501856ebf65c5c6b91fb29231c2d1b9b89265041d5f24e18e24eecd85a6b8be,2,2,0,False,"40141,41987",train
dup_41855,f53b38c1ad7d260efab2857c31cee48f59a32c524ccdca5fddbdd34229c3d930,2,2,0,False,"6489,6492",train
dup_42044,f677a2eb6e5e94e11c42ddc8f64efd35e8fadb4c1031a57a231cc50a6df0224e,3,3,0,False,"31121,34009,34010",train
dup_42087,f6c54c73a946de9a26fbd2cf6251ce8e912641ba75bf7db59f20e3c5ccf5f034,2,2,0,False,"38996,40933",train
dup_42117,f6f2067b43dd844a6aa81fe4346bb795b5b0ba404ec10fd63b8d1c563424cd9c,3,3,0,False,"40153,41965,41966",train
dup_42195,f76c22a40845d9b814babfaa823353cb6c4cce2a5d575f5cba0b8be3016caa81,2,2,0,False,"28174,28182",train
dup_42225,f79cd7d87b6e0e2a3fafbbd4c81a882b7c31d9cf44b895dd22f23e7296d93340,2,2,0,False,"8739,9644",train
dup_42286,f7fe9e8d65936eba1d8cd9563a572a349e19b837c6642ee4e3c792407df78539,2,2,0,False,"8378,8379",train
dup_42301,f8110f63b74d361576f0275268931516dded3e79aae09fcf672b0a02e1590a57,2,2,0,False,"29946,29947",train
dup_42456,f8d73d402b62d3c9316bbfb5852d7b5ffcf182b08a086ab71da14e1083e26ef8,2,2,0,False,"13315,13316",train
dup_42565,f96cbc0024bd092e6e0b325023f112ec897dd159e75ba96988e7bc73c355a35e,2,2,0,False,"4868,4869",train
dup_42593,f9a5ed9b7e906ae3ddc8de98b666236ce04ca44080029c686c6e5bd37a33d04f,2,2,0,False,"36723,39834",train
dup_42617,f9c94e44443c0a6d0be0157f053b3f0daf7b28afe05c27f53b4e8ee310768e84,2,2,0,False,"31105,33304",train
dup_42703,fa5577bfbbbc4ea7abcdc5e9b30b02c782f1df1a32a2e695334857169e5df0fd,2,2,0,False,"8338,8339",train
dup_42873,fb6626e84dd4bafee235ef4fbc634ffd588b7f4b1ea40e1cf603907c04e1c33f,2,2,0,False,"8943,9661",train
dup_42883,fb78d773621e14424e47048fd999a1e0326f0a32eabdb5a0f3f8bd5ef7637353,3,3,0,False,"36725,39860,39861",train
dup_42920,fbaaea0570114ca4e7f9dd85630cce385ced1c8619cfc0cc888783535639702a,2,2,0,False,"40144,41999",train
dup_43078,fc891911d7e2095fab152eb255f8b923e41244afdd1c022c5454a876fa15191d,2,2,0,False,"9882,9883",train
dup_43206,fd31fea7008c1a5c8a36ef2cbe03b8767decb1da894f9b807d42091e8b6dc000,2,2,0,False,"39009,40941",train
dup_43270,fd82448d0c561051338ccf9a828d0db5119c83c2c4013be734d82b9e5686cf41,2,2,0,False,"41751,43698",train
dup_43274,fd8e49251f698bd3abf773a2e869aa6ba829d12aa7a779bbceab84cb1132d52d,2,2,0,False,"36200,39754",train
dup_43348,fe0b73d06862fce60869777c9d02faa9d2ee9bf7607afd20b0727c39f724911b,2,2,0,False,"41750,43682",train
dup_43380,fe32ea6c24222882b5c46a7a0525c88124bec65b0f5080758c118f6e6c25c43d,3,3,0,False,"40133,41988,41989",train
dup_43492,fef37def02821eb787ba295e3c2aac749f663a46c74b20c2d7d99b3fb1450414,2,2,0,False,"8724,9615",train
dup_43521,ff1c8f8f974e189845add862d8e77fa730e6b736a5e0cde03e484f166b354b9c,2,2,0,False,"13263,13264",train
dup_43554,ff4f7bcee34fd5c178b87cd3d4d135a2c13ea845b73b855d50289b2032256f7d,2,2,0,False,"23793,24301",train
