method,fold,size,query_source,gallery_source,protocol,scope,checkpoint_fingerprint,config_fingerprint,descriptor_fingerprint,width,height,query_transform_seconds,gallery_transform_seconds,query_source_bytes,gallery_source_bytes,feature_bytes_per_image,uint8_tensor_bytes_per_image,float32_tensor_bytes_per_image,metric,k,aggregation,value,query_count,class_count,passed
hog-plus-spatial-hsv-edge-equal-v1,1,240x320,teacher,teacher,primary,development,,,beddc2defcc98515aab246abd33dd1810b93c84c82f34cf7481af85cde59ffc6,240.00000000,320.00000000,1009.35183002,1009.35183002,7550899200.00000000,7550899200.00000000,8512.00000000,230400.00000000,921600.00000000,ndcg,5,query_mean,0.51892515,6552,104,
hog-plus-spatial-hsv-edge-equal-v1,1,240x320,teacher,teacher,primary,development,,,beddc2defcc98515aab246abd33dd1810b93c84c82f34cf7481af85cde59ffc6,240.00000000,320.00000000,1009.35183002,1009.35183002,7550899200.00000000,7550899200.00000000,8512.00000000,230400.00000000,921600.00000000,ndcg,5,article_type_macro,0.42100253,6552,104,
hog-plus-spatial-hsv-edge-equal-v1,1,240x320,teacher,teacher,primary,development,,,beddc2defcc98515aab246abd33dd1810b93c84c82f34cf7481af85cde59ffc6,240.00000000,320.00000000,1009.35183002,1009.35183002,7550899200.00000000,7550899200.00000000,8512.00000000,230400.00000000,921600.00000000,precision_any,5,query_mean,0.76175214,6552,104,
hog-plus-spatial-hsv-edge-equal-v1,1,240x320,teacher,teacher,primary,development,,,beddc2defcc98515aab246abd33dd1810b93c84c82f34cf7481af85cde59ffc6,240.00000000,320.00000000,1009.35183002,1009.35183002,7550899200.00000000,7550899200.00000000,8512.00000000,230400.00000000,921600.00000000,precision_any,5,article_type_macro,0.53278939,6552,104,
hog-plus-spatial-hsv-edge-equal-v1,1,240x320,teacher,teacher,primary,development,,,beddc2defcc98515aab246abd33dd1810b93c84c82f34cf7481af85cde59ffc6,240.00000000,320.00000000,1009.35183002,1009.35183002,7550899200.00000000,7550899200.00000000,8512.00000000,230400.00000000,921600.00000000,precision_strict,5,query_mean,0.23782051,6552,104,
hog-plus-spatial-hsv-edge-equal-v1,1,240x320,teacher,teacher,primary,development,,,beddc2defcc98515aab246abd33dd1810b93c84c82f34cf7481af85cde59ffc6,240.00000000,320.00000000,1009.35183002,1009.35183002,7550899200.00000000,7550899200.00000000,8512.00000000,230400.00000000,921600.00000000,precision_strict,5,article_type_macro,0.12143936,6552,104,
hog-plus-spatial-hsv-edge-equal-v1,1,240x320,teacher,teacher,primary,development,,,beddc2defcc98515aab246abd33dd1810b93c84c82f34cf7481af85cde59ffc6,240.00000000,320.00000000,1009.35183002,1009.35183002,7550899200.00000000,7550899200.00000000,8512.00000000,230400.00000000,921600.00000000,tie_rate,5,query_mean,0.03508237,6556,108,
hog-plus-spatial-hsv-edge-equal-v1,1,240x320,teacher,teacher,primary,development,,,beddc2defcc98515aab246abd33dd1810b93c84c82f34cf7481af85cde59ffc6,240.00000000,320.00000000,1009.35183002,1009.35183002,7550899200.00000000,7550899200.00000000,8512.00000000,230400.00000000,921600.00000000,tie_rate,5,article_type_macro,0.02898539,6556,108,
hog-plus-spatial-hsv-edge-equal-v1,1,240x320,teacher,teacher,primary,development,,,beddc2defcc98515aab246abd33dd1810b93c84c82f34cf7481af85cde59ffc6,240.00000000,320.00000000,1009.35183002,1009.35183002,7550899200.00000000,7550899200.00000000,8512.00000000,230400.00000000,921600.00000000,ndcg,10,query_mean,0.50509156,6552,104,
hog-plus-spatial-hsv-edge-equal-v1,1,240x320,teacher,teacher,primary,development,,,beddc2defcc98515aab246abd33dd1810b93c84c82f34cf7481af85cde59ffc6,240.00000000,320.00000000,1009.35183002,1009.35183002,7550899200.00000000,7550899200.00000000,8512.00000000,230400.00000000,921600.00000000,ndcg,10,article_type_macro,0.40894731,6552,104,
hog-plus-spatial-hsv-edge-equal-v1,1,240x320,teacher,teacher,primary,development,,,beddc2defcc98515aab246abd33dd1810b93c84c82f34cf7481af85cde59ffc6,240.00000000,320.00000000,1009.35183002,1009.35183002,7550899200.00000000,7550899200.00000000,8512.00000000,230400.00000000,921600.00000000,precision_any,10,query_mean,0.73530220,6552,104,
hog-plus-spatial-hsv-edge-equal-v1,1,240x320,teacher,teacher,primary,development,,,beddc2defcc98515aab246abd33dd1810b93c84c82f34cf7481af85cde59ffc6,240.00000000,320.00000000,1009.35183002,1009.35183002,7550899200.00000000,7550899200.00000000,8512.00000000,230400.00000000,921600.00000000,precision_any,10,article_type_macro,0.47187669,6552,104,
hog-plus-spatial-hsv-edge-equal-v1,1,240x320,teacher,teacher,primary,development,,,beddc2defcc98515aab246abd33dd1810b93c84c82f34cf7481af85cde59ffc6,240.00000000,320.00000000,1009.35183002,1009.35183002,7550899200.00000000,7550899200.00000000,8512.00000000,230400.00000000,921600.00000000,precision_strict,10,query_mean,0.22101648,6552,104,
hog-plus-spatial-hsv-edge-equal-v1,1,240x320,teacher,teacher,primary,development,,,beddc2defcc98515aab246abd33dd1810b93c84c82f34cf7481af85cde59ffc6,240.00000000,320.00000000,1009.35183002,1009.35183002,7550899200.00000000,7550899200.00000000,8512.00000000,230400.00000000,921600.00000000,precision_strict,10,article_type_macro,0.10669566,6552,104,
hog-plus-spatial-hsv-edge-equal-v1,1,240x320,teacher,teacher,primary,development,,,beddc2defcc98515aab246abd33dd1810b93c84c82f34cf7481af85cde59ffc6,240.00000000,320.00000000,1009.35183002,1009.35183002,7550899200.00000000,7550899200.00000000,8512.00000000,230400.00000000,921600.00000000,tie_rate,10,query_mean,0.03860586,6556,108,
hog-plus-spatial-hsv-edge-equal-v1,1,240x320,teacher,teacher,primary,development,,,beddc2defcc98515aab246abd33dd1810b93c84c82f34cf7481af85cde59ffc6,240.00000000,320.00000000,1009.35183002,1009.35183002,7550899200.00000000,7550899200.00000000,8512.00000000,230400.00000000,921600.00000000,tie_rate,10,article_type_macro,0.03491761,6556,108,
hog-plus-spatial-hsv-edge-equal-v1,1,240x320,teacher,teacher,primary,development,,,beddc2defcc98515aab246abd33dd1810b93c84c82f34cf7481af85cde59ffc6,240.00000000,320.00000000,1009.35183002,1009.35183002,7550899200.00000000,7550899200.00000000,8512.00000000,230400.00000000,921600.00000000,ndcg,20,query_mean,0.49150888,6552,104,
hog-plus-spatial-hsv-edge-equal-v1,1,240x320,teacher,teacher,primary,development,,,beddc2defcc98515aab246abd33dd1810b93c84c82f34cf7481af85cde59ffc6,240.00000000,320.00000000,1009.35183002,1009.35183002,7550899200.00000000,7550899200.00000000,8512.00000000,230400.00000000,921600.00000000,ndcg,20,article_type_macro,0.39900134,6552,104,
hog-plus-spatial-hsv-edge-equal-v1,1,240x320,teacher,teacher,primary,development,,,beddc2defcc98515aab246abd33dd1810b93c84c82f34cf7481af85cde59ffc6,240.00000000,320.00000000,1009.35183002,1009.35183002,7550899200.00000000,7550899200.00000000,8512.00000000,230400.00000000,921600.00000000,precision_any,20,query_mean,0.70547161,6552,104,
hog-plus-spatial-hsv-edge-equal-v1,1,240x320,teacher,teacher,primary,development,,,beddc2defcc98515aab246abd33dd1810b93c84c82f34cf7481af85cde59ffc6,240.00000000,320.00000000,1009.35183002,1009.35183002,7550899200.00000000,7550899200.00000000,8512.00000000,230400.00000000,921600.00000000,precision_any,20,article_type_macro,0.40313242,6552,104,
hog-plus-spatial-hsv-edge-equal-v1,1,240x320,teacher,teacher,primary,development,,,beddc2defcc98515aab246abd33dd1810b93c84c82f34cf7481af85cde59ffc6,240.00000000,320.00000000,1009.35183002,1009.35183002,7550899200.00000000,7550899200.00000000,8512.00000000,230400.00000000,921600.00000000,precision_strict,20,query_mean,0.20251068,6552,104,
hog-plus-spatial-hsv-edge-equal-v1,1,240x320,teacher,teacher,primary,development,,,beddc2defcc98515aab246abd33dd1810b93c84c82f34cf7481af85cde59ffc6,240.00000000,320.00000000,1009.35183002,1009.35183002,7550899200.00000000,7550899200.00000000,8512.00000000,230400.00000000,921600.00000000,precision_strict,20,article_type_macro,0.09273925,6552,104,
hog-plus-spatial-hsv-edge-equal-v1,1,240x320,teacher,teacher,primary,development,,,beddc2defcc98515aab246abd33dd1810b93c84c82f34cf7481af85cde59ffc6,240.00000000,320.00000000,1009.35183002,1009.35183002,7550899200.00000000,7550899200.00000000,8512.00000000,230400.00000000,921600.00000000,tie_rate,20,query_mean,0.04059640,6556,108,
hog-plus-spatial-hsv-edge-equal-v1,1,240x320,teacher,teacher,primary,development,,,beddc2defcc98515aab246abd33dd1810b93c84c82f34cf7481af85cde59ffc6,240.00000000,320.00000000,1009.35183002,1009.35183002,7550899200.00000000,7550899200.00000000,8512.00000000,230400.00000000,921600.00000000,tie_rate,20,article_type_macro,0.03973836,6556,108,
hog-plus-spatial-hsv-edge-equal-v1,1,240x320,teacher,teacher,family,development,,,beddc2defcc98515aab246abd33dd1810b93c84c82f34cf7481af85cde59ffc6,240.00000000,320.00000000,1009.35183002,1009.35183002,7550899200.00000000,7550899200.00000000,8512.00000000,230400.00000000,921600.00000000,coverage,10,query_mean,0.39948139,6556,,
hog-plus-spatial-hsv-edge-equal-v1,1,240x320,teacher,teacher,family,development,,,beddc2defcc98515aab246abd33dd1810b93c84c82f34cf7481af85cde59ffc6,240.00000000,320.00000000,1009.35183002,1009.35183002,7550899200.00000000,7550899200.00000000,8512.00000000,230400.00000000,921600.00000000,tie_rate,10,query_mean,0.04023795,6556,,
hog-plus-spatial-hsv-edge-equal-v1,1,240x320,teacher,teacher,family,development,,,beddc2defcc98515aab246abd33dd1810b93c84c82f34cf7481af85cde59ffc6,240.00000000,320.00000000,1009.35183002,1009.35183002,7550899200.00000000,7550899200.00000000,8512.00000000,230400.00000000,921600.00000000,recall,10,query_mean,0.37589517,2619,,
hog-plus-spatial-hsv-edge-equal-v1,1,240x320,teacher,teacher,family,development,,,beddc2defcc98515aab246abd33dd1810b93c84c82f34cf7481af85cde59ffc6,240.00000000,320.00000000,1009.35183002,1009.35183002,7550899200.00000000,7550899200.00000000,8512.00000000,230400.00000000,921600.00000000,hit_rate,10,query_mean,0.64490263,2619,,
hog-plus-spatial-hsv-edge-equal-v1,1,240x320,teacher,teacher,family,development,,,beddc2defcc98515aab246abd33dd1810b93c84c82f34cf7481af85cde59ffc6,240.00000000,320.00000000,1009.35183002,1009.35183002,7550899200.00000000,7550899200.00000000,8512.00000000,230400.00000000,921600.00000000,precision,10,query_mean,0.15887743,2619,,
hog-plus-spatial-hsv-edge-equal-v1,1,240x320,v1,v1,primary,development,,,beddc2defcc98515aab246abd33dd1810b93c84c82f34cf7481af85cde59ffc6,240.00000000,320.00000000,1016.51920268,1016.51920268,11525856401.00000000,11525856401.00000000,8512.00000000,230400.00000000,921600.00000000,ndcg,5,query_mean,0.51279259,6552,104,
hog-plus-spatial-hsv-edge-equal-v1,1,240x320,v1,v1,primary,development,,,beddc2defcc98515aab246abd33dd1810b93c84c82f34cf7481af85cde59ffc6,240.00000000,320.00000000,1016.51920268,1016.51920268,11525856401.00000000,11525856401.00000000,8512.00000000,230400.00000000,921600.00000000,ndcg,5,article_type_macro,0.42751183,6552,104,
hog-plus-spatial-hsv-edge-equal-v1,1,240x320,v1,v1,primary,development,,,beddc2defcc98515aab246abd33dd1810b93c84c82f34cf7481af85cde59ffc6,240.00000000,320.00000000,1016.51920268,1016.51920268,11525856401.00000000,11525856401.00000000,8512.00000000,230400.00000000,921600.00000000,precision_any,5,query_mean,0.76978022,6552,104,
hog-plus-spatial-hsv-edge-equal-v1,1,240x320,v1,v1,primary,development,,,beddc2defcc98515aab246abd33dd1810b93c84c82f34cf7481af85cde59ffc6,240.00000000,320.00000000,1016.51920268,1016.51920268,11525856401.00000000,11525856401.00000000,8512.00000000,230400.00000000,921600.00000000,precision_any,5,article_type_macro,0.54632853,6552,104,
hog-plus-spatial-hsv-edge-equal-v1,1,240x320,v1,v1,primary,development,,,beddc2defcc98515aab246abd33dd1810b93c84c82f34cf7481af85cde59ffc6,240.00000000,320.00000000,1016.51920268,1016.51920268,11525856401.00000000,11525856401.00000000,8512.00000000,230400.00000000,921600.00000000,precision_strict,5,query_mean,0.21926129,6552,104,
hog-plus-spatial-hsv-edge-equal-v1,1,240x320,v1,v1,primary,development,,,beddc2defcc98515aab246abd33dd1810b93c84c82f34cf7481af85cde59ffc6,240.00000000,320.00000000,1016.51920268,1016.51920268,11525856401.00000000,11525856401.00000000,8512.00000000,230400.00000000,921600.00000000,precision_strict,5,article_type_macro,0.11862249,6552,104,
hog-plus-spatial-hsv-edge-equal-v1,1,240x320,v1,v1,primary,development,,,beddc2defcc98515aab246abd33dd1810b93c84c82f34cf7481af85cde59ffc6,240.00000000,320.00000000,1016.51920268,1016.51920268,11525856401.00000000,11525856401.00000000,8512.00000000,230400.00000000,921600.00000000,tie_rate,5,query_mean,0.03471629,6556,108,
hog-plus-spatial-hsv-edge-equal-v1,1,240x320,v1,v1,primary,development,,,beddc2defcc98515aab246abd33dd1810b93c84c82f34cf7481af85cde59ffc6,240.00000000,320.00000000,1016.51920268,1016.51920268,11525856401.00000000,11525856401.00000000,8512.00000000,230400.00000000,921600.00000000,tie_rate,5,article_type_macro,0.02410887,6556,108,
hog-plus-spatial-hsv-edge-equal-v1,1,240x320,v1,v1,primary,development,,,beddc2defcc98515aab246abd33dd1810b93c84c82f34cf7481af85cde59ffc6,240.00000000,320.00000000,1016.51920268,1016.51920268,11525856401.00000000,11525856401.00000000,8512.00000000,230400.00000000,921600.00000000,ndcg,10,query_mean,0.50025080,6552,104,
hog-plus-spatial-hsv-edge-equal-v1,1,240x320,v1,v1,primary,development,,,beddc2defcc98515aab246abd33dd1810b93c84c82f34cf7481af85cde59ffc6,240.00000000,320.00000000,1016.51920268,1016.51920268,11525856401.00000000,11525856401.00000000,8512.00000000,230400.00000000,921600.00000000,ndcg,10,article_type_macro,0.41148456,6552,104,
hog-plus-spatial-hsv-edge-equal-v1,1,240x320,v1,v1,primary,development,,,beddc2defcc98515aab246abd33dd1810b93c84c82f34cf7481af85cde59ffc6,240.00000000,320.00000000,1016.51920268,1016.51920268,11525856401.00000000,11525856401.00000000,8512.00000000,230400.00000000,921600.00000000,precision_any,10,query_mean,0.74155983,6552,104,
hog-plus-spatial-hsv-edge-equal-v1,1,240x320,v1,v1,primary,development,,,beddc2defcc98515aab246abd33dd1810b93c84c82f34cf7481af85cde59ffc6,240.00000000,320.00000000,1016.51920268,1016.51920268,11525856401.00000000,11525856401.00000000,8512.00000000,230400.00000000,921600.00000000,precision_any,10,article_type_macro,0.47541780,6552,104,
hog-plus-spatial-hsv-edge-equal-v1,1,240x320,v1,v1,primary,development,,,beddc2defcc98515aab246abd33dd1810b93c84c82f34cf7481af85cde59ffc6,240.00000000,320.00000000,1016.51920268,1016.51920268,11525856401.00000000,11525856401.00000000,8512.00000000,230400.00000000,921600.00000000,precision_strict,10,query_mean,0.20695971,6552,104,
hog-plus-spatial-hsv-edge-equal-v1,1,240x320,v1,v1,primary,development,,,beddc2defcc98515aab246abd33dd1810b93c84c82f34cf7481af85cde59ffc6,240.00000000,320.00000000,1016.51920268,1016.51920268,11525856401.00000000,11525856401.00000000,8512.00000000,230400.00000000,921600.00000000,precision_strict,10,article_type_macro,0.10724103,6552,104,
hog-plus-spatial-hsv-edge-equal-v1,1,240x320,v1,v1,primary,development,,,beddc2defcc98515aab246abd33dd1810b93c84c82f34cf7481af85cde59ffc6,240.00000000,320.00000000,1016.51920268,1016.51920268,11525856401.00000000,11525856401.00000000,8512.00000000,230400.00000000,921600.00000000,tie_rate,10,query_mean,0.03848383,6556,108,
hog-plus-spatial-hsv-edge-equal-v1,1,240x320,v1,v1,primary,development,,,beddc2defcc98515aab246abd33dd1810b93c84c82f34cf7481af85cde59ffc6,240.00000000,320.00000000,1016.51920268,1016.51920268,11525856401.00000000,11525856401.00000000,8512.00000000,230400.00000000,921600.00000000,tie_rate,10,article_type_macro,0.02859667,6556,108,
hog-plus-spatial-hsv-edge-equal-v1,1,240x320,v1,v1,primary,development,,,beddc2defcc98515aab246abd33dd1810b93c84c82f34cf7481af85cde59ffc6,240.00000000,320.00000000,1016.51920268,1016.51920268,11525856401.00000000,11525856401.00000000,8512.00000000,230400.00000000,921600.00000000,ndcg,20,query_mean,0.48667933,6552,104,
hog-plus-spatial-hsv-edge-equal-v1,1,240x320,v1,v1,primary,development,,,beddc2defcc98515aab246abd33dd1810b93c84c82f34cf7481af85cde59ffc6,240.00000000,320.00000000,1016.51920268,1016.51920268,11525856401.00000000,11525856401.00000000,8512.00000000,230400.00000000,921600.00000000,ndcg,20,article_type_macro,0.39945414,6552,104,
hog-plus-spatial-hsv-edge-equal-v1,1,240x320,v1,v1,primary,development,,,beddc2defcc98515aab246abd33dd1810b93c84c82f34cf7481af85cde59ffc6,240.00000000,320.00000000,1016.51920268,1016.51920268,11525856401.00000000,11525856401.00000000,8512.00000000,230400.00000000,921600.00000000,precision_any,20,query_mean,0.70999695,6552,104,
hog-plus-spatial-hsv-edge-equal-v1,1,240x320,v1,v1,primary,development,,,beddc2defcc98515aab246abd33dd1810b93c84c82f34cf7481af85cde59ffc6,240.00000000,320.00000000,1016.51920268,1016.51920268,11525856401.00000000,11525856401.00000000,8512.00000000,230400.00000000,921600.00000000,precision_any,20,article_type_macro,0.40292646,6552,104,
hog-plus-spatial-hsv-edge-equal-v1,1,240x320,v1,v1,primary,development,,,beddc2defcc98515aab246abd33dd1810b93c84c82f34cf7481af85cde59ffc6,240.00000000,320.00000000,1016.51920268,1016.51920268,11525856401.00000000,11525856401.00000000,8512.00000000,230400.00000000,921600.00000000,precision_strict,20,query_mean,0.18920177,6552,104,
hog-plus-spatial-hsv-edge-equal-v1,1,240x320,v1,v1,primary,development,,,beddc2defcc98515aab246abd33dd1810b93c84c82f34cf7481af85cde59ffc6,240.00000000,320.00000000,1016.51920268,1016.51920268,11525856401.00000000,11525856401.00000000,8512.00000000,230400.00000000,921600.00000000,precision_strict,20,article_type_macro,0.09101567,6552,104,
hog-plus-spatial-hsv-edge-equal-v1,1,240x320,v1,v1,primary,development,,,beddc2defcc98515aab246abd33dd1810b93c84c82f34cf7481af85cde59ffc6,240.00000000,320.00000000,1016.51920268,1016.51920268,11525856401.00000000,11525856401.00000000,8512.00000000,230400.00000000,921600.00000000,tie_rate,20,query_mean,0.04093197,6556,108,
hog-plus-spatial-hsv-edge-equal-v1,1,240x320,v1,v1,primary,development,,,beddc2defcc98515aab246abd33dd1810b93c84c82f34cf7481af85cde59ffc6,240.00000000,320.00000000,1016.51920268,1016.51920268,11525856401.00000000,11525856401.00000000,8512.00000000,230400.00000000,921600.00000000,tie_rate,20,article_type_macro,0.03363605,6556,108,
hog-plus-spatial-hsv-edge-equal-v1,1,240x320,v1,v1,family,development,,,beddc2defcc98515aab246abd33dd1810b93c84c82f34cf7481af85cde59ffc6,240.00000000,320.00000000,1016.51920268,1016.51920268,11525856401.00000000,11525856401.00000000,8512.00000000,230400.00000000,921600.00000000,coverage,10,query_mean,0.39948139,6556,,
hog-plus-spatial-hsv-edge-equal-v1,1,240x320,v1,v1,family,development,,,beddc2defcc98515aab246abd33dd1810b93c84c82f34cf7481af85cde59ffc6,240.00000000,320.00000000,1016.51920268,1016.51920268,11525856401.00000000,11525856401.00000000,8512.00000000,230400.00000000,921600.00000000,tie_rate,10,query_mean,0.04055827,6556,,
hog-plus-spatial-hsv-edge-equal-v1,1,240x320,v1,v1,family,development,,,beddc2defcc98515aab246abd33dd1810b93c84c82f34cf7481af85cde59ffc6,240.00000000,320.00000000,1016.51920268,1016.51920268,11525856401.00000000,11525856401.00000000,8512.00000000,230400.00000000,921600.00000000,recall,10,query_mean,0.37135549,2619,,
hog-plus-spatial-hsv-edge-equal-v1,1,240x320,v1,v1,family,development,,,beddc2defcc98515aab246abd33dd1810b93c84c82f34cf7481af85cde59ffc6,240.00000000,320.00000000,1016.51920268,1016.51920268,11525856401.00000000,11525856401.00000000,8512.00000000,230400.00000000,921600.00000000,hit_rate,10,query_mean,0.64528446,2619,,
hog-plus-spatial-hsv-edge-equal-v1,1,240x320,v1,v1,family,development,,,beddc2defcc98515aab246abd33dd1810b93c84c82f34cf7481af85cde59ffc6,240.00000000,320.00000000,1016.51920268,1016.51920268,11525856401.00000000,11525856401.00000000,8512.00000000,230400.00000000,921600.00000000,precision,10,query_mean,0.16071019,2619,,
hog-plus-spatial-hsv-edge-equal-v1,1,240x320,teacher,v1,primary,development,,,beddc2defcc98515aab246abd33dd1810b93c84c82f34cf7481af85cde59ffc6,240.00000000,320.00000000,1009.35183002,1016.51920268,7550899200.00000000,11525856401.00000000,8512.00000000,230400.00000000,921600.00000000,ndcg,5,query_mean,0.50511995,6552,104,
hog-plus-spatial-hsv-edge-equal-v1,1,240x320,teacher,v1,primary,development,,,beddc2defcc98515aab246abd33dd1810b93c84c82f34cf7481af85cde59ffc6,240.00000000,320.00000000,1009.35183002,1016.51920268,7550899200.00000000,11525856401.00000000,8512.00000000,230400.00000000,921600.00000000,ndcg,5,article_type_macro,0.39575365,6552,104,
hog-plus-spatial-hsv-edge-equal-v1,1,240x320,teacher,v1,primary,development,,,beddc2defcc98515aab246abd33dd1810b93c84c82f34cf7481af85cde59ffc6,240.00000000,320.00000000,1009.35183002,1016.51920268,7550899200.00000000,11525856401.00000000,8512.00000000,230400.00000000,921600.00000000,precision_any,5,query_mean,0.74105617,6552,104,
hog-plus-spatial-hsv-edge-equal-v1,1,240x320,teacher,v1,primary,development,,,beddc2defcc98515aab246abd33dd1810b93c84c82f34cf7481af85cde59ffc6,240.00000000,320.00000000,1009.35183002,1016.51920268,7550899200.00000000,11525856401.00000000,8512.00000000,230400.00000000,921600.00000000,precision_any,5,article_type_macro,0.50094600,6552,104,
hog-plus-spatial-hsv-edge-equal-v1,1,240x320,teacher,v1,primary,development,,,beddc2defcc98515aab246abd33dd1810b93c84c82f34cf7481af85cde59ffc6,240.00000000,320.00000000,1009.35183002,1016.51920268,7550899200.00000000,11525856401.00000000,8512.00000000,230400.00000000,921600.00000000,precision_strict,5,query_mean,0.23308913,6552,104,
hog-plus-spatial-hsv-edge-equal-v1,1,240x320,teacher,v1,primary,development,,,beddc2defcc98515aab246abd33dd1810b93c84c82f34cf7481af85cde59ffc6,240.00000000,320.00000000,1009.35183002,1016.51920268,7550899200.00000000,11525856401.00000000,8512.00000000,230400.00000000,921600.00000000,precision_strict,5,article_type_macro,0.11325278,6552,104,
hog-plus-spatial-hsv-edge-equal-v1,1,240x320,teacher,v1,primary,development,,,beddc2defcc98515aab246abd33dd1810b93c84c82f34cf7481af85cde59ffc6,240.00000000,320.00000000,1009.35183002,1016.51920268,7550899200.00000000,11525856401.00000000,8512.00000000,230400.00000000,921600.00000000,tie_rate,5,query_mean,0.03007932,6556,108,
hog-plus-spatial-hsv-edge-equal-v1,1,240x320,teacher,v1,primary,development,,,beddc2defcc98515aab246abd33dd1810b93c84c82f34cf7481af85cde59ffc6,240.00000000,320.00000000,1009.35183002,1016.51920268,7550899200.00000000,11525856401.00000000,8512.00000000,230400.00000000,921600.00000000,tie_rate,5,article_type_macro,0.02365673,6556,108,
hog-plus-spatial-hsv-edge-equal-v1,1,240x320,teacher,v1,primary,development,,,beddc2defcc98515aab246abd33dd1810b93c84c82f34cf7481af85cde59ffc6,240.00000000,320.00000000,1009.35183002,1016.51920268,7550899200.00000000,11525856401.00000000,8512.00000000,230400.00000000,921600.00000000,ndcg,10,query_mean,0.49040229,6552,104,
hog-plus-spatial-hsv-edge-equal-v1,1,240x320,teacher,v1,primary,development,,,beddc2defcc98515aab246abd33dd1810b93c84c82f34cf7481af85cde59ffc6,240.00000000,320.00000000,1009.35183002,1016.51920268,7550899200.00000000,11525856401.00000000,8512.00000000,230400.00000000,921600.00000000,ndcg,10,article_type_macro,0.37819778,6552,104,
hog-plus-spatial-hsv-edge-equal-v1,1,240x320,teacher,v1,primary,development,,,beddc2defcc98515aab246abd33dd1810b93c84c82f34cf7481af85cde59ffc6,240.00000000,320.00000000,1009.35183002,1016.51920268,7550899200.00000000,11525856401.00000000,8512.00000000,230400.00000000,921600.00000000,precision_any,10,query_mean,0.71465201,6552,104,
hog-plus-spatial-hsv-edge-equal-v1,1,240x320,teacher,v1,primary,development,,,beddc2defcc98515aab246abd33dd1810b93c84c82f34cf7481af85cde59ffc6,240.00000000,320.00000000,1009.35183002,1016.51920268,7550899200.00000000,11525856401.00000000,8512.00000000,230400.00000000,921600.00000000,precision_any,10,article_type_macro,0.43709768,6552,104,
hog-plus-spatial-hsv-edge-equal-v1,1,240x320,teacher,v1,primary,development,,,beddc2defcc98515aab246abd33dd1810b93c84c82f34cf7481af85cde59ffc6,240.00000000,320.00000000,1009.35183002,1016.51920268,7550899200.00000000,11525856401.00000000,8512.00000000,230400.00000000,921600.00000000,precision_strict,10,query_mean,0.21399573,6552,104,
hog-plus-spatial-hsv-edge-equal-v1,1,240x320,teacher,v1,primary,development,,,beddc2defcc98515aab246abd33dd1810b93c84c82f34cf7481af85cde59ffc6,240.00000000,320.00000000,1009.35183002,1016.51920268,7550899200.00000000,11525856401.00000000,8512.00000000,230400.00000000,921600.00000000,precision_strict,10,article_type_macro,0.09997747,6552,104,
hog-plus-spatial-hsv-edge-equal-v1,1,240x320,teacher,v1,primary,development,,,beddc2defcc98515aab246abd33dd1810b93c84c82f34cf7481af85cde59ffc6,240.00000000,320.00000000,1009.35183002,1016.51920268,7550899200.00000000,11525856401.00000000,8512.00000000,230400.00000000,921600.00000000,tie_rate,10,query_mean,0.03361806,6556,108,
hog-plus-spatial-hsv-edge-equal-v1,1,240x320,teacher,v1,primary,development,,,beddc2defcc98515aab246abd33dd1810b93c84c82f34cf7481af85cde59ffc6,240.00000000,320.00000000,1009.35183002,1016.51920268,7550899200.00000000,11525856401.00000000,8512.00000000,230400.00000000,921600.00000000,tie_rate,10,article_type_macro,0.02505918,6556,108,
hog-plus-spatial-hsv-edge-equal-v1,1,240x320,teacher,v1,primary,development,,,beddc2defcc98515aab246abd33dd1810b93c84c82f34cf7481af85cde59ffc6,240.00000000,320.00000000,1009.35183002,1016.51920268,7550899200.00000000,11525856401.00000000,8512.00000000,230400.00000000,921600.00000000,ndcg,20,query_mean,0.47650324,6552,104,
hog-plus-spatial-hsv-edge-equal-v1,1,240x320,teacher,v1,primary,development,,,beddc2defcc98515aab246abd33dd1810b93c84c82f34cf7481af85cde59ffc6,240.00000000,320.00000000,1009.35183002,1016.51920268,7550899200.00000000,11525856401.00000000,8512.00000000,230400.00000000,921600.00000000,ndcg,20,article_type_macro,0.36105165,6552,104,
hog-plus-spatial-hsv-edge-equal-v1,1,240x320,teacher,v1,primary,development,,,beddc2defcc98515aab246abd33dd1810b93c84c82f34cf7481af85cde59ffc6,240.00000000,320.00000000,1009.35183002,1016.51920268,7550899200.00000000,11525856401.00000000,8512.00000000,230400.00000000,921600.00000000,precision_any,20,query_mean,0.68488248,6552,104,
hog-plus-spatial-hsv-edge-equal-v1,1,240x320,teacher,v1,primary,development,,,beddc2defcc98515aab246abd33dd1810b93c84c82f34cf7481af85cde59ffc6,240.00000000,320.00000000,1009.35183002,1016.51920268,7550899200.00000000,11525856401.00000000,8512.00000000,230400.00000000,921600.00000000,precision_any,20,article_type_macro,0.36680995,6552,104,
hog-plus-spatial-hsv-edge-equal-v1,1,240x320,teacher,v1,primary,development,,,beddc2defcc98515aab246abd33dd1810b93c84c82f34cf7481af85cde59ffc6,240.00000000,320.00000000,1009.35183002,1016.51920268,7550899200.00000000,11525856401.00000000,8512.00000000,230400.00000000,921600.00000000,precision_strict,20,query_mean,0.19623779,6552,104,
hog-plus-spatial-hsv-edge-equal-v1,1,240x320,teacher,v1,primary,development,,,beddc2defcc98515aab246abd33dd1810b93c84c82f34cf7481af85cde59ffc6,240.00000000,320.00000000,1009.35183002,1016.51920268,7550899200.00000000,11525856401.00000000,8512.00000000,230400.00000000,921600.00000000,precision_strict,20,article_type_macro,0.08386038,6552,104,
hog-plus-spatial-hsv-edge-equal-v1,1,240x320,teacher,v1,primary,development,,,beddc2defcc98515aab246abd33dd1810b93c84c82f34cf7481af85cde59ffc6,240.00000000,320.00000000,1009.35183002,1016.51920268,7550899200.00000000,11525856401.00000000,8512.00000000,230400.00000000,921600.00000000,tie_rate,20,query_mean,0.03619585,6556,108,
hog-plus-spatial-hsv-edge-equal-v1,1,240x320,teacher,v1,primary,development,,,beddc2defcc98515aab246abd33dd1810b93c84c82f34cf7481af85cde59ffc6,240.00000000,320.00000000,1009.35183002,1016.51920268,7550899200.00000000,11525856401.00000000,8512.00000000,230400.00000000,921600.00000000,tie_rate,20,article_type_macro,0.03374703,6556,108,
hog-plus-spatial-hsv-edge-equal-v1,1,240x320,teacher,v1,family,development,,,beddc2defcc98515aab246abd33dd1810b93c84c82f34cf7481af85cde59ffc6,240.00000000,320.00000000,1009.35183002,1016.51920268,7550899200.00000000,11525856401.00000000,8512.00000000,230400.00000000,921600.00000000,coverage,10,query_mean,0.39948139,6556,,
hog-plus-spatial-hsv-edge-equal-v1,1,240x320,teacher,v1,family,development,,,beddc2defcc98515aab246abd33dd1810b93c84c82f34cf7481af85cde59ffc6,240.00000000,320.00000000,1009.35183002,1016.51920268,7550899200.00000000,11525856401.00000000,8512.00000000,230400.00000000,921600.00000000,tie_rate,10,query_mean,0.03920073,6556,,
hog-plus-spatial-hsv-edge-equal-v1,1,240x320,teacher,v1,family,development,,,beddc2defcc98515aab246abd33dd1810b93c84c82f34cf7481af85cde59ffc6,240.00000000,320.00000000,1009.35183002,1016.51920268,7550899200.00000000,11525856401.00000000,8512.00000000,230400.00000000,921600.00000000,recall,10,query_mean,0.34773974,2619,,
hog-plus-spatial-hsv-edge-equal-v1,1,240x320,teacher,v1,family,development,,,beddc2defcc98515aab246abd33dd1810b93c84c82f34cf7481af85cde59ffc6,240.00000000,320.00000000,1009.35183002,1016.51920268,7550899200.00000000,11525856401.00000000,8512.00000000,230400.00000000,921600.00000000,hit_rate,10,query_mean,0.61664758,2619,,
hog-plus-spatial-hsv-edge-equal-v1,1,240x320,teacher,v1,family,development,,,beddc2defcc98515aab246abd33dd1810b93c84c82f34cf7481af85cde59ffc6,240.00000000,320.00000000,1009.35183002,1016.51920268,7550899200.00000000,11525856401.00000000,8512.00000000,230400.00000000,921600.00000000,precision,10,query_mean,0.14620084,2619,,
hog-plus-spatial-hsv-edge-equal-v1,1,240x320,v1,teacher,primary,development,,,beddc2defcc98515aab246abd33dd1810b93c84c82f34cf7481af85cde59ffc6,240.00000000,320.00000000,1016.51920268,1009.35183002,11525856401.00000000,7550899200.00000000,8512.00000000,230400.00000000,921600.00000000,ndcg,5,query_mean,0.50662759,6552,104,
hog-plus-spatial-hsv-edge-equal-v1,1,240x320,v1,teacher,primary,development,,,beddc2defcc98515aab246abd33dd1810b93c84c82f34cf7481af85cde59ffc6,240.00000000,320.00000000,1016.51920268,1009.35183002,11525856401.00000000,7550899200.00000000,8512.00000000,230400.00000000,921600.00000000,ndcg,5,article_type_macro,0.42106731,6552,104,
hog-plus-spatial-hsv-edge-equal-v1,1,240x320,v1,teacher,primary,development,,,beddc2defcc98515aab246abd33dd1810b93c84c82f34cf7481af85cde59ffc6,240.00000000,320.00000000,1016.51920268,1009.35183002,11525856401.00000000,7550899200.00000000,8512.00000000,230400.00000000,921600.00000000,precision_any,5,query_mean,0.75097680,6552,104,
hog-plus-spatial-hsv-edge-equal-v1,1,240x320,v1,teacher,primary,development,,,beddc2defcc98515aab246abd33dd1810b93c84c82f34cf7481af85cde59ffc6,240.00000000,320.00000000,1016.51920268,1009.35183002,11525856401.00000000,7550899200.00000000,8512.00000000,230400.00000000,921600.00000000,precision_any,5,article_type_macro,0.53159266,6552,104,
hog-plus-spatial-hsv-edge-equal-v1,1,240x320,v1,teacher,primary,development,,,beddc2defcc98515aab246abd33dd1810b93c84c82f34cf7481af85cde59ffc6,240.00000000,320.00000000,1016.51920268,1009.35183002,11525856401.00000000,7550899200.00000000,8512.00000000,230400.00000000,921600.00000000,precision_strict,5,query_mean,0.22649573,6552,104,
hog-plus-spatial-hsv-edge-equal-v1,1,240x320,v1,teacher,primary,development,,,beddc2defcc98515aab246abd33dd1810b93c84c82f34cf7481af85cde59ffc6,240.00000000,320.00000000,1016.51920268,1009.35183002,11525856401.00000000,7550899200.00000000,8512.00000000,230400.00000000,921600.00000000,precision_strict,5,article_type_macro,0.12137191,6552,104,
hog-plus-spatial-hsv-edge-equal-v1,1,240x320,v1,teacher,primary,development,,,beddc2defcc98515aab246abd33dd1810b93c84c82f34cf7481af85cde59ffc6,240.00000000,320.00000000,1016.51920268,1009.35183002,11525856401.00000000,7550899200.00000000,8512.00000000,230400.00000000,921600.00000000,tie_rate,5,query_mean,0.03056742,6556,108,
hog-plus-spatial-hsv-edge-equal-v1,1,240x320,v1,teacher,primary,development,,,beddc2defcc98515aab246abd33dd1810b93c84c82f34cf7481af85cde59ffc6,240.00000000,320.00000000,1016.51920268,1009.35183002,11525856401.00000000,7550899200.00000000,8512.00000000,230400.00000000,921600.00000000,tie_rate,5,article_type_macro,0.01633133,6556,108,
hog-plus-spatial-hsv-edge-equal-v1,1,240x320,v1,teacher,primary,development,,,beddc2defcc98515aab246abd33dd1810b93c84c82f34cf7481af85cde59ffc6,240.00000000,320.00000000,1016.51920268,1009.35183002,11525856401.00000000,7550899200.00000000,8512.00000000,230400.00000000,921600.00000000,ndcg,10,query_mean,0.49313427,6552,104,
hog-plus-spatial-hsv-edge-equal-v1,1,240x320,v1,teacher,primary,development,,,beddc2defcc98515aab246abd33dd1810b93c84c82f34cf7481af85cde59ffc6,240.00000000,320.00000000,1016.51920268,1009.35183002,11525856401.00000000,7550899200.00000000,8512.00000000,230400.00000000,921600.00000000,ndcg,10,article_type_macro,0.40808016,6552,104,
hog-plus-spatial-hsv-edge-equal-v1,1,240x320,v1,teacher,primary,development,,,beddc2defcc98515aab246abd33dd1810b93c84c82f34cf7481af85cde59ffc6,240.00000000,320.00000000,1016.51920268,1009.35183002,11525856401.00000000,7550899200.00000000,8512.00000000,230400.00000000,921600.00000000,precision_any,10,query_mean,0.72310745,6552,104,
hog-plus-spatial-hsv-edge-equal-v1,1,240x320,v1,teacher,primary,development,,,beddc2defcc98515aab246abd33dd1810b93c84c82f34cf7481af85cde59ffc6,240.00000000,320.00000000,1016.51920268,1009.35183002,11525856401.00000000,7550899200.00000000,8512.00000000,230400.00000000,921600.00000000,precision_any,10,article_type_macro,0.46809943,6552,104,
hog-plus-spatial-hsv-edge-equal-v1,1,240x320,v1,teacher,primary,development,,,beddc2defcc98515aab246abd33dd1810b93c84c82f34cf7481af85cde59ffc6,240.00000000,320.00000000,1016.51920268,1009.35183002,11525856401.00000000,7550899200.00000000,8512.00000000,230400.00000000,921600.00000000,precision_strict,10,query_mean,0.21117216,6552,104,
hog-plus-spatial-hsv-edge-equal-v1,1,240x320,v1,teacher,primary,development,,,beddc2defcc98515aab246abd33dd1810b93c84c82f34cf7481af85cde59ffc6,240.00000000,320.00000000,1016.51920268,1009.35183002,11525856401.00000000,7550899200.00000000,8512.00000000,230400.00000000,921600.00000000,precision_strict,10,article_type_macro,0.10652802,6552,104,
hog-plus-spatial-hsv-edge-equal-v1,1,240x320,v1,teacher,primary,development,,,beddc2defcc98515aab246abd33dd1810b93c84c82f34cf7481af85cde59ffc6,240.00000000,320.00000000,1016.51920268,1009.35183002,11525856401.00000000,7550899200.00000000,8512.00000000,230400.00000000,921600.00000000,tie_rate,10,query_mean,0.03364857,6556,108,
hog-plus-spatial-hsv-edge-equal-v1,1,240x320,v1,teacher,primary,development,,,beddc2defcc98515aab246abd33dd1810b93c84c82f34cf7481af85cde59ffc6,240.00000000,320.00000000,1016.51920268,1009.35183002,11525856401.00000000,7550899200.00000000,8512.00000000,230400.00000000,921600.00000000,tie_rate,10,article_type_macro,0.02470377,6556,108,
hog-plus-spatial-hsv-edge-equal-v1,1,240x320,v1,teacher,primary,development,,,beddc2defcc98515aab246abd33dd1810b93c84c82f34cf7481af85cde59ffc6,240.00000000,320.00000000,1016.51920268,1009.35183002,11525856401.00000000,7550899200.00000000,8512.00000000,230400.00000000,921600.00000000,ndcg,20,query_mean,0.48057587,6552,104,
hog-plus-spatial-hsv-edge-equal-v1,1,240x320,v1,teacher,primary,development,,,beddc2defcc98515aab246abd33dd1810b93c84c82f34cf7481af85cde59ffc6,240.00000000,320.00000000,1016.51920268,1009.35183002,11525856401.00000000,7550899200.00000000,8512.00000000,230400.00000000,921600.00000000,ndcg,20,article_type_macro,0.39564446,6552,104,
hog-plus-spatial-hsv-edge-equal-v1,1,240x320,v1,teacher,primary,development,,,beddc2defcc98515aab246abd33dd1810b93c84c82f34cf7481af85cde59ffc6,240.00000000,320.00000000,1016.51920268,1009.35183002,11525856401.00000000,7550899200.00000000,8512.00000000,230400.00000000,921600.00000000,precision_any,20,query_mean,0.69373474,6552,104,
hog-plus-spatial-hsv-edge-equal-v1,1,240x320,v1,teacher,primary,development,,,beddc2defcc98515aab246abd33dd1810b93c84c82f34cf7481af85cde59ffc6,240.00000000,320.00000000,1016.51920268,1009.35183002,11525856401.00000000,7550899200.00000000,8512.00000000,230400.00000000,921600.00000000,precision_any,20,article_type_macro,0.39701764,6552,104,
hog-plus-spatial-hsv-edge-equal-v1,1,240x320,v1,teacher,primary,development,,,beddc2defcc98515aab246abd33dd1810b93c84c82f34cf7481af85cde59ffc6,240.00000000,320.00000000,1016.51920268,1009.35183002,11525856401.00000000,7550899200.00000000,8512.00000000,230400.00000000,921600.00000000,precision_strict,20,query_mean,0.19444444,6552,104,
hog-plus-spatial-hsv-edge-equal-v1,1,240x320,v1,teacher,primary,development,,,beddc2defcc98515aab246abd33dd1810b93c84c82f34cf7481af85cde59ffc6,240.00000000,320.00000000,1016.51920268,1009.35183002,11525856401.00000000,7550899200.00000000,8512.00000000,230400.00000000,921600.00000000,precision_strict,20,article_type_macro,0.09143005,6552,104,
hog-plus-spatial-hsv-edge-equal-v1,1,240x320,v1,teacher,primary,development,,,beddc2defcc98515aab246abd33dd1810b93c84c82f34cf7481af85cde59ffc6,240.00000000,320.00000000,1016.51920268,1009.35183002,11525856401.00000000,7550899200.00000000,8512.00000000,230400.00000000,921600.00000000,tie_rate,20,query_mean,0.03603569,6556,108,
hog-plus-spatial-hsv-edge-equal-v1,1,240x320,v1,teacher,primary,development,,,beddc2defcc98515aab246abd33dd1810b93c84c82f34cf7481af85cde59ffc6,240.00000000,320.00000000,1016.51920268,1009.35183002,11525856401.00000000,7550899200.00000000,8512.00000000,230400.00000000,921600.00000000,tie_rate,20,article_type_macro,0.02863810,6556,108,
hog-plus-spatial-hsv-edge-equal-v1,1,240x320,v1,teacher,family,development,,,beddc2defcc98515aab246abd33dd1810b93c84c82f34cf7481af85cde59ffc6,240.00000000,320.00000000,1016.51920268,1009.35183002,11525856401.00000000,7550899200.00000000,8512.00000000,230400.00000000,921600.00000000,coverage,10,query_mean,0.39948139,6556,,
hog-plus-spatial-hsv-edge-equal-v1,1,240x320,v1,teacher,family,development,,,beddc2defcc98515aab246abd33dd1810b93c84c82f34cf7481af85cde59ffc6,240.00000000,320.00000000,1016.51920268,1009.35183002,11525856401.00000000,7550899200.00000000,8512.00000000,230400.00000000,921600.00000000,tie_rate,10,query_mean,0.04017694,6556,,
hog-plus-spatial-hsv-edge-equal-v1,1,240x320,v1,teacher,family,development,,,beddc2defcc98515aab246abd33dd1810b93c84c82f34cf7481af85cde59ffc6,240.00000000,320.00000000,1016.51920268,1009.35183002,11525856401.00000000,7550899200.00000000,8512.00000000,230400.00000000,921600.00000000,recall,10,query_mean,0.35401520,2619,,
hog-plus-spatial-hsv-edge-equal-v1,1,240x320,v1,teacher,family,development,,,beddc2defcc98515aab246abd33dd1810b93c84c82f34cf7481af85cde59ffc6,240.00000000,320.00000000,1016.51920268,1009.35183002,11525856401.00000000,7550899200.00000000,8512.00000000,230400.00000000,921600.00000000,hit_rate,10,query_mean,0.62237495,2619,,
hog-plus-spatial-hsv-edge-equal-v1,1,240x320,v1,teacher,family,development,,,beddc2defcc98515aab246abd33dd1810b93c84c82f34cf7481af85cde59ffc6,240.00000000,320.00000000,1016.51920268,1009.35183002,11525856401.00000000,7550899200.00000000,8512.00000000,230400.00000000,921600.00000000,precision,10,query_mean,0.15429553,2619,,
random-seed-2753,1,240x320,random,random,primary,development,,,,,,,,,,,,,ndcg,5,query_mean,0.08222198,6552,104,
random-seed-2753,1,240x320,random,random,primary,development,,,,,,,,,,,,,ndcg,5,article_type_macro,0.00514746,6552,104,
random-seed-2753,1,240x320,random,random,primary,development,,,,,,,,,,,,,precision_any,5,query_mean,0.14542125,6552,104,
random-seed-2753,1,240x320,random,random,primary,development,,,,,,,,,,,,,precision_any,5,article_type_macro,0.00961538,6552,104,
random-seed-2753,1,240x320,random,random,primary,development,,,,,,,,,,,,,precision_strict,5,query_mean,0.01278999,6552,104,
random-seed-2753,1,240x320,random,random,primary,development,,,,,,,,,,,,,precision_strict,5,article_type_macro,0.00078575,6552,104,
random-seed-2753,1,240x320,random,random,primary,development,,,,,,,,,,,,,tie_rate,5,query_mean,0.00000000,6556,108,
random-seed-2753,1,240x320,random,random,primary,development,,,,,,,,,,,,,tie_rate,5,article_type_macro,0.00000000,6556,108,
random-seed-2753,1,240x320,random,random,primary,development,,,,,,,,,,,,,ndcg,10,query_mean,0.06235565,6552,104,
random-seed-2753,1,240x320,random,random,primary,development,,,,,,,,,,,,,ndcg,10,article_type_macro,0.00540863,6552,104,
random-seed-2753,1,240x320,random,random,primary,development,,,,,,,,,,,,,precision_any,10,query_mean,0.09323871,6552,104,
random-seed-2753,1,240x320,random,random,primary,development,,,,,,,,,,,,,precision_any,10,article_type_macro,0.00961538,6552,104,
random-seed-2753,1,240x320,random,random,primary,development,,,,,,,,,,,,,precision_strict,10,query_mean,0.01111111,6552,104,
random-seed-2753,1,240x320,random,random,primary,development,,,,,,,,,,,,,precision_strict,10,article_type_macro,0.00119180,6552,104,
random-seed-2753,1,240x320,random,random,primary,development,,,,,,,,,,,,,tie_rate,10,query_mean,0.00000000,6556,108,
random-seed-2753,1,240x320,random,random,primary,development,,,,,,,,,,,,,tie_rate,10,article_type_macro,0.00000000,6556,108,
random-seed-2753,1,240x320,random,random,primary,development,,,,,,,,,,,,,ndcg,20,query_mean,0.05108723,6552,104,
random-seed-2753,1,240x320,random,random,primary,development,,,,,,,,,,,,,ndcg,20,article_type_macro,0.00579252,6552,104,
random-seed-2753,1,240x320,random,random,primary,development,,,,,,,,,,,,,precision_any,20,query_mean,0.07142094,6552,104,
random-seed-2753,1,240x320,random,random,primary,development,,,,,,,,,,,,,precision_any,20,article_type_macro,0.00961538,6552,104,
random-seed-2753,1,240x320,random,random,primary,development,,,,,,,,,,,,,precision_strict,20,query_mean,0.01036325,6552,104,
random-seed-2753,1,240x320,random,random,primary,development,,,,,,,,,,,,,precision_strict,20,article_type_macro,0.00189434,6552,104,
random-seed-2753,1,240x320,random,random,primary,development,,,,,,,,,,,,,tie_rate,20,query_mean,0.00000000,6556,108,
random-seed-2753,1,240x320,random,random,primary,development,,,,,,,,,,,,,tie_rate,20,article_type_macro,0.00000000,6556,108,
headline,1,240x320,all,all,primary,development,,,,,,,,,,,,,same_source_mean,10,query_mean,0.50267118,,,
headline,1,240x320,all,all,primary,development,,,,,,,,,,,,,cross_source_mean,10,query_mean,0.49176828,,,
headline,1,240x320,all,all,primary,development,,,,,,,,,,,,,beats_random,10,query_mean,0.44031553,,,True
headline,1,240x320,all,all,primary,development,,,,,,,,,,,,,cross_source_within_95_percent,10,query_mean,0.97831006,,,True
