family,tuning_id,experiment_id,run_id,fold,history_sha256,epoch,learning_rate,train_loss,validation_loss,validation_accuracy,validation_macro_f1
C1,T0,g1-c1-smallcnn,g1-c1-smallcnn-f0-s2753-59e9743d3899,0,8c6fc2889f2d60073cd94681009140f32c12e29d2612a949098015c8fbb5abe3,1,0.0003,1.0656376875652929,1.026365677891797,0.5526717557251909,0.33617981965917265
C1,T0,g1-c1-smallcnn,g1-c1-smallcnn-f0-s2753-59e9743d3899,0,8c6fc2889f2d60073cd94681009140f32c12e29d2612a949098015c8fbb5abe3,2,0.00028528748905818404,0.871481250195732,0.8419084062831093,0.6299236641221374,0.5938436191173276
C1,T0,g1-c1-smallcnn,g1-c1-smallcnn-f0-s2753-59e9743d3899,0,8c6fc2889f2d60073cd94681009140f32c12e29d2612a949098015c8fbb5abe3,3,0.00024377999118157552,0.7959157417021885,0.9374280798071213,0.5923664122137404,0.5839783871679869
C1,T0,g1-c1-smallcnn,g1-c1-smallcnn-f0-s2753-59e9743d3899,0,8c6fc2889f2d60073cd94681009140f32c12e29d2612a949098015c8fbb5abe3,4,0.00018369821591534186,0.7588633782162183,0.7406703698180104,0.6838167938931298,0.6643725259428884
C1,T0,g1-c1-smallcnn,g1-c1-smallcnn-f0-s2753-59e9743d3899,0,8c6fc2889f2d60073cd94681009140f32c12e29d2612a949098015c8fbb5abe3,5,0.0001169420957055782,0.7248534825857426,0.9390375489679001,0.5642748091603054,0.6090715072823039
C1,T0,g1-c1-smallcnn,g1-c1-smallcnn-f0-s2753-59e9743d3899,0,8c6fc2889f2d60073cd94681009140f32c12e29d2612a949098015c8fbb5abe3,6,5.6733498869914624e-05,0.7036686630093069,0.7209059212225994,0.6925190839694656,0.6939292036133611
C1,T0,g1-c1-smallcnn,g1-c1-smallcnn-f0-s2753-59e9743d3899,0,8c6fc2889f2d60073cd94681009140f32c12e29d2612a949098015c8fbb5abe3,7,1.4997476421636368e-05,0.6853940583492824,0.7095050362958253,0.703969465648855,0.6997488971494304
C1,T0,g1-c1-smallcnn,g1-c1-smallcnn-f0-s2753-59e9743d3899,0,8c6fc2889f2d60073cd94681009140f32c12e29d2612a949098015c8fbb5abe3,8,3.594653495531119e-10,0.6734523841662611,0.7052361897202849,0.703969465648855,0.6970561967593054
C1,T0,g1-c1-smallcnn,g1-c1-smallcnn-f1-s2753-f73cfae4a798,1,603909ac2790104ad7fa324318cebe43fabac09f7c88c975e25b80bb5a74e97d,1,0.0003,1.0613731365287207,0.9579274983938151,0.5626621889787818,0.36655551880933146
C1,T0,g1-c1-smallcnn,g1-c1-smallcnn-f1-s2753-f73cfae4a798,1,603909ac2790104ad7fa324318cebe43fabac09f7c88c975e25b80bb5a74e97d,2,0.00028528748905818404,0.8548857833527307,0.953745356672066,0.5825064875591512,0.5868846774753418
C1,T0,g1-c1-smallcnn,g1-c1-smallcnn-f1-s2753-f73cfae4a798,1,603909ac2790104ad7fa324318cebe43fabac09f7c88c975e25b80bb5a74e97d,3,0.00024377999118157552,0.7845051857671904,0.8004210147579615,0.6663104869485574,0.6504968971001512
C1,T0,g1-c1-smallcnn,g1-c1-smallcnn-f1-s2753-f73cfae4a798,1,603909ac2790104ad7fa324318cebe43fabac09f7c88c975e25b80bb5a74e97d,4,0.00018369821591534186,0.7472298158078637,0.786266502233484,0.6751640970844146,0.6554932049186895
C1,T0,g1-c1-smallcnn,g1-c1-smallcnn-f1-s2753-f73cfae4a798,1,603909ac2790104ad7fa324318cebe43fabac09f7c88c975e25b80bb5a74e97d,5,0.0001169420957055782,0.7201446076129541,0.7590872226207607,0.6870706762326363,0.6682460834022119
C1,T0,g1-c1-smallcnn,g1-c1-smallcnn-f1-s2753-f73cfae4a798,1,603909ac2790104ad7fa324318cebe43fabac09f7c88c975e25b80bb5a74e97d,6,5.6733498869914624e-05,0.6962282261441896,0.7493814815730289,0.6885971607388185,0.6638776205869715
C1,T0,g1-c1-smallcnn,g1-c1-smallcnn-f1-s2753-f73cfae4a798,1,603909ac2790104ad7fa324318cebe43fabac09f7c88c975e25b80bb5a74e97d,7,1.4997476421636368e-05,0.6804202234469319,0.7276846196902215,0.7003510914364219,0.6816187261761323
C1,T0,g1-c1-smallcnn,g1-c1-smallcnn-f1-s2753-f73cfae4a798,1,603909ac2790104ad7fa324318cebe43fabac09f7c88c975e25b80bb5a74e97d,8,3.594653495531119e-10,0.6683979972192653,0.7250025806272691,0.7006563883376584,0.6830564783960702
C1,T0,g1-c1-smallcnn,g1-c1-smallcnn-f2-s2753-8e178abd5435,2,8f6c1ffe9468b12d876ed4f8e1105149a30fa66e478a143289bb9ce7ac4462c6,1,0.0003,1.0640216337057196,0.9214963862550167,0.601526717557252,0.4406139897659003
C1,T0,g1-c1-smallcnn,g1-c1-smallcnn-f2-s2753-8e178abd5435,2,8f6c1ffe9468b12d876ed4f8e1105149a30fa66e478a143289bb9ce7ac4462c6,2,0.00028528748905818404,0.8600882801036728,0.8104574684878342,0.6615267175572519,0.6311582002039842
C1,T0,g1-c1-smallcnn,g1-c1-smallcnn-f2-s2753-8e178abd5435,2,8f6c1ffe9468b12d876ed4f8e1105149a30fa66e478a143289bb9ce7ac4462c6,3,0.00024377999118157552,0.7906723104828766,0.7742485082240506,0.6822900763358779,0.6579854446342135
C1,T0,g1-c1-smallcnn,g1-c1-smallcnn-f2-s2753-8e178abd5435,2,8f6c1ffe9468b12d876ed4f8e1105149a30fa66e478a143289bb9ce7ac4462c6,4,0.00018369821591534186,0.7527784591744211,0.7342214924870557,0.7021374045801527,0.6909000026783574
C1,T0,g1-c1-smallcnn,g1-c1-smallcnn-f2-s2753-8e178abd5435,2,8f6c1ffe9468b12d876ed4f8e1105149a30fa66e478a143289bb9ce7ac4462c6,5,0.0001169420957055782,0.7207177553891871,0.7207293403785647,0.7123664122137404,0.698290739634926
C1,T0,g1-c1-smallcnn,g1-c1-smallcnn-f2-s2753-8e178abd5435,2,8f6c1ffe9468b12d876ed4f8e1105149a30fa66e478a143289bb9ce7ac4462c6,6,5.6733498869914624e-05,0.7011485454695228,0.7358084793400218,0.7035114503816794,0.6762236880288842
C1,T0,g1-c1-smallcnn,g1-c1-smallcnn-f2-s2753-8e178abd5435,2,8f6c1ffe9468b12d876ed4f8e1105149a30fa66e478a143289bb9ce7ac4462c6,7,1.4997476421636368e-05,0.6809570664522944,0.6980459618022423,0.7273282442748091,0.7101463167624122
C1,T0,g1-c1-smallcnn,g1-c1-smallcnn-f2-s2753-8e178abd5435,2,8f6c1ffe9468b12d876ed4f8e1105149a30fa66e478a143289bb9ce7ac4462c6,8,3.594653495531119e-10,0.6732360024727543,0.6968981509354278,0.7264122137404581,0.7085301293205586
C1,T0,g1-c1-smallcnn,g1-c1-smallcnn-f3-s2753-bf3525f7f30f,3,f2eb9a03a50d5639395af00f60fee86d87e00638690831ee58a2983c7c3bb130,1,0.0003,1.067592812288273,0.9191494238103619,0.567175572519084,0.42574669037463253
C1,T0,g1-c1-smallcnn,g1-c1-smallcnn-f3-s2753-bf3525f7f30f,3,f2eb9a03a50d5639395af00f60fee86d87e00638690831ee58a2983c7c3bb130,2,0.00028528748905818404,0.8557521747627436,0.8415608977725487,0.643206106870229,0.5981345209681509
C1,T0,g1-c1-smallcnn,g1-c1-smallcnn-f3-s2753-bf3525f7f30f,3,f2eb9a03a50d5639395af00f60fee86d87e00638690831ee58a2983c7c3bb130,3,0.00024377999118157552,0.7867467202576309,0.8262668074360331,0.629618320610687,0.6479516684095173
C1,T0,g1-c1-smallcnn,g1-c1-smallcnn-f3-s2753-bf3525f7f30f,3,f2eb9a03a50d5639395af00f60fee86d87e00638690831ee58a2983c7c3bb130,4,0.00018369821591534186,0.7520559996847606,0.7800094953748106,0.6609160305343511,0.675159431954321
C1,T0,g1-c1-smallcnn,g1-c1-smallcnn-f3-s2753-bf3525f7f30f,3,f2eb9a03a50d5639395af00f60fee86d87e00638690831ee58a2983c7c3bb130,5,0.0001169420957055782,0.7223236693187838,0.7360331085438037,0.6926717557251908,0.6727015165758039
C1,T0,g1-c1-smallcnn,g1-c1-smallcnn-f3-s2753-bf3525f7f30f,3,f2eb9a03a50d5639395af00f60fee86d87e00638690831ee58a2983c7c3bb130,6,5.6733498869914624e-05,0.6993167570623346,0.6916137538793433,0.7157251908396947,0.7047920748588674
C1,T0,g1-c1-smallcnn,g1-c1-smallcnn-f3-s2753-bf3525f7f30f,3,f2eb9a03a50d5639395af00f60fee86d87e00638690831ee58a2983c7c3bb130,7,1.4997476421636368e-05,0.6819508069640593,0.6888947331541367,0.7169465648854961,0.7047133692660871
C1,T0,g1-c1-smallcnn,g1-c1-smallcnn-f3-s2753-bf3525f7f30f,3,f2eb9a03a50d5639395af00f60fee86d87e00638690831ee58a2983c7c3bb130,8,3.594653495531119e-10,0.6727603768131339,0.6875082816786439,0.7181679389312977,0.7088930009972729
C1,T0,g1-c1-smallcnn,g1-c1-smallcnn-f4-s2753-476a7394ed3e,4,6050118657c9b4e47575738953313c3ca787436c2cdb9b08f57d3a3b9e468ce5,1,0.0003,1.0614793424360451,0.9578779776454408,0.5711233211233211,0.4035828167518482
C1,T0,g1-c1-smallcnn,g1-c1-smallcnn-f4-s2753-476a7394ed3e,4,6050118657c9b4e47575738953313c3ca787436c2cdb9b08f57d3a3b9e468ce5,2,0.00028528748905818404,0.8606386137488216,0.849302508455493,0.6358363858363858,0.5835712500848801
C1,T0,g1-c1-smallcnn,g1-c1-smallcnn-f4-s2753-476a7394ed3e,4,6050118657c9b4e47575738953313c3ca787436c2cdb9b08f57d3a3b9e468ce5,3,0.00024377999118157552,0.7871684502574361,0.813861807987949,0.6501831501831502,0.6476547383138676
C1,T0,g1-c1-smallcnn,g1-c1-smallcnn-f4-s2753-476a7394ed3e,4,6050118657c9b4e47575738953313c3ca787436c2cdb9b08f57d3a3b9e468ce5,4,0.00018369821591534186,0.7488592181659456,0.7931202340038704,0.6408730158730159,0.6455909673900455
C1,T0,g1-c1-smallcnn,g1-c1-smallcnn-f4-s2753-476a7394ed3e,4,6050118657c9b4e47575738953313c3ca787436c2cdb9b08f57d3a3b9e468ce5,5,0.0001169420957055782,0.7224622665959949,0.7376885570958711,0.693070818070818,0.6805937408570861
C1,T0,g1-c1-smallcnn,g1-c1-smallcnn-f4-s2753-476a7394ed3e,4,6050118657c9b4e47575738953313c3ca787436c2cdb9b08f57d3a3b9e468ce5,6,5.6733498869914624e-05,0.7013964610019534,0.7259549157960075,0.6942918192918193,0.6935938370849544
C1,T0,g1-c1-smallcnn,g1-c1-smallcnn-f4-s2753-476a7394ed3e,4,6050118657c9b4e47575738953313c3ca787436c2cdb9b08f57d3a3b9e468ce5,7,1.4997476421636368e-05,0.6795569672247302,0.7243610488043891,0.6997863247863247,0.6926522065610087
C1,T0,g1-c1-smallcnn,g1-c1-smallcnn-f4-s2753-476a7394ed3e,4,6050118657c9b4e47575738953313c3ca787436c2cdb9b08f57d3a3b9e468ce5,8,3.594653495531119e-10,0.6714319627042318,0.7194381212140177,0.7022283272283272,0.6969138738299336
C1,T1,g2-t1-c1-smallcnn,g2-t1-c1-smallcnn-f0-s2753-b5a391a13f44,0,678d37968e38f555b65ce1c18de2c61778fbafc70cd173e5ba4957ddf4544193,1,0.001,1.0024020509679268,0.8815021449918965,0.6129770992366412,0.568902270803385
C1,T1,g2-t1-c1-smallcnn,g2-t1-c1-smallcnn-f0-s2753-b5a391a13f44,0,678d37968e38f555b65ce1c18de2c61778fbafc70cd173e5ba4957ddf4544193,2,0.0009509582968606136,0.8451316748753452,0.9553891993296966,0.6161832061068703,0.5459228393883663
C1,T1,g2-t1-c1-smallcnn,g2-t1-c1-smallcnn-f0-s2753-b5a391a13f44,0,678d37968e38f555b65ce1c18de2c61778fbafc70cd173e5ba4957ddf4544193,3,0.0008125999706052518,0.7809164815220547,0.9880519237773109,0.5262595419847328,0.549516327079337
C1,T1,g2-t1-c1-smallcnn,g2-t1-c1-smallcnn-f0-s2753-b5a391a13f44,0,678d37968e38f555b65ce1c18de2c61778fbafc70cd173e5ba4957ddf4544193,4,0.0006123273863844729,0.7462757635320393,0.7536435262665494,0.6827480916030534,0.6449769245609122
C1,T1,g2-t1-c1-smallcnn,g2-t1-c1-smallcnn-f0-s2753-b5a391a13f44,0,678d37968e38f555b65ce1c18de2c61778fbafc70cd173e5ba4957ddf4544193,5,0.0003898069856852607,0.7075680777545976,0.718349128297267,0.6938931297709924,0.6907037977507886
C1,T1,g2-t1-c1-smallcnn,g2-t1-c1-smallcnn-f0-s2753-b5a391a13f44,0,678d37968e38f555b65ce1c18de2c61778fbafc70cd173e5ba4957ddf4544193,6,0.00018911166289971543,0.6792388997114156,0.6836601046751474,0.7106870229007634,0.711589283011932
C1,T1,g2-t1-c1-smallcnn,g2-t1-c1-smallcnn-f0-s2753-b5a391a13f44,0,678d37968e38f555b65ce1c18de2c61778fbafc70cd173e5ba4957ddf4544193,7,4.999158807212123e-05,0.6549877259051877,0.6799755772288519,0.7155725190839695,0.7035345484867097
C1,T1,g2-t1-c1-smallcnn,g2-t1-c1-smallcnn-f0-s2753-b5a391a13f44,0,678d37968e38f555b65ce1c18de2c61778fbafc70cd173e5ba4957ddf4544193,8,1.1982178318437065e-09,0.6360990736396541,0.6765717578116264,0.716793893129771,0.7047719062689178
C1,T1,g2-t1-c1-smallcnn,g2-t1-c1-smallcnn-f1-s2753-224fea686af6,1,86438713cdc3ea5580b1084a3e445dc48472b3b47ca3fa8b7bfc38bb203960fc,1,0.001,1.007693801041951,1.3198148703469592,0.5058769653488017,0.33906864312340457
C1,T1,g2-t1-c1-smallcnn,g2-t1-c1-smallcnn-f1-s2753-224fea686af6,1,86438713cdc3ea5580b1084a3e445dc48472b3b47ca3fa8b7bfc38bb203960fc,2,0.0009509582968606136,0.8333314296425995,0.8412416085198242,0.6315066402076019,0.6259765140018331
C1,T1,g2-t1-c1-smallcnn,g2-t1-c1-smallcnn-f1-s2753-224fea686af6,1,86438713cdc3ea5580b1084a3e445dc48472b3b47ca3fa8b7bfc38bb203960fc,3,0.0008125999706052518,0.7731054869737982,0.7719251363809883,0.6763852846893604,0.6679365651951976
C1,T1,g2-t1-c1-smallcnn,g2-t1-c1-smallcnn-f1-s2753-224fea686af6,1,86438713cdc3ea5580b1084a3e445dc48472b3b47ca3fa8b7bfc38bb203960fc,4,0.0006123273863844729,0.7419606112913361,0.7494440592530847,0.6867653793313998,0.668166836851675
C1,T1,g2-t1-c1-smallcnn,g2-t1-c1-smallcnn-f1-s2753-224fea686af6,1,86438713cdc3ea5580b1084a3e445dc48472b3b47ca3fa8b7bfc38bb203960fc,5,0.0003898069856852607,0.7077849490611974,0.7315305873212551,0.6954663410166387,0.679517237334901
C1,T1,g2-t1-c1-smallcnn,g2-t1-c1-smallcnn-f1-s2753-224fea686af6,1,86438713cdc3ea5580b1084a3e445dc48472b3b47ca3fa8b7bfc38bb203960fc,6,0.00018911166289971543,0.6749788538507537,0.7232093886007264,0.6979087162265303,0.6780148667775184
C1,T1,g2-t1-c1-smallcnn,g2-t1-c1-smallcnn-f1-s2753-224fea686af6,1,86438713cdc3ea5580b1084a3e445dc48472b3b47ca3fa8b7bfc38bb203960fc,7,4.999158807212123e-05,0.6497748810938684,0.6983482141273474,0.7156159364982445,0.7005846603690098
C1,T1,g2-t1-c1-smallcnn,g2-t1-c1-smallcnn-f1-s2753-224fea686af6,1,86438713cdc3ea5580b1084a3e445dc48472b3b47ca3fa8b7bfc38bb203960fc,8,1.1982178318437065e-09,0.6316745966484087,0.6982983039219204,0.7163791787513357,0.6989498455855894
C1,T1,g2-t1-c1-smallcnn,g2-t1-c1-smallcnn-f2-s2753-def58df2b19c,2,6d95cd0e03579bef06bc3cb5f00e0665c5d45d7686c697a249bda24ab00c785a,1,0.001,1.0097347561336676,0.8553830585952934,0.6427480916030535,0.5519544871399568
C1,T1,g2-t1-c1-smallcnn,g2-t1-c1-smallcnn-f2-s2753-def58df2b19c,2,6d95cd0e03579bef06bc3cb5f00e0665c5d45d7686c697a249bda24ab00c785a,2,0.0009509582968606136,0.8385286022473696,0.7900672435032502,0.6668702290076336,0.6460661010482605
C1,T1,g2-t1-c1-smallcnn,g2-t1-c1-smallcnn-f2-s2753-def58df2b19c,2,6d95cd0e03579bef06bc3cb5f00e0665c5d45d7686c697a249bda24ab00c785a,3,0.0008125999706052518,0.7825820333642941,0.7553527593430672,0.6734351145038168,0.6706655740910978
C1,T1,g2-t1-c1-smallcnn,g2-t1-c1-smallcnn-f2-s2753-def58df2b19c,2,6d95cd0e03579bef06bc3cb5f00e0665c5d45d7686c697a249bda24ab00c785a,4,0.0006123273863844729,0.7466557182797274,0.7127899246543419,0.7102290076335878,0.6981239988921318
C1,T1,g2-t1-c1-smallcnn,g2-t1-c1-smallcnn-f2-s2753-def58df2b19c,2,6d95cd0e03579bef06bc3cb5f00e0665c5d45d7686c697a249bda24ab00c785a,5,0.0003898069856852607,0.7092179226628725,0.7273741376672992,0.6905343511450381,0.6646977210856122
C1,T1,g2-t1-c1-smallcnn,g2-t1-c1-smallcnn-f2-s2753-def58df2b19c,2,6d95cd0e03579bef06bc3cb5f00e0665c5d45d7686c697a249bda24ab00c785a,6,0.00018911166289971543,0.6819671425401576,0.7498047713469003,0.6989312977099237,0.6698784806784517
C1,T1,g2-t1-c1-smallcnn,g2-t1-c1-smallcnn-f2-s2753-def58df2b19c,2,6d95cd0e03579bef06bc3cb5f00e0665c5d45d7686c697a249bda24ab00c785a,7,4.999158807212123e-05,0.6526366192236869,0.6779990194499038,0.7270229007633587,0.708355148946689
C1,T1,g2-t1-c1-smallcnn,g2-t1-c1-smallcnn-f2-s2753-def58df2b19c,2,6d95cd0e03579bef06bc3cb5f00e0665c5d45d7686c697a249bda24ab00c785a,8,1.1982178318437065e-09,0.6392115948832873,0.674761357835231,0.7288549618320611,0.7107252774556091
C1,T1,g2-t1-c1-smallcnn,g2-t1-c1-smallcnn-f3-s2753-b3d10cc6ac45,3,1b1d72d9dbe3d0c0ff65f2ce38dfa236f941c63381578798de22006adb930439,1,0.001,1.006989549121952,0.8944564610037185,0.5983206106870229,0.46275687950936695
C1,T1,g2-t1-c1-smallcnn,g2-t1-c1-smallcnn-f3-s2753-b3d10cc6ac45,3,1b1d72d9dbe3d0c0ff65f2ce38dfa236f941c63381578798de22006adb930439,2,0.0009509582968606136,0.8379575871208381,0.8422472341552035,0.6395419847328244,0.5922304802585898
C1,T1,g2-t1-c1-smallcnn,g2-t1-c1-smallcnn-f3-s2753-b3d10cc6ac45,3,1b1d72d9dbe3d0c0ff65f2ce38dfa236f941c63381578798de22006adb930439,3,0.0008125999706052518,0.7803356129172394,0.7911352068231307,0.6409160305343512,0.6528338679009067
C1,T1,g2-t1-c1-smallcnn,g2-t1-c1-smallcnn-f3-s2753-b3d10cc6ac45,3,1b1d72d9dbe3d0c0ff65f2ce38dfa236f941c63381578798de22006adb930439,4,0.0006123273863844729,0.7480948115015686,0.7143907363087166,0.6955725190839694,0.6853779891126575
C1,T1,g2-t1-c1-smallcnn,g2-t1-c1-smallcnn-f3-s2753-b3d10cc6ac45,3,1b1d72d9dbe3d0c0ff65f2ce38dfa236f941c63381578798de22006adb930439,5,0.0003898069856852607,0.7164034863803622,0.6985095139132201,0.7035114503816794,0.6967526062761706
C1,T1,g2-t1-c1-smallcnn,g2-t1-c1-smallcnn-f3-s2753-b3d10cc6ac45,3,1b1d72d9dbe3d0c0ff65f2ce38dfa236f941c63381578798de22006adb930439,6,0.00018911166289971543,0.6828999584416681,0.685607802085294,0.7094656488549619,0.6902303441386105
C1,T1,g2-t1-c1-smallcnn,g2-t1-c1-smallcnn-f3-s2753-b3d10cc6ac45,3,1b1d72d9dbe3d0c0ff65f2ce38dfa236f941c63381578798de22006adb930439,7,4.999158807212123e-05,0.6554289956208936,0.6756868945005285,0.7169465648854961,0.6996095578250895
C1,T1,g2-t1-c1-smallcnn,g2-t1-c1-smallcnn-f3-s2753-b3d10cc6ac45,3,1b1d72d9dbe3d0c0ff65f2ce38dfa236f941c63381578798de22006adb930439,8,1.1982178318437065e-09,0.6410664538797957,0.6562117033605357,0.7262595419847329,0.715533826355243
C1,T1,g2-t1-c1-smallcnn,g2-t1-c1-smallcnn-f4-s2753-078e0f55f905,4,fa9dd2228057bf44a714260e3f8c3907c9d6e1e0310e9d667c20284ac89c1067,1,0.001,1.009980388617844,0.9639501043291756,0.5660866910866911,0.5431989102184526
C1,T1,g2-t1-c1-smallcnn,g2-t1-c1-smallcnn-f4-s2753-078e0f55f905,4,fa9dd2228057bf44a714260e3f8c3907c9d6e1e0310e9d667c20284ac89c1067,2,0.0009509582968606136,0.8421278368843897,0.8361082187284044,0.6399572649572649,0.5991466484574904
C1,T1,g2-t1-c1-smallcnn,g2-t1-c1-smallcnn-f4-s2753-078e0f55f905,4,fa9dd2228057bf44a714260e3f8c3907c9d6e1e0310e9d667c20284ac89c1067,3,0.0008125999706052518,0.7809082026436313,0.7867558285575792,0.6674297924297924,0.6655050998582677
C1,T1,g2-t1-c1-smallcnn,g2-t1-c1-smallcnn-f4-s2753-078e0f55f905,4,fa9dd2228057bf44a714260e3f8c3907c9d6e1e0310e9d667c20284ac89c1067,4,0.0006123273863844729,0.7429762704354844,0.7726736924587152,0.6648351648351648,0.6536598613062135
C1,T1,g2-t1-c1-smallcnn,g2-t1-c1-smallcnn-f4-s2753-078e0f55f905,4,fa9dd2228057bf44a714260e3f8c3907c9d6e1e0310e9d667c20284ac89c1067,5,0.0003898069856852607,0.7166770116563362,0.7241046758361789,0.7022283272283272,0.6883396940843008
C1,T1,g2-t1-c1-smallcnn,g2-t1-c1-smallcnn-f4-s2753-078e0f55f905,4,fa9dd2228057bf44a714260e3f8c3907c9d6e1e0310e9d667c20284ac89c1067,6,0.00018911166289971543,0.6834700546903076,0.7186289484975393,0.7042124542124543,0.6902803222252141
C1,T1,g2-t1-c1-smallcnn,g2-t1-c1-smallcnn-f4-s2753-078e0f55f905,4,fa9dd2228057bf44a714260e3f8c3907c9d6e1e0310e9d667c20284ac89c1067,7,4.999158807212123e-05,0.6526820165915989,0.7379357983632256,0.6959706959706959,0.6779748393407635
C1,T1,g2-t1-c1-smallcnn,g2-t1-c1-smallcnn-f4-s2753-078e0f55f905,4,fa9dd2228057bf44a714260e3f8c3907c9d6e1e0310e9d667c20284ac89c1067,8,1.1982178318437065e-09,0.6373515088345904,0.7074952038216503,0.7130647130647131,0.6988402037918148
C1,T2,g2-t2-c1-smallcnn,g2-t2-c1-smallcnn-f0-s2753-6187b7f339ae,0,d2c7286e38562d34ddd3f2e77e2fdee7dd46ffaef179764ccfabe4bc70291a18,1,0.0003,1.0961623072546867,1.0156074907943493,0.5677862595419847,0.354221478446505
C1,T2,g2-t2-c1-smallcnn,g2-t2-c1-smallcnn-f0-s2753-6187b7f339ae,0,d2c7286e38562d34ddd3f2e77e2fdee7dd46ffaef179764ccfabe4bc70291a18,2,0.00028528748905818404,0.8645984572372113,0.8222021915803429,0.64,0.6046795104364662
C1,T2,g2-t2-c1-smallcnn,g2-t2-c1-smallcnn-f0-s2753-6187b7f339ae,0,d2c7286e38562d34ddd3f2e77e2fdee7dd46ffaef179764ccfabe4bc70291a18,3,0.00024377999118157552,0.7907690613186915,0.8217129492941704,0.6497709923664122,0.6425173172634142
C1,T2,g2-t2-c1-smallcnn,g2-t2-c1-smallcnn-f0-s2753-6187b7f339ae,0,d2c7286e38562d34ddd3f2e77e2fdee7dd46ffaef179764ccfabe4bc70291a18,4,0.00018369821591534186,0.7552610265136342,0.7385581993510705,0.6883969465648855,0.6698757184159747
C1,T2,g2-t2-c1-smallcnn,g2-t2-c1-smallcnn-f0-s2753-6187b7f339ae,0,d2c7286e38562d34ddd3f2e77e2fdee7dd46ffaef179764ccfabe4bc70291a18,5,0.0001169420957055782,0.7209613865540464,0.7556003873675834,0.6807633587786259,0.68280173169231
C1,T2,g2-t2-c1-smallcnn,g2-t2-c1-smallcnn-f0-s2753-6187b7f339ae,0,d2c7286e38562d34ddd3f2e77e2fdee7dd46ffaef179764ccfabe4bc70291a18,6,5.6733498869914624e-05,0.6986537467831487,0.7016757406260221,0.7085496183206107,0.697228066046605
C1,T2,g2-t2-c1-smallcnn,g2-t2-c1-smallcnn-f0-s2753-6187b7f339ae,0,d2c7286e38562d34ddd3f2e77e2fdee7dd46ffaef179764ccfabe4bc70291a18,7,1.4997476421636368e-05,0.6795828550029237,0.7014664017062151,0.7071755725190839,0.6963884581936504
C1,T2,g2-t2-c1-smallcnn,g2-t2-c1-smallcnn-f0-s2753-6187b7f339ae,0,d2c7286e38562d34ddd3f2e77e2fdee7dd46ffaef179764ccfabe4bc70291a18,8,3.594653495531119e-10,0.6662007006225671,0.6977751304903104,0.7079389312977099,0.6975099804984245
C1,T2,g2-t2-c1-smallcnn,g2-t2-c1-smallcnn-f1-s2753-13a88ad7f93c,1,2d6fc92ae51ec66ad165a03d1121ed9efb1cb64d8baeed05abff7cebf956dbc7,1,0.0003,1.0613214108299893,0.97513728101933,0.5591512746145627,0.35439970624877026
C1,T2,g2-t2-c1-smallcnn,g2-t2-c1-smallcnn-f1-s2753-13a88ad7f93c,1,2d6fc92ae51ec66ad165a03d1121ed9efb1cb64d8baeed05abff7cebf956dbc7,2,0.00028528748905818404,0.853993330804567,0.9674926463328615,0.5731949320714395,0.5701825888057932
C1,T2,g2-t2-c1-smallcnn,g2-t2-c1-smallcnn-f1-s2753-13a88ad7f93c,1,2d6fc92ae51ec66ad165a03d1121ed9efb1cb64d8baeed05abff7cebf956dbc7,3,0.00024377999118157552,0.7844476310654129,0.855345923297188,0.6478400244237521,0.6173132163415548
C1,T2,g2-t2-c1-smallcnn,g2-t2-c1-smallcnn-f1-s2753-13a88ad7f93c,1,2d6fc92ae51ec66ad165a03d1121ed9efb1cb64d8baeed05abff7cebf956dbc7,4,0.00018369821591534186,0.7474160710279018,0.781846965547555,0.6763852846893604,0.6514732066995226
C1,T2,g2-t2-c1-smallcnn,g2-t2-c1-smallcnn-f1-s2753-13a88ad7f93c,1,2d6fc92ae51ec66ad165a03d1121ed9efb1cb64d8baeed05abff7cebf956dbc7,5,0.0001169420957055782,0.7196028535716016,0.7534866961991036,0.6860021370783087,0.668633575507928
C1,T2,g2-t2-c1-smallcnn,g2-t2-c1-smallcnn-f1-s2753-13a88ad7f93c,1,2d6fc92ae51ec66ad165a03d1121ed9efb1cb64d8baeed05abff7cebf956dbc7,6,5.6733498869914624e-05,0.6970086936076791,0.7532853972018356,0.6885971607388185,0.6648115495844382
C1,T2,g2-t2-c1-smallcnn,g2-t2-c1-smallcnn-f1-s2753-13a88ad7f93c,1,2d6fc92ae51ec66ad165a03d1121ed9efb1cb64d8baeed05abff7cebf956dbc7,7,1.4997476421636368e-05,0.6808598576388407,0.7284228155456814,0.7055411387574416,0.6875523050460596
C1,T2,g2-t2-c1-smallcnn,g2-t2-c1-smallcnn-f1-s2753-13a88ad7f93c,1,2d6fc92ae51ec66ad165a03d1121ed9efb1cb64d8baeed05abff7cebf956dbc7,8,3.594653495531119e-10,0.6687020694160359,0.7251526290561349,0.7029461150969317,0.6866038035570317
C1,T2,g2-t2-c1-smallcnn,g2-t2-c1-smallcnn-f2-s2753-2993a3c5ac23,2,3b6c568556b66b5f25abf4f27707a8807dbddbc7804ff7c3c49adab66a8edf91,1,0.0003,1.0638456012517248,0.9410672252414791,0.5992366412213741,0.43131128219392806
C1,T2,g2-t2-c1-smallcnn,g2-t2-c1-smallcnn-f2-s2753-2993a3c5ac23,2,3b6c568556b66b5f25abf4f27707a8807dbddbc7804ff7c3c49adab66a8edf91,2,0.00028528748905818404,0.8605385726496259,0.8075082955651611,0.6658015267175572,0.6351772357561652
C1,T2,g2-t2-c1-smallcnn,g2-t2-c1-smallcnn-f2-s2753-2993a3c5ac23,2,3b6c568556b66b5f25abf4f27707a8807dbddbc7804ff7c3c49adab66a8edf91,3,0.00024377999118157552,0.7911233970105582,0.7639626539754504,0.6905343511450381,0.6708742917231119
C1,T2,g2-t2-c1-smallcnn,g2-t2-c1-smallcnn-f2-s2753-2993a3c5ac23,2,3b6c568556b66b5f25abf4f27707a8807dbddbc7804ff7c3c49adab66a8edf91,4,0.00018369821591534186,0.753904814129271,0.746171795138876,0.6932824427480916,0.6893002289571519
C1,T2,g2-t2-c1-smallcnn,g2-t2-c1-smallcnn-f2-s2753-2993a3c5ac23,2,3b6c568556b66b5f25abf4f27707a8807dbddbc7804ff7c3c49adab66a8edf91,5,0.0001169420957055782,0.7217676086252538,0.7191984487853887,0.7192366412213741,0.7024354828542867
C1,T2,g2-t2-c1-smallcnn,g2-t2-c1-smallcnn-f2-s2753-2993a3c5ac23,2,3b6c568556b66b5f25abf4f27707a8807dbddbc7804ff7c3c49adab66a8edf91,6,5.6733498869914624e-05,0.7008122494260496,0.7271962825305589,0.7085496183206107,0.6834935794455888
C1,T2,g2-t2-c1-smallcnn,g2-t2-c1-smallcnn-f2-s2753-2993a3c5ac23,2,3b6c568556b66b5f25abf4f27707a8807dbddbc7804ff7c3c49adab66a8edf91,7,1.4997476421636368e-05,0.6806614730110907,0.6952498417228233,0.7265648854961833,0.7127061507810253
C1,T2,g2-t2-c1-smallcnn,g2-t2-c1-smallcnn-f2-s2753-2993a3c5ac23,2,3b6c568556b66b5f25abf4f27707a8807dbddbc7804ff7c3c49adab66a8edf91,8,3.594653495531119e-10,0.6730036888350759,0.6939966507358405,0.7265648854961833,0.711380879533877
C1,T2,g2-t2-c1-smallcnn,g2-t2-c1-smallcnn-f3-s2753-eaa85dafe6bf,3,be184f9de0378d2ff0b45f8fe2a25592b3ed0b752fbf27b087db6e1de0445143,1,0.0003,1.067551338763172,0.9201805964863027,0.5665648854961832,0.4243936880268643
C1,T2,g2-t2-c1-smallcnn,g2-t2-c1-smallcnn-f3-s2753-eaa85dafe6bf,3,be184f9de0378d2ff0b45f8fe2a25592b3ed0b752fbf27b087db6e1de0445143,2,0.00028528748905818404,0.8564401381876443,0.8026108654946771,0.6598473282442748,0.6237401563328027
C1,T2,g2-t2-c1-smallcnn,g2-t2-c1-smallcnn-f3-s2753-eaa85dafe6bf,3,be184f9de0378d2ff0b45f8fe2a25592b3ed0b752fbf27b087db6e1de0445143,3,0.00024377999118157552,0.7863730188294666,0.8807360403410351,0.5905343511450382,0.6216758453715299
C1,T2,g2-t2-c1-smallcnn,g2-t2-c1-smallcnn-f3-s2753-eaa85dafe6bf,3,be184f9de0378d2ff0b45f8fe2a25592b3ed0b752fbf27b087db6e1de0445143,4,0.00018369821591534186,0.7528981745199853,0.7675929930373913,0.6691603053435115,0.6785887969594832
C1,T2,g2-t2-c1-smallcnn,g2-t2-c1-smallcnn-f3-s2753-eaa85dafe6bf,3,be184f9de0378d2ff0b45f8fe2a25592b3ed0b752fbf27b087db6e1de0445143,5,0.0001169420957055782,0.7242450174955777,0.724696976173925,0.6955725190839694,0.6786317541284004
C1,T2,g2-t2-c1-smallcnn,g2-t2-c1-smallcnn-f3-s2753-eaa85dafe6bf,3,be184f9de0378d2ff0b45f8fe2a25592b3ed0b752fbf27b087db6e1de0445143,6,5.6733498869914624e-05,0.7001699632926465,0.6947912410379367,0.716030534351145,0.7059139872434148
C1,T2,g2-t2-c1-smallcnn,g2-t2-c1-smallcnn-f3-s2753-eaa85dafe6bf,3,be184f9de0378d2ff0b45f8fe2a25592b3ed0b752fbf27b087db6e1de0445143,7,1.4997476421636368e-05,0.6829994027861993,0.69270053256559,0.712824427480916,0.7009702175508435
C1,T2,g2-t2-c1-smallcnn,g2-t2-c1-smallcnn-f3-s2753-eaa85dafe6bf,3,be184f9de0378d2ff0b45f8fe2a25592b3ed0b752fbf27b087db6e1de0445143,8,3.594653495531119e-10,0.6733985329904488,0.6910208909839164,0.7148091603053435,0.7062582758347071
C1,T2,g2-t2-c1-smallcnn,g2-t2-c1-smallcnn-f4-s2753-29bfd73dd4dd,4,3bd4c3302f4ce23ffaaf782c1a59d52746bd26a7d394576934140c669a3e25e0,1,0.0003,1.0614209524557192,0.9493092127480932,0.5724969474969475,0.4083957302027452
C1,T2,g2-t2-c1-smallcnn,g2-t2-c1-smallcnn-f4-s2753-29bfd73dd4dd,4,3bd4c3302f4ce23ffaaf782c1a59d52746bd26a7d394576934140c669a3e25e0,2,0.00028528748905818404,0.8611471833611648,0.8587428613023443,0.6353785103785103,0.5824971505604732
C1,T2,g2-t2-c1-smallcnn,g2-t2-c1-smallcnn-f4-s2753-29bfd73dd4dd,4,3bd4c3302f4ce23ffaaf782c1a59d52746bd26a7d394576934140c669a3e25e0,3,0.00024377999118157552,0.788680281392409,0.8156705770154867,0.6521672771672772,0.6469010521488548
C1,T2,g2-t2-c1-smallcnn,g2-t2-c1-smallcnn-f4-s2753-29bfd73dd4dd,4,3bd4c3302f4ce23ffaaf782c1a59d52746bd26a7d394576934140c669a3e25e0,4,0.00018369821591534186,0.7481428100054448,0.7860784949109376,0.6475885225885226,0.6457921995841907
C1,T2,g2-t2-c1-smallcnn,g2-t2-c1-smallcnn-f4-s2753-29bfd73dd4dd,4,3bd4c3302f4ce23ffaaf782c1a59d52746bd26a7d394576934140c669a3e25e0,5,0.0001169420957055782,0.7228438464276986,0.7368815262894054,0.6904761904761905,0.6787679924253588
C1,T2,g2-t2-c1-smallcnn,g2-t2-c1-smallcnn-f4-s2753-29bfd73dd4dd,4,3bd4c3302f4ce23ffaaf782c1a59d52746bd26a7d394576934140c669a3e25e0,6,5.6733498869914624e-05,0.7021147627342949,0.7282036640414097,0.690018315018315,0.6889453572856449
C1,T2,g2-t2-c1-smallcnn,g2-t2-c1-smallcnn-f4-s2753-29bfd73dd4dd,4,3bd4c3302f4ce23ffaaf782c1a59d52746bd26a7d394576934140c669a3e25e0,7,1.4997476421636368e-05,0.6801206555436037,0.7245606640319684,0.6979548229548229,0.689656723080766
C1,T2,g2-t2-c1-smallcnn,g2-t2-c1-smallcnn-f4-s2753-29bfd73dd4dd,4,3bd4c3302f4ce23ffaaf782c1a59d52746bd26a7d394576934140c669a3e25e0,8,3.594653495531119e-10,0.6719199431874789,0.719166847594055,0.7014652014652014,0.6969311404238739
C2,T0,g1-c2-resnet18,g1-c2-resnet18-f0-s2753-b91662d47026,0,c256e97e116b3b5fc58f516d2abfe24390a0c5b9d8a82b7de1d3be5f61da1cb9,1,0.0003,1.0385834282988542,0.9254707138956958,0.6038167938931298,0.5046668159068048
C2,T0,g1-c2-resnet18,g1-c2-resnet18-f0-s2753-b91662d47026,0,c256e97e116b3b5fc58f516d2abfe24390a0c5b9d8a82b7de1d3be5f61da1cb9,2,0.00028528748905818404,0.8469655283174455,0.8202552789131193,0.6499236641221374,0.6368103013362082
C2,T0,g1-c2-resnet18,g1-c2-resnet18-f0-s2753-b91662d47026,0,c256e97e116b3b5fc58f516d2abfe24390a0c5b9d8a82b7de1d3be5f61da1cb9,3,0.00024377999118157552,0.7787744539823941,0.9529757008115753,0.5829007633587786,0.6037416061907845
C2,T0,g1-c2-resnet18,g1-c2-resnet18-f0-s2753-b91662d47026,0,c256e97e116b3b5fc58f516d2abfe24390a0c5b9d8a82b7de1d3be5f61da1cb9,4,0.00018369821591534186,0.7441857798984022,0.7431690151727837,0.6824427480916031,0.6458519395016674
C2,T0,g1-c2-resnet18,g1-c2-resnet18-f0-s2753-b91662d47026,0,c256e97e116b3b5fc58f516d2abfe24390a0c5b9d8a82b7de1d3be5f61da1cb9,5,0.0001169420957055782,0.7080505079066703,0.7162556352597157,0.6995419847328245,0.6811927964869147
C2,T0,g1-c2-resnet18,g1-c2-resnet18-f0-s2753-b91662d47026,0,c256e97e116b3b5fc58f516d2abfe24390a0c5b9d8a82b7de1d3be5f61da1cb9,6,5.6733498869914624e-05,0.6779424301204857,0.6890766936222106,0.7073282442748091,0.7037577914158095
C2,T0,g1-c2-resnet18,g1-c2-resnet18-f0-s2753-b91662d47026,0,c256e97e116b3b5fc58f516d2abfe24390a0c5b9d8a82b7de1d3be5f61da1cb9,7,1.4997476421636368e-05,0.6504980526124958,0.6744454804904588,0.7158778625954199,0.7005051295781483
C2,T0,g1-c2-resnet18,g1-c2-resnet18-f0-s2753-b91662d47026,0,c256e97e116b3b5fc58f516d2abfe24390a0c5b9d8a82b7de1d3be5f61da1cb9,8,3.594653495531119e-10,0.6312683042927434,0.6770188612701329,0.7148091603053435,0.7026814962112122
C2,T0,g1-c2-resnet18,g1-c2-resnet18-f1-s2753-a4ff07c863e4,1,4523e5de20aee13ed67b66f32e766bd58e6f8419d1d6055dffb8fa97913c6fd1,1,0.0003,1.0504966112786818,0.9440591655656811,0.5939551213555182,0.5179354019849882
C2,T0,g1-c2-resnet18,g1-c2-resnet18-f1-s2753-a4ff07c863e4,1,4523e5de20aee13ed67b66f32e766bd58e6f8419d1d6055dffb8fa97913c6fd1,2,0.00028528748905818404,0.8449707254090661,1.0982781160589283,0.483132346206686,0.4804960175610624
C2,T0,g1-c2-resnet18,g1-c2-resnet18-f1-s2753-a4ff07c863e4,1,4523e5de20aee13ed67b66f32e766bd58e6f8419d1d6055dffb8fa97913c6fd1,3,0.00024377999118157552,0.7751653905079007,0.9862338621240411,0.6020454892382843,0.5294590205045933
C2,T0,g1-c2-resnet18,g1-c2-resnet18-f1-s2753-a4ff07c863e4,1,4523e5de20aee13ed67b66f32e766bd58e6f8419d1d6055dffb8fa97913c6fd1,4,0.00018369821591534186,0.7384985878753094,0.7711515238932518,0.680812089757289,0.6507987894736875
C2,T0,g1-c2-resnet18,g1-c2-resnet18-f1-s2753-a4ff07c863e4,1,4523e5de20aee13ed67b66f32e766bd58e6f8419d1d6055dffb8fa97913c6fd1,5,0.0001169420957055782,0.7087752365986816,0.7362684616786326,0.6956189894672569,0.6654832221690814
C2,T0,g1-c2-resnet18,g1-c2-resnet18-f1-s2753-a4ff07c863e4,1,4523e5de20aee13ed67b66f32e766bd58e6f8419d1d6055dffb8fa97913c6fd1,6,5.6733498869914624e-05,0.6749580111924715,0.7209445956808395,0.6971454739734392,0.6793655003107186
C2,T0,g1-c2-resnet18,g1-c2-resnet18-f1-s2753-a4ff07c863e4,1,4523e5de20aee13ed67b66f32e766bd58e6f8419d1d6055dffb8fa97913c6fd1,7,1.4997476421636368e-05,0.6504755723377228,0.6879123243971137,0.7208059838192642,0.7050578825656015
C2,T0,g1-c2-resnet18,g1-c2-resnet18-f1-s2753-a4ff07c863e4,1,4523e5de20aee13ed67b66f32e766bd58e6f8419d1d6055dffb8fa97913c6fd1,8,3.594653495531119e-10,0.6298196632146345,0.6894297331294073,0.7203480384674096,0.7012098300940233
C2,T0,g1-c2-resnet18,g1-c2-resnet18-f2-s2753-2d6a8dffa3fe,2,19bf041c0e880c5474daf75fb3ad71b319e0b9bee4b381478861de079dd98a4d,1,0.0003,1.0546501551844376,0.9425162558883201,0.5893129770992367,0.4181355901873938
C2,T0,g1-c2-resnet18,g1-c2-resnet18-f2-s2753-2d6a8dffa3fe,2,19bf041c0e880c5474daf75fb3ad71b319e0b9bee4b381478861de079dd98a4d,2,0.00028528748905818404,0.8466226091863672,0.8133881425675545,0.6487022900763358,0.6093317611719294
C2,T0,g1-c2-resnet18,g1-c2-resnet18-f2-s2753-2d6a8dffa3fe,2,19bf041c0e880c5474daf75fb3ad71b319e0b9bee4b381478861de079dd98a4d,3,0.00024377999118157552,0.7820315734032515,0.7502845310072862,0.6882442748091603,0.6749208441008946
C2,T0,g1-c2-resnet18,g1-c2-resnet18-f2-s2753-2d6a8dffa3fe,2,19bf041c0e880c5474daf75fb3ad71b319e0b9bee4b381478861de079dd98a4d,4,0.00018369821591534186,0.7505207095501765,0.7286807286830349,0.7013740458015267,0.683489347287544
C2,T0,g1-c2-resnet18,g1-c2-resnet18-f2-s2753-2d6a8dffa3fe,2,19bf041c0e880c5474daf75fb3ad71b319e0b9bee4b381478861de079dd98a4d,5,0.0001169420957055782,0.7137463155563645,0.7036795672387567,0.7169465648854961,0.6991283130944839
C2,T0,g1-c2-resnet18,g1-c2-resnet18-f2-s2753-2d6a8dffa3fe,2,19bf041c0e880c5474daf75fb3ad71b319e0b9bee4b381478861de079dd98a4d,6,5.6733498869914624e-05,0.6834697286550295,0.6960600036701173,0.7170992366412213,0.698771738230077
C2,T0,g1-c2-resnet18,g1-c2-resnet18-f2-s2753-2d6a8dffa3fe,2,19bf041c0e880c5474daf75fb3ad71b319e0b9bee4b381478861de079dd98a4d,7,1.4997476421636368e-05,0.6545037418400309,0.6846003094520278,0.7192366412213741,0.7037203880060872
C2,T0,g1-c2-resnet18,g1-c2-resnet18-f2-s2753-2d6a8dffa3fe,2,19bf041c0e880c5474daf75fb3ad71b319e0b9bee4b381478861de079dd98a4d,8,3.594653495531119e-10,0.6362951594022687,0.6839155585165242,0.7267175572519083,0.7128098681685373
C2,T0,g1-c2-resnet18,g1-c2-resnet18-f3-s2753-f2eb5f7a2dac,3,530eb93c2e009f0a4c6be3c648832e05b9e5394ab8138d04a7bec95f5a326998,1,0.0003,1.0539647092829405,0.9414813815728399,0.5754198473282442,0.49736291698094487
C2,T0,g1-c2-resnet18,g1-c2-resnet18-f3-s2753-f2eb5f7a2dac,3,530eb93c2e009f0a4c6be3c648832e05b9e5394ab8138d04a7bec95f5a326998,2,0.00028528748905818404,0.8540617382872611,1.2174842147062752,0.5987786259541985,0.49289276445220065
C2,T0,g1-c2-resnet18,g1-c2-resnet18-f3-s2753-f2eb5f7a2dac,3,530eb93c2e009f0a4c6be3c648832e05b9e5394ab8138d04a7bec95f5a326998,3,0.00024377999118157552,0.786809348932219,0.8298348177571333,0.6370992366412214,0.6511002142682066
C2,T0,g1-c2-resnet18,g1-c2-resnet18-f3-s2753-f2eb5f7a2dac,3,530eb93c2e009f0a4c6be3c648832e05b9e5394ab8138d04a7bec95f5a326998,4,0.00018369821591534186,0.7490400913512075,0.7433882903779736,0.6850381679389314,0.6580391329132398
C2,T0,g1-c2-resnet18,g1-c2-resnet18-f3-s2753-f2eb5f7a2dac,3,530eb93c2e009f0a4c6be3c648832e05b9e5394ab8138d04a7bec95f5a326998,5,0.0001169420957055782,0.7145231166322855,0.7176115317927062,0.6961832061068702,0.6730177855418404
C2,T0,g1-c2-resnet18,g1-c2-resnet18-f3-s2753-f2eb5f7a2dac,3,530eb93c2e009f0a4c6be3c648832e05b9e5394ab8138d04a7bec95f5a326998,6,5.6733498869914624e-05,0.6805520891456283,0.6970399225122146,0.7105343511450382,0.688850159823669
C2,T0,g1-c2-resnet18,g1-c2-resnet18-f3-s2753-f2eb5f7a2dac,3,530eb93c2e009f0a4c6be3c648832e05b9e5394ab8138d04a7bec95f5a326998,7,1.4997476421636368e-05,0.6551048876752164,0.6652812375549142,0.722442748091603,0.7071677169715291
C2,T0,g1-c2-resnet18,g1-c2-resnet18-f3-s2753-f2eb5f7a2dac,3,530eb93c2e009f0a4c6be3c648832e05b9e5394ab8138d04a7bec95f5a326998,8,3.594653495531119e-10,0.6382185532856283,0.6626810502095987,0.723206106870229,0.7074561011942083
C2,T0,g1-c2-resnet18,g1-c2-resnet18-f4-s2753-2449eed2ce12,4,98125f3f65f335dce5c51b59273626c27cbbffc89e94655e089c1dde60b90b61,1,0.0003,1.0497727198326143,0.9553394794318557,0.5468559218559218,0.4922359765163795
C2,T0,g1-c2-resnet18,g1-c2-resnet18-f4-s2753-2449eed2ce12,4,98125f3f65f335dce5c51b59273626c27cbbffc89e94655e089c1dde60b90b61,2,0.00028528748905818404,0.8482646203456018,0.8871566635057312,0.6169108669108669,0.5314972397128978
C2,T0,g1-c2-resnet18,g1-c2-resnet18-f4-s2753-2449eed2ce12,4,98125f3f65f335dce5c51b59273626c27cbbffc89e94655e089c1dde60b90b61,3,0.00024377999118157552,0.7762935591501106,0.8476703910018353,0.6465201465201466,0.6494218428303502
C2,T0,g1-c2-resnet18,g1-c2-resnet18-f4-s2753-2449eed2ce12,4,98125f3f65f335dce5c51b59273626c27cbbffc89e94655e089c1dde60b90b61,4,0.00018369821591534186,0.7438059825077525,0.7865668437710903,0.6631562881562881,0.6277702239720612
C2,T0,g1-c2-resnet18,g1-c2-resnet18-f4-s2753-2449eed2ce12,4,98125f3f65f335dce5c51b59273626c27cbbffc89e94655e089c1dde60b90b61,5,0.0001169420957055782,0.7112185867577717,0.7046016790927985,0.7098595848595849,0.7033964761241132
C2,T0,g1-c2-resnet18,g1-c2-resnet18-f4-s2753-2449eed2ce12,4,98125f3f65f335dce5c51b59273626c27cbbffc89e94655e089c1dde60b90b61,6,5.6733498869914624e-05,0.6823933898463085,0.7045407298138144,0.7080280830280831,0.6950431684026875
C2,T0,g1-c2-resnet18,g1-c2-resnet18-f4-s2753-2449eed2ce12,4,98125f3f65f335dce5c51b59273626c27cbbffc89e94655e089c1dde60b90b61,7,1.4997476421636368e-05,0.6503743129346913,0.6984067646938948,0.7106227106227107,0.6963411856762737
C2,T0,g1-c2-resnet18,g1-c2-resnet18-f4-s2753-2449eed2ce12,4,98125f3f65f335dce5c51b59273626c27cbbffc89e94655e089c1dde60b90b61,8,3.594653495531119e-10,0.6357548654222756,0.6864752612998926,0.7173382173382173,0.7031650722050404
C2,T1,g2-t1-c2-resnet18,g2-t1-c2-resnet18-f0-s2753-b526dcae9e76,0,60c8ba56b95c5f241d19a664ae393b023cae613b66fa3139c1adbe1e6082ca8e,1,0.001,1.0000027031979115,1.0303602145555366,0.5622900763358779,0.3647360613649791
C2,T1,g2-t1-c2-resnet18,g2-t1-c2-resnet18-f0-s2753-b526dcae9e76,0,60c8ba56b95c5f241d19a664ae393b023cae613b66fa3139c1adbe1e6082ca8e,2,0.0009509582968606136,0.8703692215606238,0.8648337549562672,0.6404580152671756,0.6088553564914834
C2,T1,g2-t1-c2-resnet18,g2-t1-c2-resnet18-f0-s2753-b526dcae9e76,0,60c8ba56b95c5f241d19a664ae393b023cae613b66fa3139c1adbe1e6082ca8e,3,0.0008125999706052518,0.8102221212709914,0.7833197917465036,0.6516030534351145,0.6530979657190992
C2,T1,g2-t1-c2-resnet18,g2-t1-c2-resnet18-f0-s2753-b526dcae9e76,0,60c8ba56b95c5f241d19a664ae393b023cae613b66fa3139c1adbe1e6082ca8e,4,0.0006123273863844729,0.7685495203666795,0.7591785553393473,0.6734351145038168,0.646860960385081
C2,T1,g2-t1-c2-resnet18,g2-t1-c2-resnet18-f0-s2753-b526dcae9e76,0,60c8ba56b95c5f241d19a664ae393b023cae613b66fa3139c1adbe1e6082ca8e,5,0.0003898069856852607,0.7401440972370241,0.7495112709325689,0.6845801526717558,0.6496467582783709
C2,T1,g2-t1-c2-resnet18,g2-t1-c2-resnet18-f0-s2753-b526dcae9e76,0,60c8ba56b95c5f241d19a664ae393b023cae613b66fa3139c1adbe1e6082ca8e,6,0.00018911166289971543,0.7043225299887579,0.6973158200278537,0.7007633587786259,0.6894113921893547
C2,T1,g2-t1-c2-resnet18,g2-t1-c2-resnet18-f0-s2753-b526dcae9e76,0,60c8ba56b95c5f241d19a664ae393b023cae613b66fa3139c1adbe1e6082ca8e,7,4.999158807212123e-05,0.6754797587061513,0.6905940753722009,0.7061068702290076,0.6926940762553593
C2,T1,g2-t1-c2-resnet18,g2-t1-c2-resnet18-f0-s2753-b526dcae9e76,0,60c8ba56b95c5f241d19a664ae393b023cae613b66fa3139c1adbe1e6082ca8e,8,1.1982178318437065e-09,0.6548972898838389,0.69109795493024,0.7065648854961832,0.6906646686011741
C2,T1,g2-t1-c2-resnet18,g2-t1-c2-resnet18-f1-s2753-e52955c401e9,1,2a6f629edbc3f4218ca0f2445120968b7c6ea368c3760d66cf339cb5f9056539,1,0.001,1.0117756295191425,2.6075863610003998,0.2898794077240116,0.14173663776837764
C2,T1,g2-t1-c2-resnet18,g2-t1-c2-resnet18-f1-s2753-e52955c401e9,1,2a6f629edbc3f4218ca0f2445120968b7c6ea368c3760d66cf339cb5f9056539,2,0.0009509582968606136,0.8587756331808994,1.1096549058684755,0.4551976797435506,0.38468513051317077
C2,T1,g2-t1-c2-resnet18,g2-t1-c2-resnet18-f1-s2753-e52955c401e9,1,2a6f629edbc3f4218ca0f2445120968b7c6ea368c3760d66cf339cb5f9056539,3,0.0008125999706052518,0.7995710623427189,0.886918845522078,0.6177682796519616,0.5672249131267995
C2,T1,g2-t1-c2-resnet18,g2-t1-c2-resnet18-f1-s2753-e52955c401e9,1,2a6f629edbc3f4218ca0f2445120968b7c6ea368c3760d66cf339cb5f9056539,4,0.0006123273863844729,0.7632292622819619,0.7650769226806907,0.6847809494733629,0.6631866163150858
C2,T1,g2-t1-c2-resnet18,g2-t1-c2-resnet18-f1-s2753-e52955c401e9,1,2a6f629edbc3f4218ca0f2445120968b7c6ea368c3760d66cf339cb5f9056539,5,0.0003898069856852607,0.7310735294131157,0.7679118223089132,0.6798961990535796,0.6460213032188695
C2,T1,g2-t1-c2-resnet18,g2-t1-c2-resnet18-f1-s2753-e52955c401e9,1,2a6f629edbc3f4218ca0f2445120968b7c6ea368c3760d66cf339cb5f9056539,6,0.00018911166289971543,0.698648028656341,0.7315556418347988,0.692260723553656,0.6684374889470419
C2,T1,g2-t1-c2-resnet18,g2-t1-c2-resnet18-f1-s2753-e52955c401e9,1,2a6f629edbc3f4218ca0f2445120968b7c6ea368c3760d66cf339cb5f9056539,7,4.999158807212123e-05,0.6700919958737304,0.6980617217227095,0.7116470767821707,0.6958433790718304
C2,T1,g2-t1-c2-resnet18,g2-t1-c2-resnet18-f1-s2753-e52955c401e9,1,2a6f629edbc3f4218ca0f2445120968b7c6ea368c3760d66cf339cb5f9056539,8,1.1982178318437065e-09,0.6493071740378442,0.6964042888872679,0.7121050221340254,0.6951324168984383
C2,T1,g2-t1-c2-resnet18,g2-t1-c2-resnet18-f2-s2753-29d5ef810bf2,2,eb5e380bdb6946c4be62b3f2fd776c348bc45ff1a6b2e470718ce2aeb4063aca,1,0.001,1.023244374117651,0.8922130090407743,0.6117557251908396,0.43411142344892606
C2,T1,g2-t1-c2-resnet18,g2-t1-c2-resnet18-f2-s2753-29d5ef810bf2,2,eb5e380bdb6946c4be62b3f2fd776c348bc45ff1a6b2e470718ce2aeb4063aca,2,0.0009509582968606136,0.8707503291826569,1.0581864568841366,0.5129770992366413,0.4497299376363148
C2,T1,g2-t1-c2-resnet18,g2-t1-c2-resnet18-f2-s2753-29d5ef810bf2,2,eb5e380bdb6946c4be62b3f2fd776c348bc45ff1a6b2e470718ce2aeb4063aca,3,0.0008125999706052518,0.8144564665679108,0.7602984671374313,0.6830534351145038,0.6729935700055552
C2,T1,g2-t1-c2-resnet18,g2-t1-c2-resnet18-f2-s2753-29d5ef810bf2,2,eb5e380bdb6946c4be62b3f2fd776c348bc45ff1a6b2e470718ce2aeb4063aca,4,0.0006123273863844729,0.7777839243214116,0.7416135186093454,0.6964885496183206,0.6735587870957201
C2,T1,g2-t1-c2-resnet18,g2-t1-c2-resnet18-f2-s2753-29d5ef810bf2,2,eb5e380bdb6946c4be62b3f2fd776c348bc45ff1a6b2e470718ce2aeb4063aca,5,0.0003898069856852607,0.7380784517189285,0.7127825288008187,0.7164885496183206,0.7032541520109927
C2,T1,g2-t1-c2-resnet18,g2-t1-c2-resnet18-f2-s2753-29d5ef810bf2,2,eb5e380bdb6946c4be62b3f2fd776c348bc45ff1a6b2e470718ce2aeb4063aca,6,0.00018911166289971543,0.7097810577587403,0.7059781432151795,0.7131297709923664,0.6935304387803725
C2,T1,g2-t1-c2-resnet18,g2-t1-c2-resnet18-f2-s2753-29d5ef810bf2,2,eb5e380bdb6946c4be62b3f2fd776c348bc45ff1a6b2e470718ce2aeb4063aca,7,4.999158807212123e-05,0.67979367554645,0.6889948761554164,0.7187786259541985,0.7010804188920092
C2,T1,g2-t1-c2-resnet18,g2-t1-c2-resnet18-f2-s2753-29d5ef810bf2,2,eb5e380bdb6946c4be62b3f2fd776c348bc45ff1a6b2e470718ce2aeb4063aca,8,1.1982178318437065e-09,0.6612019933407868,0.6886401862588547,0.7170992366412213,0.6985017412654769
C2,T1,g2-t1-c2-resnet18,g2-t1-c2-resnet18-f3-s2753-41548f0fa802,3,f6751bf783b8420d73d2d6876fd350172932492a982cf5186a7a1a1fef6188bc,1,0.001,1.0257479131724485,1.0617421763907862,0.5343511450381679,0.31787880275953806
C2,T1,g2-t1-c2-resnet18,g2-t1-c2-resnet18-f3-s2753-41548f0fa802,3,f6751bf783b8420d73d2d6876fd350172932492a982cf5186a7a1a1fef6188bc,2,0.0009509582968606136,0.870177843473078,0.8439783512180998,0.6270229007633588,0.5879461655139998
C2,T1,g2-t1-c2-resnet18,g2-t1-c2-resnet18-f3-s2753-41548f0fa802,3,f6751bf783b8420d73d2d6876fd350172932492a982cf5186a7a1a1fef6188bc,3,0.0008125999706052518,0.8057427568248777,0.7738716648917162,0.6781679389312977,0.6639226719410292
C2,T1,g2-t1-c2-resnet18,g2-t1-c2-resnet18-f3-s2753-41548f0fa802,3,f6751bf783b8420d73d2d6876fd350172932492a982cf5186a7a1a1fef6188bc,4,0.0006123273863844729,0.7705874004623514,0.7931701298979402,0.6525190839694657,0.6014240025941323
C2,T1,g2-t1-c2-resnet18,g2-t1-c2-resnet18-f3-s2753-41548f0fa802,3,f6751bf783b8420d73d2d6876fd350172932492a982cf5186a7a1a1fef6188bc,5,0.0003898069856852607,0.7345841957044862,0.7011738755502773,0.7048854961832061,0.6839242066991097
C2,T1,g2-t1-c2-resnet18,g2-t1-c2-resnet18-f3-s2753-41548f0fa802,3,f6751bf783b8420d73d2d6876fd350172932492a982cf5186a7a1a1fef6188bc,6,0.00018911166289971543,0.7001017555568854,0.6973564188989975,0.7067175572519084,0.6823905421192751
C2,T1,g2-t1-c2-resnet18,g2-t1-c2-resnet18-f3-s2753-41548f0fa802,3,f6751bf783b8420d73d2d6876fd350172932492a982cf5186a7a1a1fef6188bc,7,4.999158807212123e-05,0.67112519125472,0.673429326073814,0.7198473282442748,0.7013029816062569
C2,T1,g2-t1-c2-resnet18,g2-t1-c2-resnet18-f3-s2753-41548f0fa802,3,f6751bf783b8420d73d2d6876fd350172932492a982cf5186a7a1a1fef6188bc,8,1.1982178318437065e-09,0.6503162968114592,0.6628292066359338,0.7248854961832061,0.7070831089809126
C2,T1,g2-t1-c2-resnet18,g2-t1-c2-resnet18-f4-s2753-a5b09ce0eb52,4,a201727ef1de966fd973c56128e528f6f83ec3b09fc6f659fd8f2f89551ab7ae,1,0.001,1.0201589717291168,1.2695021889876388,0.39056776556776557,0.38683668394204457
C2,T1,g2-t1-c2-resnet18,g2-t1-c2-resnet18-f4-s2753-a5b09ce0eb52,4,a201727ef1de966fd973c56128e528f6f83ec3b09fc6f659fd8f2f89551ab7ae,2,0.0009509582968606136,0.8685411125288443,0.8268467235186744,0.6486568986568987,0.6051626104564325
C2,T1,g2-t1-c2-resnet18,g2-t1-c2-resnet18-f4-s2753-a5b09ce0eb52,4,a201727ef1de966fd973c56128e528f6f83ec3b09fc6f659fd8f2f89551ab7ae,3,0.0008125999706052518,0.8028379390359921,0.7979236551547952,0.6717032967032966,0.6613304554059001
C2,T1,g2-t1-c2-resnet18,g2-t1-c2-resnet18-f4-s2753-a5b09ce0eb52,4,a201727ef1de966fd973c56128e528f6f83ec3b09fc6f659fd8f2f89551ab7ae,4,0.0006123273863844729,0.7666347211728792,0.7957192336974418,0.6465201465201466,0.6236634164311103
C2,T1,g2-t1-c2-resnet18,g2-t1-c2-resnet18-f4-s2753-a5b09ce0eb52,4,a201727ef1de966fd973c56128e528f6f83ec3b09fc6f659fd8f2f89551ab7ae,5,0.0003898069856852607,0.7338187340279444,0.7790239325955383,0.6834554334554335,0.6700873098293129
C2,T1,g2-t1-c2-resnet18,g2-t1-c2-resnet18-f4-s2753-a5b09ce0eb52,4,a201727ef1de966fd973c56128e528f6f83ec3b09fc6f659fd8f2f89551ab7ae,6,0.00018911166289971543,0.7066200342047675,0.7231759526499607,0.7002442002442002,0.6903223849451613
C2,T1,g2-t1-c2-resnet18,g2-t1-c2-resnet18-f4-s2753-a5b09ce0eb52,4,a201727ef1de966fd973c56128e528f6f83ec3b09fc6f659fd8f2f89551ab7ae,7,4.999158807212123e-05,0.6704719064390472,0.7020906564371344,0.7071123321123322,0.6921655683661664
C2,T1,g2-t1-c2-resnet18,g2-t1-c2-resnet18-f4-s2753-a5b09ce0eb52,4,a201727ef1de966fd973c56128e528f6f83ec3b09fc6f659fd8f2f89551ab7ae,8,1.1982178318437065e-09,0.6524534545633239,0.6910557612976894,0.7161172161172161,0.702654828196052
C2,T2,g2-t2-c2-resnet18,g2-t2-c2-resnet18-f0-s2753-6dde616c1e5e,0,14a55f1842c9904300000a3fa1b35fa83410652922878675d9c5aa707d89dddb,1,0.0003,1.0368103294255546,1.055935731789538,0.5541984732824428,0.46521051784089057
C2,T2,g2-t2-c2-resnet18,g2-t2-c2-resnet18-f0-s2753-6dde616c1e5e,0,14a55f1842c9904300000a3fa1b35fa83410652922878675d9c5aa707d89dddb,2,0.00028528748905818404,0.8463804216092449,0.8306231724396916,0.6459541984732824,0.6270401243884047
C2,T2,g2-t2-c2-resnet18,g2-t2-c2-resnet18-f0-s2753-6dde616c1e5e,0,14a55f1842c9904300000a3fa1b35fa83410652922878675d9c5aa707d89dddb,3,0.00024377999118157552,0.7836486084385782,1.5409645115874195,0.32778625954198476,0.22369938905803421
C2,T2,g2-t2-c2-resnet18,g2-t2-c2-resnet18-f0-s2753-6dde616c1e5e,0,14a55f1842c9904300000a3fa1b35fa83410652922878675d9c5aa707d89dddb,4,0.00018369821591534186,0.7454053779706215,0.8024451813170018,0.6563358778625954,0.6002956789281234
C2,T2,g2-t2-c2-resnet18,g2-t2-c2-resnet18-f0-s2753-6dde616c1e5e,0,14a55f1842c9904300000a3fa1b35fa83410652922878675d9c5aa707d89dddb,5,0.0001169420957055782,0.7085568318156638,0.7487848273033404,0.6810687022900763,0.6763224976189726
C2,T2,g2-t2-c2-resnet18,g2-t2-c2-resnet18-f0-s2753-6dde616c1e5e,0,14a55f1842c9904300000a3fa1b35fa83410652922878675d9c5aa707d89dddb,6,5.6733498869914624e-05,0.6771858159956102,0.6917848840651621,0.709618320610687,0.6995474815592618
C2,T2,g2-t2-c2-resnet18,g2-t2-c2-resnet18-f0-s2753-6dde616c1e5e,0,14a55f1842c9904300000a3fa1b35fa83410652922878675d9c5aa707d89dddb,7,1.4997476421636368e-05,0.6493853430404412,0.6707673918381902,0.7206106870229008,0.7029720347017674
C2,T2,g2-t2-c2-resnet18,g2-t2-c2-resnet18-f0-s2753-6dde616c1e5e,0,14a55f1842c9904300000a3fa1b35fa83410652922878675d9c5aa707d89dddb,8,3.594653495531119e-10,0.629811545712745,0.675979210620618,0.720763358778626,0.7044042130089941
C2,T2,g2-t2-c2-resnet18,g2-t2-c2-resnet18-f1-s2753-a797f5c052fe,1,f81e54d09194d5a4c7958f500f08a72bead64afc53c8b73c633ccfa8f3a4ed0e,1,0.0003,1.051098063223035,0.9500008660261002,0.5997557624790109,0.5052234891683677
C2,T2,g2-t2-c2-resnet18,g2-t2-c2-resnet18-f1-s2753-a797f5c052fe,1,f81e54d09194d5a4c7958f500f08a72bead64afc53c8b73c633ccfa8f3a4ed0e,2,0.00028528748905818404,0.8429445213793288,0.8552608790697532,0.6334910700656389,0.6281328756387814
C2,T2,g2-t2-c2-resnet18,g2-t2-c2-resnet18-f1-s2753-a797f5c052fe,1,f81e54d09194d5a4c7958f500f08a72bead64afc53c8b73c633ccfa8f3a4ed0e,3,0.00024377999118157552,0.7747662477607573,0.9256633362175399,0.6087620210654862,0.5481320948907082
C2,T2,g2-t2-c2-resnet18,g2-t2-c2-resnet18-f1-s2753-a797f5c052fe,1,f81e54d09194d5a4c7958f500f08a72bead64afc53c8b73c633ccfa8f3a4ed0e,4,0.00018369821591534186,0.7372432813945776,0.7628513342041111,0.6867653793313998,0.6562159390782927
C2,T2,g2-t2-c2-resnet18,g2-t2-c2-resnet18-f1-s2753-a797f5c052fe,1,f81e54d09194d5a4c7958f500f08a72bead64afc53c8b73c633ccfa8f3a4ed0e,5,0.0001169420957055782,0.7072590666798706,0.7360829594498862,0.6914974813005648,0.6574363456125959
C2,T2,g2-t2-c2-resnet18,g2-t2-c2-resnet18-f1-s2753-a797f5c052fe,1,f81e54d09194d5a4c7958f500f08a72bead64afc53c8b73c633ccfa8f3a4ed0e,6,5.6733498869914624e-05,0.6739843214534547,0.7164283306648523,0.7023355212944589,0.6853600766154869
C2,T2,g2-t2-c2-resnet18,g2-t2-c2-resnet18-f1-s2753-a797f5c052fe,1,f81e54d09194d5a4c7958f500f08a72bead64afc53c8b73c633ccfa8f3a4ed0e,7,1.4997476421636368e-05,0.6491667691118599,0.6856260763618022,0.7209586322698824,0.7027805061091463
C2,T2,g2-t2-c2-resnet18,g2-t2-c2-resnet18-f1-s2753-a797f5c052fe,1,f81e54d09194d5a4c7958f500f08a72bead64afc53c8b73c633ccfa8f3a4ed0e,8,3.594653495531119e-10,0.6291834411662223,0.6876365337694279,0.7194321477637002,0.6983499220437368
C2,T2,g2-t2-c2-resnet18,g2-t2-c2-resnet18-f2-s2753-c0de62f1594e,2,6ec44de2b091d3b7afc4847c6157dad0e951d7450bf8804f84ed396f8d5c960e,1,0.0003,1.0434178602685,1.0545923189807485,0.556030534351145,0.31598750850960866
C2,T2,g2-t2-c2-resnet18,g2-t2-c2-resnet18-f2-s2753-c0de62f1594e,2,6ec44de2b091d3b7afc4847c6157dad0e951d7450bf8804f84ed396f8d5c960e,2,0.00028528748905818404,0.8440107156228315,0.7759640375712445,0.683969465648855,0.6778992315253423
C2,T2,g2-t2-c2-resnet18,g2-t2-c2-resnet18-f2-s2753-c0de62f1594e,2,6ec44de2b091d3b7afc4847c6157dad0e951d7450bf8804f84ed396f8d5c960e,3,0.00024377999118157552,0.7793507456292689,0.7408990797923721,0.6868702290076336,0.6748500564448836
C2,T2,g2-t2-c2-resnet18,g2-t2-c2-resnet18-f2-s2753-c0de62f1594e,2,6ec44de2b091d3b7afc4847c6157dad0e951d7450bf8804f84ed396f8d5c960e,4,0.00018369821591534186,0.7443979812597394,0.7179531924233182,0.7129770992366412,0.6929571168831276
C2,T2,g2-t2-c2-resnet18,g2-t2-c2-resnet18-f2-s2753-c0de62f1594e,2,6ec44de2b091d3b7afc4847c6157dad0e951d7450bf8804f84ed396f8d5c960e,5,0.0001169420957055782,0.707189746941746,0.706014044885417,0.716793893129771,0.6975037674287232
C2,T2,g2-t2-c2-resnet18,g2-t2-c2-resnet18-f2-s2753-c0de62f1594e,2,6ec44de2b091d3b7afc4847c6157dad0e951d7450bf8804f84ed396f8d5c960e,6,5.6733498869914624e-05,0.6788844373150372,0.682093413913523,0.7314503816793894,0.7128780166822808
C2,T2,g2-t2-c2-resnet18,g2-t2-c2-resnet18-f2-s2753-c0de62f1594e,2,6ec44de2b091d3b7afc4847c6157dad0e951d7450bf8804f84ed396f8d5c960e,7,1.4997476421636368e-05,0.6502387987740716,0.6692243171739214,0.7370992366412213,0.7225987478026454
C2,T2,g2-t2-c2-resnet18,g2-t2-c2-resnet18-f2-s2753-c0de62f1594e,2,6ec44de2b091d3b7afc4847c6157dad0e951d7450bf8804f84ed396f8d5c960e,8,3.594653495531119e-10,0.6345598823591183,0.6699574815407964,0.7384732824427481,0.7250995169084534
C2,T2,g2-t2-c2-resnet18,g2-t2-c2-resnet18-f3-s2753-dc95a41dc6c7,3,2c9555c1dfe72ceab4bf50a926e84d8e66d44ca41dff00eee9d9cf378f185fe0,1,0.0003,1.05421658586201,0.93257780115113,0.5763358778625954,0.5252128184974192
C2,T2,g2-t2-c2-resnet18,g2-t2-c2-resnet18-f3-s2753-dc95a41dc6c7,3,2c9555c1dfe72ceab4bf50a926e84d8e66d44ca41dff00eee9d9cf378f185fe0,2,0.00028528748905818404,0.8551888501480809,1.093909404851098,0.5966412213740458,0.4746292137577607
C2,T2,g2-t2-c2-resnet18,g2-t2-c2-resnet18-f3-s2753-dc95a41dc6c7,3,2c9555c1dfe72ceab4bf50a926e84d8e66d44ca41dff00eee9d9cf378f185fe0,3,0.00024377999118157552,0.7876753165481409,0.9277462349593184,0.59206106870229,0.610179576525459
C2,T2,g2-t2-c2-resnet18,g2-t2-c2-resnet18-f3-s2753-dc95a41dc6c7,3,2c9555c1dfe72ceab4bf50a926e84d8e66d44ca41dff00eee9d9cf378f185fe0,4,0.00018369821591534186,0.7493290347356548,0.7271350120497114,0.6909923664122137,0.6661980991542175
C2,T2,g2-t2-c2-resnet18,g2-t2-c2-resnet18-f3-s2753-dc95a41dc6c7,3,2c9555c1dfe72ceab4bf50a926e84d8e66d44ca41dff00eee9d9cf378f185fe0,5,0.0001169420957055782,0.7169523461080756,0.7042112219606647,0.7007633587786259,0.6813139040580223
C2,T2,g2-t2-c2-resnet18,g2-t2-c2-resnet18-f3-s2753-dc95a41dc6c7,3,2c9555c1dfe72ceab4bf50a926e84d8e66d44ca41dff00eee9d9cf378f185fe0,6,5.6733498869914624e-05,0.6815159740836704,0.6932415520962868,0.7099236641221374,0.6906502829783556
C2,T2,g2-t2-c2-resnet18,g2-t2-c2-resnet18-f3-s2753-dc95a41dc6c7,3,2c9555c1dfe72ceab4bf50a926e84d8e66d44ca41dff00eee9d9cf378f185fe0,7,1.4997476421636368e-05,0.6566248371578994,0.6711057863617671,0.7161832061068703,0.7007740504627281
C2,T2,g2-t2-c2-resnet18,g2-t2-c2-resnet18-f3-s2753-dc95a41dc6c7,3,2c9555c1dfe72ceab4bf50a926e84d8e66d44ca41dff00eee9d9cf378f185fe0,8,3.594653495531119e-10,0.6389917013176851,0.6641729765174953,0.7227480916030534,0.7080799818420351
C2,T2,g2-t2-c2-resnet18,g2-t2-c2-resnet18-f4-s2753-3e92750d326a,4,0583cbde0a46f5888d0d05ad798849aba1644632ea3f29a7e6450a701dfcabde,1,0.0003,1.051336865671527,0.962899615549197,0.5570818070818071,0.4881064932020329
C2,T2,g2-t2-c2-resnet18,g2-t2-c2-resnet18-f4-s2753-3e92750d326a,4,0583cbde0a46f5888d0d05ad798849aba1644632ea3f29a7e6450a701dfcabde,2,0.00028528748905818404,0.8443733185426201,0.8360485791141151,0.637057387057387,0.578426447976772
C2,T2,g2-t2-c2-resnet18,g2-t2-c2-resnet18-f4-s2753-3e92750d326a,4,0583cbde0a46f5888d0d05ad798849aba1644632ea3f29a7e6450a701dfcabde,3,0.00024377999118157552,0.7758193030543357,0.82648014360004,0.6478937728937729,0.6483572884552178
C2,T2,g2-t2-c2-resnet18,g2-t2-c2-resnet18-f4-s2753-3e92750d326a,4,0583cbde0a46f5888d0d05ad798849aba1644632ea3f29a7e6450a701dfcabde,4,0.00018369821591534186,0.7404999532552535,0.776722003615965,0.6674297924297924,0.6333044590021326
C2,T2,g2-t2-c2-resnet18,g2-t2-c2-resnet18-f4-s2753-3e92750d326a,4,0583cbde0a46f5888d0d05ad798849aba1644632ea3f29a7e6450a701dfcabde,5,0.0001169420957055782,0.7103380025545561,0.6997744090973385,0.7092490842490843,0.6972891275226071
C2,T2,g2-t2-c2-resnet18,g2-t2-c2-resnet18-f4-s2753-3e92750d326a,4,0583cbde0a46f5888d0d05ad798849aba1644632ea3f29a7e6450a701dfcabde,6,5.6733498869914624e-05,0.6813609313520783,0.7053649567422413,0.7054334554334555,0.6917388121069845
C2,T2,g2-t2-c2-resnet18,g2-t2-c2-resnet18-f4-s2753-3e92750d326a,4,0583cbde0a46f5888d0d05ad798849aba1644632ea3f29a7e6450a701dfcabde,7,1.4997476421636368e-05,0.650402107182716,0.7063296551523919,0.7023809523809523,0.6862673784710706
C2,T2,g2-t2-c2-resnet18,g2-t2-c2-resnet18-f4-s2753-3e92750d326a,4,0583cbde0a46f5888d0d05ad798849aba1644632ea3f29a7e6450a701dfcabde,8,3.594653495531119e-10,0.6352282194234793,0.6871984485668723,0.7144383394383395,0.7003033063757035
