family,tuning_id,experiment_id,run_id,fold,history_sha256,epoch,learning_rate,train_loss,validation_loss,validation_accuracy,validation_macro_f1,common_horizon,used_in_five_fold_summary
C1,T1,g3-c1-t1-smallcnn,g3-c1-t1-smallcnn-f0-s2753-bdfa9d992e00,0,b137f1cd384266e66acb0919c01b1e6879f8f39a93b21deb060541f14d6df145,1,0.001,0.9965517460078368,0.9160471302316389,0.5885496183206107,0.4951064453843852,18,True
C1,T1,g3-c1-t1-smallcnn,g3-c1-t1-smallcnn-f0-s2753-bdfa9d992e00,0,b137f1cd384266e66acb0919c01b1e6879f8f39a93b21deb060541f14d6df145,2,0.0009970974765324432,0.8418878105989427,0.820285304411677,0.6511450381679389,0.6436601297302377,18,True
C1,T1,g3-c1-t1-smallcnn,g3-c1-t1-smallcnn-f0-s2753-bdfa9d992e00,0,b137f1cd384266e66acb0919c01b1e6879f8f39a93b21deb060541f14d6df145,3,0.0009883670094660564,0.7840973113286779,0.7663981657719794,0.675267175572519,0.6539690341437228,18,True
C1,T1,g3-c1-t1-smallcnn,g3-c1-t1-smallcnn-f0-s2753-bdfa9d992e00,0,b137f1cd384266e66acb0919c01b1e6879f8f39a93b21deb060541f14d6df145,4,0.0009739108857318951,0.7532992111846326,0.7899044870056269,0.6624427480916031,0.6114242403747041,18,True
C1,T1,g3-c1-t1-smallcnn,g3-c1-t1-smallcnn-f0-s2753-bdfa9d992e00,0,b137f1cd384266e66acb0919c01b1e6879f8f39a93b21deb060541f14d6df145,5,0.0009538985901633824,0.7306518470170056,0.7979867862563097,0.6801526717557251,0.6558756947161387,18,True
C1,T1,g3-c1-t1-smallcnn,g3-c1-t1-smallcnn-f0-s2753-bdfa9d992e00,0,b137f1cd384266e66acb0919c01b1e6879f8f39a93b21deb060541f14d6df145,6,0.0009285647486286424,0.710343104989657,0.7611751067001401,0.6746564885496183,0.6794344247421621,18,True
C1,T1,g3-c1-t1-smallcnn,g3-c1-t1-smallcnn-f0-s2753-bdfa9d992e00,0,b137f1cd384266e66acb0919c01b1e6879f8f39a93b21deb060541f14d6df145,7,0.0008982063772567181,0.6930089931981561,0.7339712571460782,0.6848854961832062,0.6535012080390474,18,True
C1,T1,g3-c1-t1-smallcnn,g3-c1-t1-smallcnn-f0-s2753-bdfa9d992e00,0,b137f1cd384266e66acb0919c01b1e6879f8f39a93b21deb060541f14d6df145,8,0.0008631794001950215,0.6752180369924926,0.7069477570602912,0.7059541984732824,0.6901075424119368,18,True
C1,T1,g3-c1-t1-smallcnn,g3-c1-t1-smallcnn-f0-s2753-bdfa9d992e00,0,b137f1cd384266e66acb0919c01b1e6879f8f39a93b21deb060541f14d6df145,9,0.0008238944767241306,0.6606292044853012,0.7075041611777008,0.7030534351145038,0.6903046203705647,18,True
C1,T1,g3-c1-t1-smallcnn,g3-c1-t1-smallcnn-f0-s2753-bdfa9d992e00,0,b137f1cd384266e66acb0919c01b1e6879f8f39a93b21deb060541f14d6df145,10,0.0007808121866531934,0.6479886657240027,0.7011479128863065,0.7132824427480916,0.7089221175197884,18,True
C1,T1,g3-c1-t1-smallcnn,g3-c1-t1-smallcnn-f0-s2753-bdfa9d992e00,0,b137f1cd384266e66acb0919c01b1e6879f8f39a93b21deb060541f14d6df145,11,0.0007344376304427783,0.6362499347152735,0.6762536865791292,0.7251908396946565,0.7125023479594824,18,True
C1,T1,g3-c1-t1-smallcnn,g3-c1-t1-smallcnn-f0-s2753-bdfa9d992e00,0,b137f1cd384266e66acb0919c01b1e6879f8f39a93b21deb060541f14d6df145,12,0.0006853145073637911,0.6221144877034954,0.6729635602463293,0.7230534351145038,0.7101549715511989,18,True
C1,T1,g3-c1-t1-smallcnn,g3-c1-t1-smallcnn-f0-s2753-bdfa9d992e00,0,b137f1cd384266e66acb0919c01b1e6879f8f39a93b21deb060541f14d6df145,13,0.0006340187411206335,0.6129531139536395,0.6653329228535864,0.7319083969465648,0.7197310537630031,18,True
C1,T1,g3-c1-t1-smallcnn,g3-c1-t1-smallcnn-f0-s2753-bdfa9d992e00,0,b137f1cd384266e66acb0919c01b1e6879f8f39a93b21deb060541f14d6df145,14,0.0005811517276723399,0.5999190085526482,0.6644418660829995,0.7317557251908396,0.7156190815789263,18,True
C1,T1,g3-c1-t1-smallcnn,g3-c1-t1-smallcnn-f0-s2753-bdfa9d992e00,0,b137f1cd384266e66acb0919c01b1e6879f8f39a93b21deb060541f14d6df145,15,0.0005273332844148203,0.584628008214753,0.6474709797815512,0.7357251908396947,0.7168057658024334,18,True
C1,T1,g3-c1-t1-smallcnn,g3-c1-t1-smallcnn-f0-s2753-bdfa9d992e00,0,b137f1cd384266e66acb0919c01b1e6879f8f39a93b21deb060541f14d6df145,16,0.00047319438338859726,0.5701122718544692,0.6400694076705525,0.7450381679389313,0.7327194135726175,18,True
C1,T1,g3-c1-t1-smallcnn,g3-c1-t1-smallcnn-f0-s2753-bdfa9d992e00,0,b137f1cd384266e66acb0919c01b1e6879f8f39a93b21deb060541f14d6df145,17,0.00041936975370853396,0.5613563579682361,0.672629954796711,0.7267175572519083,0.7078551721983362,18,True
C1,T1,g3-c1-t1-smallcnn,g3-c1-t1-smallcnn-f0-s2753-bdfa9d992e00,0,b137f1cd384266e66acb0919c01b1e6879f8f39a93b21deb060541f14d6df145,18,0.00036649043994530075,0.5481769845071051,0.666651826787541,0.7329770992366412,0.7230288569326961,18,True
C1,T1,g3-c1-t1-smallcnn,g3-c1-t1-smallcnn-f0-s2753-bdfa9d992e00,0,b137f1cd384266e66acb0919c01b1e6879f8f39a93b21deb060541f14d6df145,19,0.0003151764037047542,0.5349211427679372,0.6636900404937395,0.7380152671755725,0.7242770481748448,18,False
C1,T1,g3-c1-t1-smallcnn,g3-c1-t1-smallcnn-f0-s2753-bdfa9d992e00,0,b137f1cd384266e66acb0919c01b1e6879f8f39a93b21deb060541f14d6df145,20,0.00026602925514494373,0.5244484370125025,0.6856386007152441,0.7294656488549618,0.7146633692628812,18,False
C1,T1,g3-c1-t1-smallcnn,g3-c1-t1-smallcnn-f0-s2753-bdfa9d992e00,0,b137f1cd384266e66acb0919c01b1e6879f8f39a93b21deb060541f14d6df145,21,0.0002196251996470665,0.50786995342732,0.6565932744513941,0.746412213740458,0.7316225930206761,18,False
C1,T1,g3-c1-t1-smallcnn,g3-c1-t1-smallcnn-f1-s2753-b63b6a84d669,1,0795a6e42d4866fbad2cee774e3c628e453885099a296b84d1acf18327789676,1,0.001,1.007693801041951,1.3198148703469592,0.5058769653488017,0.33906864312340457,18,True
C1,T1,g3-c1-t1-smallcnn,g3-c1-t1-smallcnn-f1-s2753-b63b6a84d669,1,0795a6e42d4866fbad2cee774e3c628e453885099a296b84d1acf18327789676,2,0.0009970974765324432,0.8328339839771444,0.8328875286345118,0.630896046405129,0.627459566061418,18,True
C1,T1,g3-c1-t1-smallcnn,g3-c1-t1-smallcnn-f1-s2753-b63b6a84d669,1,0795a6e42d4866fbad2cee774e3c628e453885099a296b84d1acf18327789676,3,0.0009883670094660564,0.7787710377100123,0.7828617901897416,0.6719584796214318,0.6707535838608992,18,True
C1,T1,g3-c1-t1-smallcnn,g3-c1-t1-smallcnn-f1-s2753-b63b6a84d669,1,0795a6e42d4866fbad2cee774e3c628e453885099a296b84d1acf18327789676,4,0.0009739108857318951,0.7523481680795296,0.7585175831960987,0.6872233246832544,0.6722832403363131,18,True
C1,T1,g3-c1-t1-smallcnn,g3-c1-t1-smallcnn-f1-s2753-b63b6a84d669,1,0795a6e42d4866fbad2cee774e3c628e453885099a296b84d1acf18327789676,5,0.0009538985901633824,0.7301741311108099,0.8432199079341478,0.6515035872385895,0.6056851258278966,18,True
C1,T1,g3-c1-t1-smallcnn,g3-c1-t1-smallcnn-f1-s2753-b63b6a84d669,1,0795a6e42d4866fbad2cee774e3c628e453885099a296b84d1acf18327789676,6,0.0009285647486286424,0.7044634948968068,0.7398168820585845,0.6919554266524195,0.6745632721291883,18,True
C1,T1,g3-c1-t1-smallcnn,g3-c1-t1-smallcnn-f1-s2753-b63b6a84d669,1,0795a6e42d4866fbad2cee774e3c628e453885099a296b84d1acf18327789676,7,0.0008982063772567181,0.6919691273296401,0.7600323777310886,0.685544191726454,0.667019138245383,18,True
C1,T1,g3-c1-t1-smallcnn,g3-c1-t1-smallcnn-f1-s2753-b63b6a84d669,1,0795a6e42d4866fbad2cee774e3c628e453885099a296b84d1acf18327789676,8,0.0008631794001950215,0.676995565682711,0.8090345690203448,0.6556250954052817,0.6534530994245394,18,True
C1,T1,g3-c1-t1-smallcnn,g3-c1-t1-smallcnn-f1-s2753-b63b6a84d669,1,0795a6e42d4866fbad2cee774e3c628e453885099a296b84d1acf18327789676,9,0.0008238944767241306,0.6626123929831756,0.700450588357192,0.7165318272019539,0.7002351335193718,18,True
C1,T1,g3-c1-t1-smallcnn,g3-c1-t1-smallcnn-f1-s2753-b63b6a84d669,1,0795a6e42d4866fbad2cee774e3c628e453885099a296b84d1acf18327789676,10,0.0007808121866531934,0.6460393720178711,0.7062423600984555,0.7102732407266066,0.7076086856930703,18,True
C1,T1,g3-c1-t1-smallcnn,g3-c1-t1-smallcnn-f1-s2753-b63b6a84d669,1,0795a6e42d4866fbad2cee774e3c628e453885099a296b84d1acf18327789676,11,0.0007344376304427783,0.6344989371130497,0.6919484197083474,0.7221798198748283,0.7074406957671028,18,True
C1,T1,g3-c1-t1-smallcnn,g3-c1-t1-smallcnn-f1-s2753-b63b6a84d669,1,0795a6e42d4866fbad2cee774e3c628e453885099a296b84d1acf18327789676,12,0.0006853145073637911,0.6283049990945022,0.6968930157481796,0.7079835139673333,0.7054789745264594,18,True
C1,T1,g3-c1-t1-smallcnn,g3-c1-t1-smallcnn-f1-s2753-b63b6a84d669,1,0795a6e42d4866fbad2cee774e3c628e453885099a296b84d1acf18327789676,13,0.0006340187411206335,0.6071762966796665,0.6794731217365267,0.7246221950847199,0.7155198795089238,18,True
C1,T1,g3-c1-t1-smallcnn,g3-c1-t1-smallcnn-f1-s2753-b63b6a84d669,1,0795a6e42d4866fbad2cee774e3c628e453885099a296b84d1acf18327789676,14,0.0005811517276723399,0.6024403042369613,0.6782413250052316,0.7234010074797741,0.7202549138853345,18,True
C1,T1,g3-c1-t1-smallcnn,g3-c1-t1-smallcnn-f1-s2753-b63b6a84d669,1,0795a6e42d4866fbad2cee774e3c628e453885099a296b84d1acf18327789676,15,0.0005273332844148203,0.5869035071775609,0.6854148802275404,0.730117539306976,0.708939904459772,18,True
C1,T1,g3-c1-t1-smallcnn,g3-c1-t1-smallcnn-f1-s2753-b63b6a84d669,1,0795a6e42d4866fbad2cee774e3c628e453885099a296b84d1acf18327789676,16,0.00047319438338859726,0.5732468763259283,0.6624719230314554,0.7388185009922149,0.7232942800039672,18,True
C1,T1,g3-c1-t1-smallcnn,g3-c1-t1-smallcnn-f1-s2753-b63b6a84d669,1,0795a6e42d4866fbad2cee774e3c628e453885099a296b84d1acf18327789676,17,0.00041936975370853396,0.5666552698391102,0.6537916960561209,0.7440085483132346,0.7254676315600554,18,True
C1,T1,g3-c1-t1-smallcnn,g3-c1-t1-smallcnn-f1-s2753-b63b6a84d669,1,0795a6e42d4866fbad2cee774e3c628e453885099a296b84d1acf18327789676,18,0.00036649043994530075,0.5504821932422288,0.6635611000324529,0.7383605556403603,0.7211727631567258,18,True
C1,T1,g3-c1-t1-smallcnn,g3-c1-t1-smallcnn-f1-s2753-b63b6a84d669,1,0795a6e42d4866fbad2cee774e3c628e453885099a296b84d1acf18327789676,19,0.0003151764037047542,0.5343000515504935,0.6724364005269176,0.7414135246527248,0.7227912627817227,18,False
C1,T1,g3-c1-t1-smallcnn,g3-c1-t1-smallcnn-f1-s2753-b63b6a84d669,1,0795a6e42d4866fbad2cee774e3c628e453885099a296b84d1acf18327789676,20,0.00026602925514494373,0.5223445825272504,0.648736257204444,0.7438558998626164,0.7274288024996929,18,False
C1,T1,g3-c1-t1-smallcnn,g3-c1-t1-smallcnn-f1-s2753-b63b6a84d669,1,0795a6e42d4866fbad2cee774e3c628e453885099a296b84d1acf18327789676,21,0.0002196251996470665,0.5072557666667336,0.6425624557295532,0.7533201038009464,0.740002342703693,18,False
C1,T1,g3-c1-t1-smallcnn,g3-c1-t1-smallcnn-f1-s2753-b63b6a84d669,1,0795a6e42d4866fbad2cee774e3c628e453885099a296b84d1acf18327789676,22,0.0001765082823342032,0.49514998847378566,0.6566739062683543,0.7549992367577469,0.7369028799619695,18,False
C1,T1,g3-c1-t1-smallcnn,g3-c1-t1-smallcnn-f1-s2753-b63b6a84d669,1,0795a6e42d4866fbad2cee774e3c628e453885099a296b84d1acf18327789676,23,0.00013718400963967292,0.4881097354258156,0.6499410214141714,0.7517936192947642,0.7321063284312244,18,False
C1,T1,g3-c1-t1-smallcnn,g3-c1-t1-smallcnn-f1-s2753-b63b6a84d669,1,0795a6e42d4866fbad2cee774e3c628e453885099a296b84d1acf18327789676,24,0.00010211342270629437,0.47557833259155363,0.652846363560332,0.75301480689971,0.7358509799413323,18,False
C1,T1,g3-c1-t1-smallcnn,g3-c1-t1-smallcnn-f1-s2753-b63b6a84d669,1,0795a6e42d4866fbad2cee774e3c628e453885099a296b84d1acf18327789676,25,7.170769210051748e-05,0.46801209017326156,0.6535916136268659,0.7568310181651656,0.7386217303783068,18,False
C1,T1,g3-c1-t1-smallcnn,g3-c1-t1-smallcnn-f1-s2753-b63b6a84d669,1,0795a6e42d4866fbad2cee774e3c628e453885099a296b84d1acf18327789676,26,4.632329721347056e-05,0.45829304929234926,0.6562475059673343,0.7554571821096016,0.7371393424511101,18,False
C1,T1,g3-c1-t1-smallcnn,g3-c1-t1-smallcnn-f2-s2753-e46d771b6d56,2,3cd913662f64a5f5eb9c97b86eb8b4c25454017a5d1446e24e26b573f6d58dfc,1,0.001,1.0117104218278463,0.864631123997783,0.6340458015267175,0.47886062707211763,18,True
C1,T1,g3-c1-t1-smallcnn,g3-c1-t1-smallcnn-f2-s2753-e46d771b6d56,2,3cd913662f64a5f5eb9c97b86eb8b4c25454017a5d1446e24e26b573f6d58dfc,2,0.0009970974765324432,0.8361135303498733,0.770412725692487,0.6793893129770993,0.6549078318639641,18,True
C1,T1,g3-c1-t1-smallcnn,g3-c1-t1-smallcnn-f2-s2753-e46d771b6d56,2,3cd913662f64a5f5eb9c97b86eb8b4c25454017a5d1446e24e26b573f6d58dfc,3,0.0009883670094660564,0.7827667027162521,0.8312769603183251,0.6551145038167939,0.655385949216538,18,True
C1,T1,g3-c1-t1-smallcnn,g3-c1-t1-smallcnn-f2-s2753-e46d771b6d56,2,3cd913662f64a5f5eb9c97b86eb8b4c25454017a5d1446e24e26b573f6d58dfc,4,0.0009739108857318951,0.7540398760205511,0.7900054588299671,0.6659541984732824,0.6281953411080279,18,True
C1,T1,g3-c1-t1-smallcnn,g3-c1-t1-smallcnn-f2-s2753-e46d771b6d56,2,3cd913662f64a5f5eb9c97b86eb8b4c25454017a5d1446e24e26b573f6d58dfc,5,0.0009538985901633824,0.7259866701065755,0.7344874496951358,0.7054961832061069,0.6797023088102088,18,True
C1,T1,g3-c1-t1-smallcnn,g3-c1-t1-smallcnn-f2-s2753-e46d771b6d56,2,3cd913662f64a5f5eb9c97b86eb8b4c25454017a5d1446e24e26b573f6d58dfc,6,0.0009285647486286424,0.7131568805450693,0.7489555987783971,0.6890076335877863,0.6616395584195196,18,True
C1,T1,g3-c1-t1-smallcnn,g3-c1-t1-smallcnn-f2-s2753-e46d771b6d56,2,3cd913662f64a5f5eb9c97b86eb8b4c25454017a5d1446e24e26b573f6d58dfc,7,0.0008982063772567181,0.693038121585204,0.7117522215115205,0.7065648854961832,0.697129929949479,18,True
C1,T1,g3-c1-t1-smallcnn,g3-c1-t1-smallcnn-f2-s2753-e46d771b6d56,2,3cd913662f64a5f5eb9c97b86eb8b4c25454017a5d1446e24e26b573f6d58dfc,8,0.0008631794001950215,0.6813884297750408,0.6902740415180002,0.7262595419847329,0.7101618114196567,18,True
C1,T1,g3-c1-t1-smallcnn,g3-c1-t1-smallcnn-f2-s2753-e46d771b6d56,2,3cd913662f64a5f5eb9c97b86eb8b4c25454017a5d1446e24e26b573f6d58dfc,9,0.0008238944767241306,0.6648173044393277,0.6687396456085088,0.7299236641221374,0.7150970579158834,18,True
C1,T1,g3-c1-t1-smallcnn,g3-c1-t1-smallcnn-f2-s2753-e46d771b6d56,2,3cd913662f64a5f5eb9c97b86eb8b4c25454017a5d1446e24e26b573f6d58dfc,10,0.0007808121866531934,0.6536119566029075,0.6776866621643532,0.7219847328244274,0.6964029868157591,18,True
C1,T1,g3-c1-t1-smallcnn,g3-c1-t1-smallcnn-f2-s2753-e46d771b6d56,2,3cd913662f64a5f5eb9c97b86eb8b4c25454017a5d1446e24e26b573f6d58dfc,11,0.0007344376304427783,0.6423251247836383,0.6910223848765134,0.7141984732824428,0.7022660724108363,18,True
C1,T1,g3-c1-t1-smallcnn,g3-c1-t1-smallcnn-f2-s2753-e46d771b6d56,2,3cd913662f64a5f5eb9c97b86eb8b4c25454017a5d1446e24e26b573f6d58dfc,12,0.0006853145073637911,0.6283163542975516,0.6645291422159617,0.7282442748091603,0.7202273476109438,18,True
C1,T1,g3-c1-t1-smallcnn,g3-c1-t1-smallcnn-f2-s2753-e46d771b6d56,2,3cd913662f64a5f5eb9c97b86eb8b4c25454017a5d1446e24e26b573f6d58dfc,13,0.0006340187411206335,0.6126799192910103,0.6950128639836348,0.7201526717557252,0.6969495160143316,18,True
C1,T1,g3-c1-t1-smallcnn,g3-c1-t1-smallcnn-f2-s2753-e46d771b6d56,2,3cd913662f64a5f5eb9c97b86eb8b4c25454017a5d1446e24e26b573f6d58dfc,14,0.0005811517276723399,0.6017841825465939,0.648457486638586,0.7470229007633588,0.7308833244307564,18,True
C1,T1,g3-c1-t1-smallcnn,g3-c1-t1-smallcnn-f2-s2753-e46d771b6d56,2,3cd913662f64a5f5eb9c97b86eb8b4c25454017a5d1446e24e26b573f6d58dfc,15,0.0005273332844148203,0.5896557431837368,0.728859032187753,0.712824427480916,0.6883475056815538,18,True
C1,T1,g3-c1-t1-smallcnn,g3-c1-t1-smallcnn-f2-s2753-e46d771b6d56,2,3cd913662f64a5f5eb9c97b86eb8b4c25454017a5d1446e24e26b573f6d58dfc,16,0.00047319438338859726,0.5769005841855461,0.6630289133450458,0.7477862595419847,0.7289018760923296,18,True
C1,T1,g3-c1-t1-smallcnn,g3-c1-t1-smallcnn-f2-s2753-e46d771b6d56,2,3cd913662f64a5f5eb9c97b86eb8b4c25454017a5d1446e24e26b573f6d58dfc,17,0.00041936975370853396,0.5688994639689506,0.6331719183921813,0.7467175572519084,0.735408202783043,18,True
C1,T1,g3-c1-t1-smallcnn,g3-c1-t1-smallcnn-f2-s2753-e46d771b6d56,2,3cd913662f64a5f5eb9c97b86eb8b4c25454017a5d1446e24e26b573f6d58dfc,18,0.00036649043994530075,0.5507144350539326,0.6582079914962973,0.7409160305343512,0.7209208774589511,18,True
C1,T1,g3-c1-t1-smallcnn,g3-c1-t1-smallcnn-f2-s2753-e46d771b6d56,2,3cd913662f64a5f5eb9c97b86eb8b4c25454017a5d1446e24e26b573f6d58dfc,19,0.0003151764037047542,0.5374477249049314,0.686086492210854,0.7354198473282443,0.7178387045348374,18,False
C1,T1,g3-c1-t1-smallcnn,g3-c1-t1-smallcnn-f2-s2753-e46d771b6d56,2,3cd913662f64a5f5eb9c97b86eb8b4c25454017a5d1446e24e26b573f6d58dfc,20,0.00026602925514494373,0.524611787907846,0.6424501141974034,0.751145038167939,0.7398531270692469,18,False
C1,T1,g3-c1-t1-smallcnn,g3-c1-t1-smallcnn-f2-s2753-e46d771b6d56,2,3cd913662f64a5f5eb9c97b86eb8b4c25454017a5d1446e24e26b573f6d58dfc,21,0.0002196251996470665,0.5147548246824054,0.6535172755026636,0.7516030534351145,0.7345148220233827,18,False
C1,T1,g3-c1-t1-smallcnn,g3-c1-t1-smallcnn-f2-s2753-e46d771b6d56,2,3cd913662f64a5f5eb9c97b86eb8b4c25454017a5d1446e24e26b573f6d58dfc,22,0.0001765082823342032,0.5000063610983155,0.644092751459311,0.7516030534351145,0.7397810381438067,18,False
C1,T1,g3-c1-t1-smallcnn,g3-c1-t1-smallcnn-f2-s2753-e46d771b6d56,2,3cd913662f64a5f5eb9c97b86eb8b4c25454017a5d1446e24e26b573f6d58dfc,23,0.00013718400963967292,0.4877935798244249,0.6716150479189312,0.7436641221374046,0.7259938155836521,18,False
C1,T1,g3-c1-t1-smallcnn,g3-c1-t1-smallcnn-f2-s2753-e46d771b6d56,2,3cd913662f64a5f5eb9c97b86eb8b4c25454017a5d1446e24e26b573f6d58dfc,24,0.00010211342270629437,0.4788304729877581,0.6585990888107824,0.7494656488549618,0.7354353718418836,18,False
C1,T1,g3-c1-t1-smallcnn,g3-c1-t1-smallcnn-f2-s2753-e46d771b6d56,2,3cd913662f64a5f5eb9c97b86eb8b4c25454017a5d1446e24e26b573f6d58dfc,25,7.170769210051748e-05,0.4688721624320779,0.6926489013114958,0.7435114503816794,0.7264103410012068,18,False
C1,T1,g3-c1-t1-smallcnn,g3-c1-t1-smallcnn-f3-s2753-763dbb29ec53,3,376259b5ef88a58e8161be6a0ebbd2c3e0547e3d4dd95ea361532173cdddbf00,1,0.001,1.006989549121952,0.8944564610037185,0.5983206106870229,0.46275687950936695,18,True
C1,T1,g3-c1-t1-smallcnn,g3-c1-t1-smallcnn-f3-s2753-763dbb29ec53,3,376259b5ef88a58e8161be6a0ebbd2c3e0547e3d4dd95ea361532173cdddbf00,2,0.0009970974765324432,0.8387970958521078,0.8567703323327858,0.6338931297709923,0.5821146473939706,18,True
C1,T1,g3-c1-t1-smallcnn,g3-c1-t1-smallcnn-f3-s2753-763dbb29ec53,3,376259b5ef88a58e8161be6a0ebbd2c3e0547e3d4dd95ea361532173cdddbf00,3,0.0009883670094660564,0.7831322832020741,0.772446254155108,0.6541984732824427,0.6551848872761962,18,True
C1,T1,g3-c1-t1-smallcnn,g3-c1-t1-smallcnn-f3-s2753-763dbb29ec53,3,376259b5ef88a58e8161be6a0ebbd2c3e0547e3d4dd95ea361532173cdddbf00,4,0.0009739108857318951,0.7613273091099305,0.7850146938371294,0.659236641221374,0.6155452736786691,18,True
C1,T1,g3-c1-t1-smallcnn,g3-c1-t1-smallcnn-f3-s2753-763dbb29ec53,3,376259b5ef88a58e8161be6a0ebbd2c3e0547e3d4dd95ea361532173cdddbf00,5,0.0009538985901633824,0.7368371863904375,0.8577697824703828,0.6505343511450382,0.6051900253365543,18,True
C1,T1,g3-c1-t1-smallcnn,g3-c1-t1-smallcnn-f3-s2753-763dbb29ec53,3,376259b5ef88a58e8161be6a0ebbd2c3e0547e3d4dd95ea361532173cdddbf00,6,0.0009285647486286424,0.7147453563434361,0.7157019521261899,0.7018320610687023,0.7012476346135381,18,True
C1,T1,g3-c1-t1-smallcnn,g3-c1-t1-smallcnn-f3-s2753-763dbb29ec53,3,376259b5ef88a58e8161be6a0ebbd2c3e0547e3d4dd95ea361532173cdddbf00,7,0.0008982063772567181,0.6954183943448247,0.6899950606677369,0.714351145038168,0.7000927254182726,18,True
C1,T1,g3-c1-t1-smallcnn,g3-c1-t1-smallcnn-f3-s2753-763dbb29ec53,3,376259b5ef88a58e8161be6a0ebbd2c3e0547e3d4dd95ea361532173cdddbf00,8,0.0008631794001950215,0.6831153947397238,0.6846234509599117,0.713587786259542,0.7000598164406213,18,True
C1,T1,g3-c1-t1-smallcnn,g3-c1-t1-smallcnn-f3-s2753-763dbb29ec53,3,376259b5ef88a58e8161be6a0ebbd2c3e0547e3d4dd95ea361532173cdddbf00,9,0.0008238944767241306,0.665301918621778,0.7143774786705279,0.692824427480916,0.657008714332044,18,True
C1,T1,g3-c1-t1-smallcnn,g3-c1-t1-smallcnn-f3-s2753-763dbb29ec53,3,376259b5ef88a58e8161be6a0ebbd2c3e0547e3d4dd95ea361532173cdddbf00,10,0.0007808121866531934,0.6503747823797682,0.6785065990094921,0.7206106870229008,0.7125327498605294,18,True
C1,T1,g3-c1-t1-smallcnn,g3-c1-t1-smallcnn-f3-s2753-763dbb29ec53,3,376259b5ef88a58e8161be6a0ebbd2c3e0547e3d4dd95ea361532173cdddbf00,11,0.0007344376304427783,0.6373630013510648,0.6584470321203916,0.7274809160305343,0.7131824320005327,18,True
C1,T1,g3-c1-t1-smallcnn,g3-c1-t1-smallcnn-f3-s2753-763dbb29ec53,3,376259b5ef88a58e8161be6a0ebbd2c3e0547e3d4dd95ea361532173cdddbf00,12,0.0006853145073637911,0.6252819203590704,0.6532727272000931,0.7401526717557252,0.7293592595433267,18,True
C1,T1,g3-c1-t1-smallcnn,g3-c1-t1-smallcnn-f3-s2753-763dbb29ec53,3,376259b5ef88a58e8161be6a0ebbd2c3e0547e3d4dd95ea361532173cdddbf00,13,0.0006340187411206335,0.613939075691893,0.6552949914586453,0.7316030534351146,0.719717199335812,18,True
C1,T1,g3-c1-t1-smallcnn,g3-c1-t1-smallcnn-f3-s2753-763dbb29ec53,3,376259b5ef88a58e8161be6a0ebbd2c3e0547e3d4dd95ea361532173cdddbf00,14,0.0005811517276723399,0.5991616587245236,0.6427860848412259,0.7351145038167939,0.7268915199800038,18,True
C1,T1,g3-c1-t1-smallcnn,g3-c1-t1-smallcnn-f3-s2753-763dbb29ec53,3,376259b5ef88a58e8161be6a0ebbd2c3e0547e3d4dd95ea361532173cdddbf00,15,0.0005273332844148203,0.5875043875251303,0.6430602526118737,0.7343511450381679,0.7089864464868902,18,True
C1,T1,g3-c1-t1-smallcnn,g3-c1-t1-smallcnn-f3-s2753-763dbb29ec53,3,376259b5ef88a58e8161be6a0ebbd2c3e0547e3d4dd95ea361532173cdddbf00,16,0.00047319438338859726,0.5715102008411512,0.626068352005864,0.749618320610687,0.7356031904369547,18,True
C1,T1,g3-c1-t1-smallcnn,g3-c1-t1-smallcnn-f3-s2753-763dbb29ec53,3,376259b5ef88a58e8161be6a0ebbd2c3e0547e3d4dd95ea361532173cdddbf00,17,0.00041936975370853396,0.557077990184962,0.6450654467826581,0.7409160305343512,0.7244481554061176,18,True
C1,T1,g3-c1-t1-smallcnn,g3-c1-t1-smallcnn-f3-s2753-763dbb29ec53,3,376259b5ef88a58e8161be6a0ebbd2c3e0547e3d4dd95ea361532173cdddbf00,18,0.00036649043994530075,0.5465189271021794,0.6509485206440205,0.7454961832061069,0.7347749655460265,18,True
C1,T1,g3-c1-t1-smallcnn,g3-c1-t1-smallcnn-f3-s2753-763dbb29ec53,3,376259b5ef88a58e8161be6a0ebbd2c3e0547e3d4dd95ea361532173cdddbf00,19,0.0003151764037047542,0.5329700480757453,0.6176580516345629,0.7537404580152671,0.7378973326695681,18,False
C1,T1,g3-c1-t1-smallcnn,g3-c1-t1-smallcnn-f3-s2753-763dbb29ec53,3,376259b5ef88a58e8161be6a0ebbd2c3e0547e3d4dd95ea361532173cdddbf00,20,0.00026602925514494373,0.5168237281369739,0.6370700629066876,0.7499236641221374,0.7348307533217975,18,False
C1,T1,g3-c1-t1-smallcnn,g3-c1-t1-smallcnn-f3-s2753-763dbb29ec53,3,376259b5ef88a58e8161be6a0ebbd2c3e0547e3d4dd95ea361532173cdddbf00,21,0.0002196251996470665,0.505119936134471,0.6434512258849981,0.7494656488549618,0.7322787998755471,18,False
C1,T1,g3-c1-t1-smallcnn,g3-c1-t1-smallcnn-f3-s2753-763dbb29ec53,3,376259b5ef88a58e8161be6a0ebbd2c3e0547e3d4dd95ea361532173cdddbf00,22,0.0001765082823342032,0.4912473384669249,0.6198531638301966,0.7586259541984732,0.7461502897227126,18,False
C1,T1,g3-c1-t1-smallcnn,g3-c1-t1-smallcnn-f3-s2753-763dbb29ec53,3,376259b5ef88a58e8161be6a0ebbd2c3e0547e3d4dd95ea361532173cdddbf00,23,0.00013718400963967292,0.4788819628239897,0.6254546559038963,0.7554198473282443,0.743289112422308,18,False
C1,T1,g3-c1-t1-smallcnn,g3-c1-t1-smallcnn-f3-s2753-763dbb29ec53,3,376259b5ef88a58e8161be6a0ebbd2c3e0547e3d4dd95ea361532173cdddbf00,24,0.00010211342270629437,0.4709689745906473,0.6358314412240763,0.7554198473282443,0.7407319172457827,18,False
C1,T1,g3-c1-t1-smallcnn,g3-c1-t1-smallcnn-f3-s2753-763dbb29ec53,3,376259b5ef88a58e8161be6a0ebbd2c3e0547e3d4dd95ea361532173cdddbf00,25,7.170769210051748e-05,0.462058108664922,0.6240137810652493,0.7621374045801527,0.7482186522759903,18,False
C1,T1,g3-c1-t1-smallcnn,g3-c1-t1-smallcnn-f3-s2753-763dbb29ec53,3,376259b5ef88a58e8161be6a0ebbd2c3e0547e3d4dd95ea361532173cdddbf00,26,4.632329721347056e-05,0.456027676953922,0.6292103771853993,0.7601526717557252,0.7491264676179888,18,False
C1,T1,g3-c1-t1-smallcnn,g3-c1-t1-smallcnn-f3-s2753-763dbb29ec53,3,376259b5ef88a58e8161be6a0ebbd2c3e0547e3d4dd95ea361532173cdddbf00,27,2.625784686603061e-05,0.44597591919075175,0.6358833430468581,0.7606106870229008,0.7503128020008435,18,False
C1,T1,g3-c1-t1-smallcnn,g3-c1-t1-smallcnn-f3-s2753-763dbb29ec53,3,376259b5ef88a58e8161be6a0ebbd2c3e0547e3d4dd95ea361532173cdddbf00,28,1.174659011750523e-05,0.44168840247665847,0.6340736245472013,0.7625954198473283,0.7509616550947982,18,False
C1,T1,g3-c1-t1-smallcnn,g3-c1-t1-smallcnn-f3-s2753-763dbb29ec53,3,376259b5ef88a58e8161be6a0ebbd2c3e0547e3d4dd95ea361532173cdddbf00,29,2.9596581855021453e-06,0.43952527498828586,0.6340971350942859,0.7621374045801527,0.7498587146498575,18,False
C1,T1,g3-c1-t1-smallcnn,g3-c1-t1-smallcnn-f3-s2753-763dbb29ec53,3,376259b5ef88a58e8161be6a0ebbd2c3e0547e3d4dd95ea361532173cdddbf00,30,6.981295580521519e-11,0.4405028557159134,0.6339270211449106,0.7613740458015267,0.7485655900647215,18,False
C1,T1,g3-c1-t1-smallcnn,g3-c1-t1-smallcnn-f4-s2753-92870ee0d57d,4,6039a09f6c87d23c2326d50dafe8df32fbe8f25045e53a211693322ad3a55c49,1,0.001,1.009980388617844,0.9639501043291756,0.5660866910866911,0.5431989102184526,18,True
C1,T1,g3-c1-t1-smallcnn,g3-c1-t1-smallcnn-f4-s2753-92870ee0d57d,4,6039a09f6c87d23c2326d50dafe8df32fbe8f25045e53a211693322ad3a55c49,2,0.0009970974765324432,0.8433710625733926,0.8573599874754965,0.6315628815628815,0.5834504525180687,18,True
C1,T1,g3-c1-t1-smallcnn,g3-c1-t1-smallcnn-f4-s2753-92870ee0d57d,4,6039a09f6c87d23c2326d50dafe8df32fbe8f25045e53a211693322ad3a55c49,3,0.0009883670094660564,0.7859717310510025,0.796090526531322,0.6622405372405372,0.6624983717469115,18,True
C1,T1,g3-c1-t1-smallcnn,g3-c1-t1-smallcnn-f4-s2753-92870ee0d57d,4,6039a09f6c87d23c2326d50dafe8df32fbe8f25045e53a211693322ad3a55c49,4,0.0009739108857318951,0.7524566582644114,0.8591253189085749,0.6248473748473748,0.572949979117001,18,True
C1,T1,g3-c1-t1-smallcnn,g3-c1-t1-smallcnn-f4-s2753-92870ee0d57d,4,6039a09f6c87d23c2326d50dafe8df32fbe8f25045e53a211693322ad3a55c49,5,0.0009538985901633824,0.7326043023461991,0.7261605635376349,0.6974969474969475,0.6778103899637035,18,True
C1,T1,g3-c1-t1-smallcnn,g3-c1-t1-smallcnn-f4-s2753-92870ee0d57d,4,6039a09f6c87d23c2326d50dafe8df32fbe8f25045e53a211693322ad3a55c49,6,0.0009285647486286424,0.7161614280416557,0.7400420034470284,0.6822344322344323,0.6672293276406275,18,True
C1,T1,g3-c1-t1-smallcnn,g3-c1-t1-smallcnn-f4-s2753-92870ee0d57d,4,6039a09f6c87d23c2326d50dafe8df32fbe8f25045e53a211693322ad3a55c49,7,0.0008982063772567181,0.6926842608923567,0.9714033843105675,0.625,0.5549273731328219,18,True
C1,T1,g3-c1-t1-smallcnn,g3-c1-t1-smallcnn-f4-s2753-92870ee0d57d,4,6039a09f6c87d23c2326d50dafe8df32fbe8f25045e53a211693322ad3a55c49,8,0.0008631794001950215,0.6792754741039154,0.7044289348617433,0.7124542124542125,0.7100159388829411,18,True
C1,T1,g3-c1-t1-smallcnn,g3-c1-t1-smallcnn-f4-s2753-92870ee0d57d,4,6039a09f6c87d23c2326d50dafe8df32fbe8f25045e53a211693322ad3a55c49,9,0.0008238944767241306,0.6664185757641756,0.7048413142179831,0.7017704517704517,0.6914012103279094,18,True
C1,T1,g3-c1-t1-smallcnn,g3-c1-t1-smallcnn-f4-s2753-92870ee0d57d,4,6039a09f6c87d23c2326d50dafe8df32fbe8f25045e53a211693322ad3a55c49,10,0.0007808121866531934,0.6513100160469031,0.6922419897220364,0.7258852258852259,0.7137826559655327,18,True
C1,T1,g3-c1-t1-smallcnn,g3-c1-t1-smallcnn-f4-s2753-92870ee0d57d,4,6039a09f6c87d23c2326d50dafe8df32fbe8f25045e53a211693322ad3a55c49,11,0.0007344376304427783,0.6381062651439449,0.7097355736480965,0.7182539682539683,0.6978482247852816,18,True
C1,T1,g3-c1-t1-smallcnn,g3-c1-t1-smallcnn-f4-s2753-92870ee0d57d,4,6039a09f6c87d23c2326d50dafe8df32fbe8f25045e53a211693322ad3a55c49,12,0.0006853145073637911,0.6256223547199765,0.6896816466608618,0.7136752136752137,0.7023962561481779,18,True
C1,T1,g3-c1-t1-smallcnn,g3-c1-t1-smallcnn-f4-s2753-92870ee0d57d,4,6039a09f6c87d23c2326d50dafe8df32fbe8f25045e53a211693322ad3a55c49,13,0.0006340187411206335,0.6133480858818264,0.6896422924576225,0.7289377289377289,0.723007465506373,18,True
C1,T1,g3-c1-t1-smallcnn,g3-c1-t1-smallcnn-f4-s2753-92870ee0d57d,4,6039a09f6c87d23c2326d50dafe8df32fbe8f25045e53a211693322ad3a55c49,14,0.0005811517276723399,0.5979754151695035,0.7032706626168974,0.7246642246642246,0.7161373788122997,18,True
C1,T1,g3-c1-t1-smallcnn,g3-c1-t1-smallcnn-f4-s2753-92870ee0d57d,4,6039a09f6c87d23c2326d50dafe8df32fbe8f25045e53a211693322ad3a55c49,15,0.0005273332844148203,0.5868170044949107,0.6807857662694067,0.7295482295482295,0.7117653534588083,18,True
C1,T1,g3-c1-t1-smallcnn,g3-c1-t1-smallcnn-f4-s2753-92870ee0d57d,4,6039a09f6c87d23c2326d50dafe8df32fbe8f25045e53a211693322ad3a55c49,16,0.00047319438338859726,0.5765122258591746,0.669744651723694,0.7345848595848596,0.7182588894161526,18,True
C1,T1,g3-c1-t1-smallcnn,g3-c1-t1-smallcnn-f4-s2753-92870ee0d57d,4,6039a09f6c87d23c2326d50dafe8df32fbe8f25045e53a211693322ad3a55c49,17,0.00041936975370853396,0.5612203607299502,0.6610535672878317,0.7374847374847375,0.7193535028086677,18,True
C1,T1,g3-c1-t1-smallcnn,g3-c1-t1-smallcnn-f4-s2753-92870ee0d57d,4,6039a09f6c87d23c2326d50dafe8df32fbe8f25045e53a211693322ad3a55c49,18,0.00036649043994530075,0.5499703981080978,0.6726370920337309,0.7318376068376068,0.7167265509699253,18,True
C2,T0,g3-c2-t0-resnet18,g3-c2-t0-resnet18-f0-s2753-c6cd41fd50f4,0,d97d6a9579e062abfb2cc48e02c176d407f9e7c5e44cac42fca84ce07397ad93,1,0.0003,1.0524661241995126,1.4358359964749285,0.5126717557251909,0.29986481286137434,19,True
C2,T0,g3-c2-t0-resnet18,g3-c2-t0-resnet18-f0-s2753-c6cd41fd50f4,0,d97d6a9579e062abfb2cc48e02c176d407f9e7c5e44cac42fca84ce07397ad93,2,0.00029912924295973293,0.8482856903622834,0.8292476887284345,0.6456488549618321,0.61686850215816,19,True
C2,T0,g3-c2-t0-resnet18,g3-c2-t0-resnet18-f0-s2753-c6cd41fd50f4,0,d97d6a9579e062abfb2cc48e02c176d407f9e7c5e44cac42fca84ce07397ad93,3,0.0002965101028398169,0.7898214213271153,0.9900405348530252,0.5351145038167939,0.5661519498861377,19,True
C2,T0,g3-c2-t0-resnet18,g3-c2-t0-resnet18-f0-s2753-c6cd41fd50f4,0,d97d6a9579e062abfb2cc48e02c176d407f9e7c5e44cac42fca84ce07397ad93,4,0.0002921732657195685,0.7597888356942427,0.7642378392201343,0.6578625954198474,0.6185708019230158,19,True
C2,T0,g3-c2-t0-resnet18,g3-c2-t0-resnet18-f0-s2753-c6cd41fd50f4,0,d97d6a9579e062abfb2cc48e02c176d407f9e7c5e44cac42fca84ce07397ad93,5,0.00028616957704901465,0.7360559098969315,0.7361861804150444,0.6916030534351145,0.6772279252732077,19,True
C2,T0,g3-c2-t0-resnet18,g3-c2-t0-resnet18-f0-s2753-c6cd41fd50f4,0,d97d6a9579e062abfb2cc48e02c176d407f9e7c5e44cac42fca84ce07397ad93,6,0.0002785694245885927,0.7176175475875753,0.873851031274286,0.6201526717557252,0.6506897490160699,19,True
C2,T0,g3-c2-t0-resnet18,g3-c2-t0-resnet18-f0-s2753-c6cd41fd50f4,0,d97d6a9579e062abfb2cc48e02c176d407f9e7c5e44cac42fca84ce07397ad93,7,0.00026946191317701537,0.6987489940091699,0.7108976530391752,0.7013740458015267,0.6750738597997201,19,True
C2,T0,g3-c2-t0-resnet18,g3-c2-t0-resnet18-f0-s2753-c6cd41fd50f4,0,d97d6a9579e062abfb2cc48e02c176d407f9e7c5e44cac42fca84ce07397ad93,8,0.0002589538200585064,0.6826825131056296,0.7087649914599558,0.7070229007633588,0.6920559991352974,19,True
C2,T0,g3-c2-t0-resnet18,g3-c2-t0-resnet18-f0-s2753-c6cd41fd50f4,0,d97d6a9579e062abfb2cc48e02c176d407f9e7c5e44cac42fca84ce07397ad93,9,0.00024716834301723915,0.6717488970055188,0.7040027682835819,0.7067175572519084,0.6972639315903795,19,True
C2,T0,g3-c2-t0-resnet18,g3-c2-t0-resnet18-f0-s2753-c6cd41fd50f4,0,d97d6a9579e062abfb2cc48e02c176d407f9e7c5e44cac42fca84ce07397ad93,10,0.000234243655995958,0.6551723315466207,0.7341475217578975,0.7021374045801527,0.6955964995820852,19,True
C2,T0,g3-c2-t0-resnet18,g3-c2-t0-resnet18-f0-s2753-c6cd41fd50f4,0,d97d6a9579e062abfb2cc48e02c176d407f9e7c5e44cac42fca84ce07397ad93,11,0.00022033128913283344,0.6429380536083956,0.6942982995510101,0.7003053435114504,0.67949113913115,19,True
C2,T0,g3-c2-t0-resnet18,g3-c2-t0-resnet18-f0-s2753-c6cd41fd50f4,0,d97d6a9579e062abfb2cc48e02c176d407f9e7c5e44cac42fca84ce07397ad93,12,0.0002055943522091373,0.62608377063556,0.6826179183530443,0.71206106870229,0.6949632333146601,19,True
C2,T0,g3-c2-t0-resnet18,g3-c2-t0-resnet18-f0-s2753-c6cd41fd50f4,0,d97d6a9579e062abfb2cc48e02c176d407f9e7c5e44cac42fca84ce07397ad93,13,0.00019020562233619003,0.6168783182716231,0.6617278249209164,0.7290076335877863,0.7155729300818591,19,True
C2,T0,g3-c2-t0-resnet18,g3-c2-t0-resnet18-f0-s2753-c6cd41fd50f4,0,d97d6a9579e062abfb2cc48e02c176d407f9e7c5e44cac42fca84ce07397ad93,14,0.00017434551830170197,0.5998820739793663,0.6528052853172972,0.7258015267175573,0.7132206597792392,19,True
C2,T0,g3-c2-t0-resnet18,g3-c2-t0-resnet18-f0-s2753-c6cd41fd50f4,0,d97d6a9579e062abfb2cc48e02c176d407f9e7c5e44cac42fca84ce07397ad93,15,0.00015819998532444607,0.5885495567523773,0.6705481510398952,0.7273282442748091,0.7128053392024658,19,True
C2,T0,g3-c2-t0-resnet18,g3-c2-t0-resnet18-f0-s2753-c6cd41fd50f4,0,d97d6a9579e062abfb2cc48e02c176d407f9e7c5e44cac42fca84ce07397ad93,16,0.00014195831501657917,0.5738542870961496,0.6657575954280737,0.7291603053435115,0.7107941917518081,19,True
C2,T0,g3-c2-t0-resnet18,g3-c2-t0-resnet18-f0-s2753-c6cd41fd50f4,0,d97d6a9579e062abfb2cc48e02c176d407f9e7c5e44cac42fca84ce07397ad93,17,0.0001258109261125602,0.5566276717492152,0.7456832763620915,0.7001526717557252,0.6786391367618744,19,True
C2,T0,g3-c2-t0-resnet18,g3-c2-t0-resnet18-f0-s2753-c6cd41fd50f4,0,d97d6a9579e062abfb2cc48e02c176d407f9e7c5e44cac42fca84ce07397ad93,18,0.0001099471319835902,0.5486395585238057,0.6647354900836945,0.730381679389313,0.7210661901946793,19,True
C2,T0,g3-c2-t0-resnet18,g3-c2-t0-resnet18-f0-s2753-c6cd41fd50f4,0,d97d6a9579e062abfb2cc48e02c176d407f9e7c5e44cac42fca84ce07397ad93,19,9.455292111142625e-05,0.5309628540698987,0.669677812397935,0.7337404580152672,0.726742579815066,19,True
C2,T0,g3-c2-t0-resnet18,g3-c2-t0-resnet18-f0-s2753-c6cd41fd50f4,0,d97d6a9579e062abfb2cc48e02c176d407f9e7c5e44cac42fca84ce07397ad93,20,7.980877654348311e-05,0.5160652114733737,0.7194368126829161,0.7148091603053435,0.6996174522591266,19,False
C2,T0,g3-c2-t0-resnet18,g3-c2-t0-resnet18-f0-s2753-c6cd41fd50f4,0,d97d6a9579e062abfb2cc48e02c176d407f9e7c5e44cac42fca84ce07397ad93,21,6.588755989411995e-05,0.49889170312337355,0.654594393995882,0.7422900763358778,0.727775290833948,19,False
C2,T0,g3-c2-t0-resnet18,g3-c2-t0-resnet18-f0-s2753-c6cd41fd50f4,0,d97d6a9579e062abfb2cc48e02c176d407f9e7c5e44cac42fca84ce07397ad93,22,5.295248470026095e-05,0.47982740986485045,0.664723057628588,0.7465648854961832,0.735379465895546,19,False
C2,T0,g3-c2-t0-resnet18,g3-c2-t0-resnet18-f0-s2753-c6cd41fd50f4,0,d97d6a9579e062abfb2cc48e02c176d407f9e7c5e44cac42fca84ce07397ad93,23,4.1155202891901876e-05,0.4668894151883722,0.6699120400698131,0.7418320610687023,0.7289187284225382,19,False
C2,T0,g3-c2-t0-resnet18,g3-c2-t0-resnet18-f0-s2753-c6cd41fd50f4,0,d97d6a9579e062abfb2cc48e02c176d407f9e7c5e44cac42fca84ce07397ad93,24,3.0634026811888306e-05,0.45387507042975633,0.6663548225937909,0.7456488549618321,0.7321166242071433,19,False
C2,T0,g3-c2-t0-resnet18,g3-c2-t0-resnet18-f0-s2753-c6cd41fd50f4,0,d97d6a9579e062abfb2cc48e02c176d407f9e7c5e44cac42fca84ce07397ad93,25,2.151230763015524e-05,0.4448623817003315,0.6718242604859913,0.7445801526717557,0.7328705380175968,19,False
C2,T0,g3-c2-t0-resnet18,g3-c2-t0-resnet18-f0-s2753-c6cd41fd50f4,0,d97d6a9579e062abfb2cc48e02c176d407f9e7c5e44cac42fca84ce07397ad93,26,1.3896989164041167e-05,0.42938345796947364,0.6662189722698153,0.7438167938931298,0.7325414901968557,19,False
C2,T0,g3-c2-t0-resnet18,g3-c2-t0-resnet18-f0-s2753-c6cd41fd50f4,0,d97d6a9579e062abfb2cc48e02c176d407f9e7c5e44cac42fca84ce07397ad93,27,7.877354059809182e-06,0.42293331273724977,0.6851413307936137,0.7406106870229008,0.7280425608673349,19,False
C2,T0,g3-c2-t0-resnet18,g3-c2-t0-resnet18-f1-s2753-30a5a7742c38,1,0ddaa67d3eae8aa93f51ac15908e08d67d073111f263a942a4fc5c2feabf05ac,1,0.0003,1.0504966112786818,0.9440591655656811,0.5939551213555182,0.5179354019849882,19,True
C2,T0,g3-c2-t0-resnet18,g3-c2-t0-resnet18-f1-s2753-30a5a7742c38,1,0ddaa67d3eae8aa93f51ac15908e08d67d073111f263a942a4fc5c2feabf05ac,2,0.00029912924295973293,0.8453787953860341,0.9876548848867671,0.5484658830712869,0.5657704828362157,19,True
C2,T0,g3-c2-t0-resnet18,g3-c2-t0-resnet18-f1-s2753-30a5a7742c38,1,0ddaa67d3eae8aa93f51ac15908e08d67d073111f263a942a4fc5c2feabf05ac,3,0.0002965101028398169,0.7777003143436262,0.9389946223888447,0.6086093726148679,0.5363576522834653,19,True
C2,T0,g3-c2-t0-resnet18,g3-c2-t0-resnet18-f1-s2753-30a5a7742c38,1,0ddaa67d3eae8aa93f51ac15908e08d67d073111f263a942a4fc5c2feabf05ac,4,0.0002921732657195685,0.7487112165097926,0.8173935438745569,0.6539459624484811,0.6074713057473374,19,True
C2,T0,g3-c2-t0-resnet18,g3-c2-t0-resnet18-f1-s2753-30a5a7742c38,1,0ddaa67d3eae8aa93f51ac15908e08d67d073111f263a942a4fc5c2feabf05ac,5,0.00028616957704901465,0.7319959513413689,0.7634495756240715,0.6811173866585254,0.6493429541249158,19,True
C2,T0,g3-c2-t0-resnet18,g3-c2-t0-resnet18-f1-s2753-30a5a7742c38,1,0ddaa67d3eae8aa93f51ac15908e08d67d073111f263a942a4fc5c2feabf05ac,6,0.0002785694245885927,0.7051373697102465,0.7628499872901753,0.6750114486337964,0.6398592786278269,19,True
C2,T0,g3-c2-t0-resnet18,g3-c2-t0-resnet18-f1-s2753-30a5a7742c38,1,0ddaa67d3eae8aa93f51ac15908e08d67d073111f263a942a4fc5c2feabf05ac,7,0.00026946191317701537,0.6922619250810526,0.8140148128321872,0.6547092047015722,0.6643906669984699,19,True
C2,T0,g3-c2-t0-resnet18,g3-c2-t0-resnet18-f1-s2753-30a5a7742c38,1,0ddaa67d3eae8aa93f51ac15908e08d67d073111f263a942a4fc5c2feabf05ac,8,0.0002589538200585064,0.6805963444123786,0.7935893227354913,0.6803541444054343,0.6635477597409096,19,True
C2,T0,g3-c2-t0-resnet18,g3-c2-t0-resnet18-f1-s2753-30a5a7742c38,1,0ddaa67d3eae8aa93f51ac15908e08d67d073111f263a942a4fc5c2feabf05ac,9,0.00024716834301723915,0.6668514033172269,0.7525459308512173,0.6841703556708899,0.6547092027151371,19,True
C2,T0,g3-c2-t0-resnet18,g3-c2-t0-resnet18-f1-s2753-30a5a7742c38,1,0ddaa67d3eae8aa93f51ac15908e08d67d073111f263a942a4fc5c2feabf05ac,10,0.000234243655995958,0.6503489939877664,0.6938758165649632,0.7121050221340254,0.691024782682016,19,True
C2,T0,g3-c2-t0-resnet18,g3-c2-t0-resnet18-f1-s2753-30a5a7742c38,1,0ddaa67d3eae8aa93f51ac15908e08d67d073111f263a942a4fc5c2feabf05ac,11,0.00022033128913283344,0.6395692535005775,0.7248029737431773,0.7063043810105327,0.6875134541071868,19,True
C2,T0,g3-c2-t0-resnet18,g3-c2-t0-resnet18-f1-s2753-30a5a7742c38,1,0ddaa67d3eae8aa93f51ac15908e08d67d073111f263a942a4fc5c2feabf05ac,12,0.0002055943522091373,0.6282092788120998,0.707719186975144,0.7143947488932987,0.7044720244526256,19,True
C2,T0,g3-c2-t0-resnet18,g3-c2-t0-resnet18-f1-s2753-30a5a7742c38,1,0ddaa67d3eae8aa93f51ac15908e08d67d073111f263a942a4fc5c2feabf05ac,13,0.00019020562233619003,0.6143181752807338,0.6832554682468279,0.7211112807205007,0.7001236021954218,19,True
C2,T0,g3-c2-t0-resnet18,g3-c2-t0-resnet18-f1-s2753-30a5a7742c38,1,0ddaa67d3eae8aa93f51ac15908e08d67d073111f263a942a4fc5c2feabf05ac,14,0.00017434551830170197,0.6039494595930928,0.6866405255520477,0.7308807815600672,0.7150618542867905,19,True
C2,T0,g3-c2-t0-resnet18,g3-c2-t0-resnet18-f1-s2753-30a5a7742c38,1,0ddaa67d3eae8aa93f51ac15908e08d67d073111f263a942a4fc5c2feabf05ac,15,0.00015819998532444607,0.586605916550283,0.6855089662730502,0.7278278125477027,0.7062806471513382,19,True
C2,T0,g3-c2-t0-resnet18,g3-c2-t0-resnet18-f1-s2753-30a5a7742c38,1,0ddaa67d3eae8aa93f51ac15908e08d67d073111f263a942a4fc5c2feabf05ac,16,0.00014195831501657917,0.5721557178385211,0.6758814123528111,0.7282857578995573,0.7073726797653344,19,True
C2,T0,g3-c2-t0-resnet18,g3-c2-t0-resnet18-f1-s2753-30a5a7742c38,1,0ddaa67d3eae8aa93f51ac15908e08d67d073111f263a942a4fc5c2feabf05ac,17,0.0001258109261125602,0.5605170089419075,0.6723804150787206,0.734849641276141,0.7154076724279385,19,True
C2,T0,g3-c2-t0-resnet18,g3-c2-t0-resnet18-f1-s2753-30a5a7742c38,1,0ddaa67d3eae8aa93f51ac15908e08d67d073111f263a942a4fc5c2feabf05ac,18,0.0001099471319835902,0.5453457610223704,0.7261969802798506,0.7104258891772248,0.6929934843177201,19,True
C2,T0,g3-c2-t0-resnet18,g3-c2-t0-resnet18-f1-s2753-30a5a7742c38,1,0ddaa67d3eae8aa93f51ac15908e08d67d073111f263a942a4fc5c2feabf05ac,19,9.455292111142625e-05,0.5293356511949737,0.6751589099517616,0.7375973133872691,0.7210664068026187,19,True
C2,T0,g3-c2-t0-resnet18,g3-c2-t0-resnet18-f1-s2753-30a5a7742c38,1,0ddaa67d3eae8aa93f51ac15908e08d67d073111f263a942a4fc5c2feabf05ac,20,7.980877654348311e-05,0.5152561789423025,0.6694471679503927,0.7375973133872691,0.7208071320633455,19,False
C2,T0,g3-c2-t0-resnet18,g3-c2-t0-resnet18-f1-s2753-30a5a7742c38,1,0ddaa67d3eae8aa93f51ac15908e08d67d073111f263a942a4fc5c2feabf05ac,21,6.588755989411995e-05,0.5001837199229828,0.6597533236749481,0.7455350328194169,0.7276595751880427,19,False
C2,T0,g3-c2-t0-resnet18,g3-c2-t0-resnet18-f1-s2753-30a5a7742c38,1,0ddaa67d3eae8aa93f51ac15908e08d67d073111f263a942a4fc5c2feabf05ac,22,5.295248470026095e-05,0.48273485144871114,0.6726209755854431,0.7453823843687987,0.7245272227050803,19,False
C2,T0,g3-c2-t0-resnet18,g3-c2-t0-resnet18-f1-s2753-30a5a7742c38,1,0ddaa67d3eae8aa93f51ac15908e08d67d073111f263a942a4fc5c2feabf05ac,23,4.1155202891901876e-05,0.4720989006929257,0.6822009203070413,0.7421767669058159,0.7257729930188516,19,False
C2,T0,g3-c2-t0-resnet18,g3-c2-t0-resnet18-f1-s2753-30a5a7742c38,1,0ddaa67d3eae8aa93f51ac15908e08d67d073111f263a942a4fc5c2feabf05ac,24,3.0634026811888306e-05,0.45463480488797764,0.6775102917428527,0.7458403297206533,0.7301639034276558,19,False
C2,T0,g3-c2-t0-resnet18,g3-c2-t0-resnet18-f1-s2753-30a5a7742c38,1,0ddaa67d3eae8aa93f51ac15908e08d67d073111f263a942a4fc5c2feabf05ac,25,2.151230763015524e-05,0.44363287325788386,0.6907654196738178,0.7441611967638528,0.7271311997123909,19,False
C2,T0,g3-c2-t0-resnet18,g3-c2-t0-resnet18-f1-s2753-30a5a7742c38,1,0ddaa67d3eae8aa93f51ac15908e08d67d073111f263a942a4fc5c2feabf05ac,26,1.3896989164041167e-05,0.43319052220318993,0.6841484073863978,0.7449244390169439,0.7266115781826992,19,False
C2,T0,g3-c2-t0-resnet18,g3-c2-t0-resnet18-f1-s2753-30a5a7742c38,1,0ddaa67d3eae8aa93f51ac15908e08d67d073111f263a942a4fc5c2feabf05ac,27,7.877354059809182e-06,0.4260272725685236,0.7013916408282311,0.7440085483132346,0.7262458542621272,19,False
C2,T0,g3-c2-t0-resnet18,g3-c2-t0-resnet18-f1-s2753-30a5a7742c38,1,0ddaa67d3eae8aa93f51ac15908e08d67d073111f263a942a4fc5c2feabf05ac,28,3.5239770352515682e-06,0.420160083927805,0.6935699395579503,0.7420241184551977,0.7245599021221079,19,False
C2,T0,g3-c2-t0-resnet18,g3-c2-t0-resnet18-f1-s2753-30a5a7742c38,1,0ddaa67d3eae8aa93f51ac15908e08d67d073111f263a942a4fc5c2feabf05ac,29,8.878974556506435e-07,0.4153602454768966,0.7017615279101758,0.7447717905663257,0.72665822136321,19,False
C2,T0,g3-c2-t0-resnet18,g3-c2-t0-resnet18-f2-s2753-aaac5fd8559b,2,06a2c0155a8e210b0fbc398a9a7f1b678f361805985950e7724552cce487a329,1,0.0003,1.0546501551844376,0.9425162558883201,0.5893129770992367,0.4181355901873938,19,True
C2,T0,g3-c2-t0-resnet18,g3-c2-t0-resnet18-f2-s2753-aaac5fd8559b,2,06a2c0155a8e210b0fbc398a9a7f1b678f361805985950e7724552cce487a329,2,0.00029912924295973293,0.8478766965128168,0.8187428388522782,0.643206106870229,0.6024244681752,19,True
C2,T0,g3-c2-t0-resnet18,g3-c2-t0-resnet18-f2-s2753-aaac5fd8559b,2,06a2c0155a8e210b0fbc398a9a7f1b678f361805985950e7724552cce487a329,3,0.0002965101028398169,0.7874418401569827,0.7647391154747882,0.6745038167938932,0.6614045232485681,19,True
C2,T0,g3-c2-t0-resnet18,g3-c2-t0-resnet18-f2-s2753-aaac5fd8559b,2,06a2c0155a8e210b0fbc398a9a7f1b678f361805985950e7724552cce487a329,4,0.0002921732657195685,0.7628635491700826,0.7697261256116037,0.6845801526717558,0.6596006429553287,19,True
C2,T0,g3-c2-t0-resnet18,g3-c2-t0-resnet18-f2-s2753-aaac5fd8559b,2,06a2c0155a8e210b0fbc398a9a7f1b678f361805985950e7724552cce487a329,5,0.00028616957704901465,0.7348225395520152,0.719891457102681,0.7109923664122137,0.6926630273993175,19,True
C2,T0,g3-c2-t0-resnet18,g3-c2-t0-resnet18-f2-s2753-aaac5fd8559b,2,06a2c0155a8e210b0fbc398a9a7f1b678f361805985950e7724552cce487a329,6,0.0002785694245885927,0.716931163525393,0.7316175814075324,0.7006106870229007,0.6856923537538897,19,True
C2,T0,g3-c2-t0-resnet18,g3-c2-t0-resnet18-f2-s2753-aaac5fd8559b,2,06a2c0155a8e210b0fbc398a9a7f1b678f361805985950e7724552cce487a329,7,0.00026946191317701537,0.6996972735399545,0.6986012413847538,0.7198473282442748,0.7030097861775821,19,True
C2,T0,g3-c2-t0-resnet18,g3-c2-t0-resnet18-f2-s2753-aaac5fd8559b,2,06a2c0155a8e210b0fbc398a9a7f1b678f361805985950e7724552cce487a329,8,0.0002589538200585064,0.6906362344999102,0.8912169495429701,0.6395419847328244,0.5908876084021252,19,True
C2,T0,g3-c2-t0-resnet18,g3-c2-t0-resnet18-f2-s2753-aaac5fd8559b,2,06a2c0155a8e210b0fbc398a9a7f1b678f361805985950e7724552cce487a329,9,0.00024716834301723915,0.6745718005017161,0.7343216612593818,0.7077862595419847,0.6797598077099472,19,True
C2,T0,g3-c2-t0-resnet18,g3-c2-t0-resnet18-f2-s2753-aaac5fd8559b,2,06a2c0155a8e210b0fbc398a9a7f1b678f361805985950e7724552cce487a329,10,0.000234243655995958,0.6613076468262514,0.6865113457832628,0.7233587786259542,0.6985250965641729,19,True
C2,T0,g3-c2-t0-resnet18,g3-c2-t0-resnet18-f2-s2753-aaac5fd8559b,2,06a2c0155a8e210b0fbc398a9a7f1b678f361805985950e7724552cce487a329,11,0.00022033128913283344,0.648709815697138,0.7207101003177293,0.7085496183206107,0.6876175653125534,19,True
C2,T0,g3-c2-t0-resnet18,g3-c2-t0-resnet18-f2-s2753-aaac5fd8559b,2,06a2c0155a8e210b0fbc398a9a7f1b678f361805985950e7724552cce487a329,12,0.0002055943522091373,0.6337297158933153,0.6800371255037438,0.7245801526717557,0.7073796315283364,19,True
C2,T0,g3-c2-t0-resnet18,g3-c2-t0-resnet18-f2-s2753-aaac5fd8559b,2,06a2c0155a8e210b0fbc398a9a7f1b678f361805985950e7724552cce487a329,13,0.00019020562233619003,0.6169518929549093,0.7182826673074533,0.7154198473282443,0.6983939715479902,19,True
C2,T0,g3-c2-t0-resnet18,g3-c2-t0-resnet18-f2-s2753-aaac5fd8559b,2,06a2c0155a8e210b0fbc398a9a7f1b678f361805985950e7724552cce487a329,14,0.00017434551830170197,0.6093962199860018,0.6498305062574284,0.7447328244274809,0.72969255491362,19,True
C2,T0,g3-c2-t0-resnet18,g3-c2-t0-resnet18-f2-s2753-aaac5fd8559b,2,06a2c0155a8e210b0fbc398a9a7f1b678f361805985950e7724552cce487a329,15,0.00015819998532444607,0.5917728043569752,0.6698050613530719,0.7366412213740458,0.7192186174271169,19,True
C2,T0,g3-c2-t0-resnet18,g3-c2-t0-resnet18-f2-s2753-aaac5fd8559b,2,06a2c0155a8e210b0fbc398a9a7f1b678f361805985950e7724552cce487a329,16,0.00014195831501657917,0.5846305314317958,0.6826366797203326,0.7363358778625955,0.72016293698468,19,True
C2,T0,g3-c2-t0-resnet18,g3-c2-t0-resnet18-f2-s2753-aaac5fd8559b,2,06a2c0155a8e210b0fbc398a9a7f1b678f361805985950e7724552cce487a329,17,0.0001258109261125602,0.569718613908413,0.6543480216273825,0.7433587786259542,0.7282900852745235,19,True
C2,T0,g3-c2-t0-resnet18,g3-c2-t0-resnet18-f2-s2753-aaac5fd8559b,2,06a2c0155a8e210b0fbc398a9a7f1b678f361805985950e7724552cce487a329,18,0.0001099471319835902,0.5530379792663362,0.7056921997325111,0.7181679389312977,0.6945647235077909,19,True
C2,T0,g3-c2-t0-resnet18,g3-c2-t0-resnet18-f2-s2753-aaac5fd8559b,2,06a2c0155a8e210b0fbc398a9a7f1b678f361805985950e7724552cce487a329,19,9.455292111142625e-05,0.5369211800161292,0.6909807230680044,0.7329770992366412,0.7164906045628934,19,True
C2,T0,g3-c2-t0-resnet18,g3-c2-t0-resnet18-f3-s2753-5e67289a4f07,3,15a2092a0cc04c765bfe5d7df5430e11c472c71aab880cfd31aa93fa0902b577,1,0.0003,1.0539647092829405,0.9414813815728399,0.5754198473282442,0.49736291698094487,19,True
C2,T0,g3-c2-t0-resnet18,g3-c2-t0-resnet18-f3-s2753-5e67289a4f07,3,15a2092a0cc04c765bfe5d7df5430e11c472c71aab880cfd31aa93fa0902b577,2,0.00029912924295973293,0.8543184069951508,1.0106744082101429,0.5995419847328244,0.5004844001034292,19,True
C2,T0,g3-c2-t0-resnet18,g3-c2-t0-resnet18-f3-s2753-5e67289a4f07,3,15a2092a0cc04c765bfe5d7df5430e11c472c71aab880cfd31aa93fa0902b577,3,0.0002965101028398169,0.7898018217853829,0.8152712791202632,0.6506870229007634,0.6472762158457983,19,True
C2,T0,g3-c2-t0-resnet18,g3-c2-t0-resnet18-f3-s2753-5e67289a4f07,3,15a2092a0cc04c765bfe5d7df5430e11c472c71aab880cfd31aa93fa0902b577,4,0.0002921732657195685,0.7590069668518561,0.8159234368892117,0.6416793893129771,0.5844101546575542,19,True
C2,T0,g3-c2-t0-resnet18,g3-c2-t0-resnet18-f3-s2753-5e67289a4f07,3,15a2092a0cc04c765bfe5d7df5430e11c472c71aab880cfd31aa93fa0902b577,5,0.00028616957704901465,0.7371146479567576,0.7192587087718585,0.7007633587786259,0.6853859508950478,19,True
C2,T0,g3-c2-t0-resnet18,g3-c2-t0-resnet18-f3-s2753-5e67289a4f07,3,15a2092a0cc04c765bfe5d7df5430e11c472c71aab880cfd31aa93fa0902b577,6,0.0002785694245885927,0.7148014366233212,0.7386499546684382,0.6833587786259542,0.6560237573366141,19,True
C2,T0,g3-c2-t0-resnet18,g3-c2-t0-resnet18-f3-s2753-5e67289a4f07,3,15a2092a0cc04c765bfe5d7df5430e11c472c71aab880cfd31aa93fa0902b577,7,0.00026946191317701537,0.7020493716346131,0.706911687532454,0.7029007633587786,0.6755361535574343,19,True
C2,T0,g3-c2-t0-resnet18,g3-c2-t0-resnet18-f3-s2753-5e67289a4f07,3,15a2092a0cc04c765bfe5d7df5430e11c472c71aab880cfd31aa93fa0902b577,8,0.0002589538200585064,0.6845902886499144,0.6902564257519845,0.7251908396946565,0.7054004076229985,19,True
C2,T0,g3-c2-t0-resnet18,g3-c2-t0-resnet18-f3-s2753-5e67289a4f07,3,15a2092a0cc04c765bfe5d7df5430e11c472c71aab880cfd31aa93fa0902b577,9,0.00024716834301723915,0.6711544890064904,0.7141393198493783,0.696030534351145,0.6697311202596263,19,True
C2,T0,g3-c2-t0-resnet18,g3-c2-t0-resnet18-f3-s2753-5e67289a4f07,3,15a2092a0cc04c765bfe5d7df5430e11c472c71aab880cfd31aa93fa0902b577,10,0.000234243655995958,0.6578631128527093,0.6648761970123261,0.7270229007633587,0.7111446387008351,19,True
C2,T0,g3-c2-t0-resnet18,g3-c2-t0-resnet18-f3-s2753-5e67289a4f07,3,15a2092a0cc04c765bfe5d7df5430e11c472c71aab880cfd31aa93fa0902b577,11,0.00022033128913283344,0.648766325355436,0.6765888470729798,0.7131297709923664,0.6953528320626883,19,True
C2,T0,g3-c2-t0-resnet18,g3-c2-t0-resnet18-f3-s2753-5e67289a4f07,3,15a2092a0cc04c765bfe5d7df5430e11c472c71aab880cfd31aa93fa0902b577,12,0.0002055943522091373,0.6334208502801953,0.6964993516179442,0.7050381679389313,0.6870338459868871,19,True
C2,T0,g3-c2-t0-resnet18,g3-c2-t0-resnet18-f3-s2753-5e67289a4f07,3,15a2092a0cc04c765bfe5d7df5430e11c472c71aab880cfd31aa93fa0902b577,13,0.00019020562233619003,0.6224551050643796,0.6655613160679359,0.7259541984732825,0.7193907526925606,19,True
C2,T0,g3-c2-t0-resnet18,g3-c2-t0-resnet18-f3-s2753-5e67289a4f07,3,15a2092a0cc04c765bfe5d7df5430e11c472c71aab880cfd31aa93fa0902b577,14,0.00017434551830170197,0.6039835433943946,0.654636435517828,0.7326717557251908,0.715054428728266,19,True
C2,T0,g3-c2-t0-resnet18,g3-c2-t0-resnet18-f3-s2753-5e67289a4f07,3,15a2092a0cc04c765bfe5d7df5430e11c472c71aab880cfd31aa93fa0902b577,15,0.00015819998532444607,0.5948727739617937,0.6467705454080159,0.7396946564885496,0.7223927825106012,19,True
C2,T0,g3-c2-t0-resnet18,g3-c2-t0-resnet18-f3-s2753-5e67289a4f07,3,15a2092a0cc04c765bfe5d7df5430e11c472c71aab880cfd31aa93fa0902b577,16,0.00014195831501657917,0.5798206731221541,0.6351250480604536,0.7477862595419847,0.7315123250953245,19,True
C2,T0,g3-c2-t0-resnet18,g3-c2-t0-resnet18-f3-s2753-5e67289a4f07,3,15a2092a0cc04c765bfe5d7df5430e11c472c71aab880cfd31aa93fa0902b577,17,0.0001258109261125602,0.5654291646246628,0.6425069777474148,0.7451908396946565,0.7334596242195305,19,True
C2,T0,g3-c2-t0-resnet18,g3-c2-t0-resnet18-f3-s2753-5e67289a4f07,3,15a2092a0cc04c765bfe5d7df5430e11c472c71aab880cfd31aa93fa0902b577,18,0.0001099471319835902,0.5568025513425136,0.6269111953345874,0.7500763358778626,0.734707139631947,19,True
C2,T0,g3-c2-t0-resnet18,g3-c2-t0-resnet18-f3-s2753-5e67289a4f07,3,15a2092a0cc04c765bfe5d7df5430e11c472c71aab880cfd31aa93fa0902b577,19,9.455292111142625e-05,0.5382866817001022,0.6383764200174171,0.7517557251908397,0.736999702386715,19,True
C2,T0,g3-c2-t0-resnet18,g3-c2-t0-resnet18-f3-s2753-5e67289a4f07,3,15a2092a0cc04c765bfe5d7df5430e11c472c71aab880cfd31aa93fa0902b577,20,7.980877654348311e-05,0.5205574393072224,0.6427537000634288,0.7538931297709923,0.7381677382869486,19,False
C2,T0,g3-c2-t0-resnet18,g3-c2-t0-resnet18-f3-s2753-5e67289a4f07,3,15a2092a0cc04c765bfe5d7df5430e11c472c71aab880cfd31aa93fa0902b577,21,6.588755989411995e-05,0.5078827537209807,0.6699856549455919,0.7395419847328244,0.7228780856440078,19,False
C2,T0,g3-c2-t0-resnet18,g3-c2-t0-resnet18-f3-s2753-5e67289a4f07,3,15a2092a0cc04c765bfe5d7df5430e11c472c71aab880cfd31aa93fa0902b577,22,5.295248470026095e-05,0.49055188554768997,0.6373747288088762,0.7558778625954199,0.7454441632445239,19,False
C2,T0,g3-c2-t0-resnet18,g3-c2-t0-resnet18-f3-s2753-5e67289a4f07,3,15a2092a0cc04c765bfe5d7df5430e11c472c71aab880cfd31aa93fa0902b577,23,4.1155202891901876e-05,0.47722718315361445,0.6502766945980888,0.7514503816793893,0.7375545445615447,19,False
C2,T0,g3-c2-t0-resnet18,g3-c2-t0-resnet18-f3-s2753-5e67289a4f07,3,15a2092a0cc04c765bfe5d7df5430e11c472c71aab880cfd31aa93fa0902b577,24,3.0634026811888306e-05,0.4638952861640925,0.6431769189033799,0.7541984732824427,0.7384698809058393,19,False
C2,T0,g3-c2-t0-resnet18,g3-c2-t0-resnet18-f3-s2753-5e67289a4f07,3,15a2092a0cc04c765bfe5d7df5430e11c472c71aab880cfd31aa93fa0902b577,25,2.151230763015524e-05,0.4503446826496975,0.6408102801737895,0.7577099236641222,0.7447567028467145,19,False
C2,T0,g3-c2-t0-resnet18,g3-c2-t0-resnet18-f3-s2753-5e67289a4f07,3,15a2092a0cc04c765bfe5d7df5430e11c472c71aab880cfd31aa93fa0902b577,26,1.3896989164041167e-05,0.4439133160759992,0.6428765292295063,0.7587786259541984,0.7440919864505284,19,False
C2,T0,g3-c2-t0-resnet18,g3-c2-t0-resnet18-f3-s2753-5e67289a4f07,3,15a2092a0cc04c765bfe5d7df5430e11c472c71aab880cfd31aa93fa0902b577,27,7.877354059809182e-06,0.4345066041858698,0.6448410849534828,0.7554198473282443,0.7418244543297299,19,False
C2,T0,g3-c2-t0-resnet18,g3-c2-t0-resnet18-f4-s2753-74ee05278402,4,605a39a5f95ee2185ef1ece57f81e72dd7faa34039a59ef86d7575e0172589a7,1,0.0003,1.0497727198326143,0.9553394794318557,0.5468559218559218,0.4922359765163795,19,True
C2,T0,g3-c2-t0-resnet18,g3-c2-t0-resnet18-f4-s2753-74ee05278402,4,605a39a5f95ee2185ef1ece57f81e72dd7faa34039a59ef86d7575e0172589a7,2,0.00029912924295973293,0.8483006710323877,0.7994814325892736,0.6587301587301587,0.6192131874014349,19,True
C2,T0,g3-c2-t0-resnet18,g3-c2-t0-resnet18-f4-s2753-74ee05278402,4,605a39a5f95ee2185ef1ece57f81e72dd7faa34039a59ef86d7575e0172589a7,3,0.0002965101028398169,0.7815559173143527,0.7990889782870646,0.6713980463980463,0.6600455029672093,19,True
C2,T0,g3-c2-t0-resnet18,g3-c2-t0-resnet18-f4-s2753-74ee05278402,4,605a39a5f95ee2185ef1ece57f81e72dd7faa34039a59ef86d7575e0172589a7,4,0.0002921732657195685,0.7533279980809119,0.8010536626581743,0.6524725274725275,0.6379791874920152,19,True
C2,T0,g3-c2-t0-resnet18,g3-c2-t0-resnet18-f4-s2753-74ee05278402,4,605a39a5f95ee2185ef1ece57f81e72dd7faa34039a59ef86d7575e0172589a7,5,0.00028616957704901465,0.7322900246028741,0.7908022697373625,0.6697191697191697,0.6332062688143328,19,True
C2,T0,g3-c2-t0-resnet18,g3-c2-t0-resnet18-f4-s2753-74ee05278402,4,605a39a5f95ee2185ef1ece57f81e72dd7faa34039a59ef86d7575e0172589a7,6,0.0002785694245885927,0.717887501007573,0.7516756745485159,0.6633089133089133,0.649589866534466,19,True
C2,T0,g3-c2-t0-resnet18,g3-c2-t0-resnet18-f4-s2753-74ee05278402,4,605a39a5f95ee2185ef1ece57f81e72dd7faa34039a59ef86d7575e0172589a7,7,0.00026946191317701537,0.6973348812635453,0.8023383409985693,0.6651404151404151,0.6206997974030695,19,True
C2,T0,g3-c2-t0-resnet18,g3-c2-t0-resnet18-f4-s2753-74ee05278402,4,605a39a5f95ee2185ef1ece57f81e72dd7faa34039a59ef86d7575e0172589a7,8,0.0002589538200585064,0.6838882881186171,0.7086026695476201,0.7127594627594628,0.6995950832713452,19,True
C2,T0,g3-c2-t0-resnet18,g3-c2-t0-resnet18-f4-s2753-74ee05278402,4,605a39a5f95ee2185ef1ece57f81e72dd7faa34039a59ef86d7575e0172589a7,9,0.00024716834301723915,0.6682763674901526,0.7262720301911071,0.6904761904761905,0.6879153319203661,19,True
C2,T0,g3-c2-t0-resnet18,g3-c2-t0-resnet18-f4-s2753-74ee05278402,4,605a39a5f95ee2185ef1ece57f81e72dd7faa34039a59ef86d7575e0172589a7,10,0.000234243655995958,0.6546006253223274,0.7856660831687797,0.6877289377289377,0.6611616071963498,19,True
C2,T0,g3-c2-t0-resnet18,g3-c2-t0-resnet18-f4-s2753-74ee05278402,4,605a39a5f95ee2185ef1ece57f81e72dd7faa34039a59ef86d7575e0172589a7,11,0.00022033128913283344,0.646325667233582,0.6990111174018683,0.7219169719169719,0.7008073475322237,19,True
C2,T0,g3-c2-t0-resnet18,g3-c2-t0-resnet18-f4-s2753-74ee05278402,4,605a39a5f95ee2185ef1ece57f81e72dd7faa34039a59ef86d7575e0172589a7,12,0.0002055943522091373,0.633085515338871,0.693950028864892,0.719017094017094,0.7006585236324498,19,True
C2,T0,g3-c2-t0-resnet18,g3-c2-t0-resnet18-f4-s2753-74ee05278402,4,605a39a5f95ee2185ef1ece57f81e72dd7faa34039a59ef86d7575e0172589a7,13,0.00019020562233619003,0.6191560233473291,0.686073079359546,0.7257326007326007,0.7049426727429816,19,True
C2,T0,g3-c2-t0-resnet18,g3-c2-t0-resnet18-f4-s2753-74ee05278402,4,605a39a5f95ee2185ef1ece57f81e72dd7faa34039a59ef86d7575e0172589a7,14,0.00017434551830170197,0.602763712574501,0.7352021773947318,0.7081807081807082,0.6837334196788655,19,True
C2,T0,g3-c2-t0-resnet18,g3-c2-t0-resnet18-f4-s2753-74ee05278402,4,605a39a5f95ee2185ef1ece57f81e72dd7faa34039a59ef86d7575e0172589a7,15,0.00015819998532444607,0.5883634733719697,0.6701375998565711,0.7306166056166056,0.7093621577029956,19,True
C2,T0,g3-c2-t0-resnet18,g3-c2-t0-resnet18-f4-s2753-74ee05278402,4,605a39a5f95ee2185ef1ece57f81e72dd7faa34039a59ef86d7575e0172589a7,16,0.00014195831501657917,0.5756597840159473,0.6562125913534991,0.7402319902319903,0.727419432186101,19,True
C2,T0,g3-c2-t0-resnet18,g3-c2-t0-resnet18-f4-s2753-74ee05278402,4,605a39a5f95ee2185ef1ece57f81e72dd7faa34039a59ef86d7575e0172589a7,17,0.0001258109261125602,0.5607438237720498,0.6795368721488049,0.733058608058608,0.7172892017013848,19,True
C2,T0,g3-c2-t0-resnet18,g3-c2-t0-resnet18-f4-s2753-74ee05278402,4,605a39a5f95ee2185ef1ece57f81e72dd7faa34039a59ef86d7575e0172589a7,18,0.0001099471319835902,0.5459251672042007,0.6778903696708772,0.7345848595848596,0.7190353798994441,19,True
C2,T0,g3-c2-t0-resnet18,g3-c2-t0-resnet18-f4-s2753-74ee05278402,4,605a39a5f95ee2185ef1ece57f81e72dd7faa34039a59ef86d7575e0172589a7,19,9.455292111142625e-05,0.5327189487563049,0.6732412117450374,0.740995115995116,0.7289151224015156,19,True
C2,T0,g3-c2-t0-resnet18,g3-c2-t0-resnet18-f4-s2753-74ee05278402,4,605a39a5f95ee2185ef1ece57f81e72dd7faa34039a59ef86d7575e0172589a7,20,7.980877654348311e-05,0.5120713760195732,0.6719469430245759,0.7326007326007326,0.7295383235177723,19,False
C2,T0,g3-c2-t0-resnet18,g3-c2-t0-resnet18-f4-s2753-74ee05278402,4,605a39a5f95ee2185ef1ece57f81e72dd7faa34039a59ef86d7575e0172589a7,21,6.588755989411995e-05,0.49864203282646685,0.6855549224639841,0.7371794871794872,0.7212521883362978,19,False
C2,T0,g3-c2-t0-resnet18,g3-c2-t0-resnet18-f4-s2753-74ee05278402,4,605a39a5f95ee2185ef1ece57f81e72dd7faa34039a59ef86d7575e0172589a7,22,5.295248470026095e-05,0.4806417973413435,0.6721459827289186,0.7435897435897436,0.7327304223632368,19,False
C2,T0,g3-c2-t0-resnet18,g3-c2-t0-resnet18-f4-s2753-74ee05278402,4,605a39a5f95ee2185ef1ece57f81e72dd7faa34039a59ef86d7575e0172589a7,23,4.1155202891901876e-05,0.4689423062752132,0.6849280650362427,0.7442002442002442,0.7333170546047707,19,False
C2,T0,g3-c2-t0-resnet18,g3-c2-t0-resnet18-f4-s2753-74ee05278402,4,605a39a5f95ee2185ef1ece57f81e72dd7faa34039a59ef86d7575e0172589a7,24,3.0634026811888306e-05,0.4524769881409428,0.6835800242656899,0.7396214896214897,0.7336092524649502,19,False
C2,T0,g3-c2-t0-resnet18,g3-c2-t0-resnet18-f4-s2753-74ee05278402,4,605a39a5f95ee2185ef1ece57f81e72dd7faa34039a59ef86d7575e0172589a7,25,2.151230763015524e-05,0.44220168721193137,0.6861281028160682,0.7388583638583639,0.7317052654902805,19,False
C2,T0,g3-c2-t0-resnet18,g3-c2-t0-resnet18-f4-s2753-74ee05278402,4,605a39a5f95ee2185ef1ece57f81e72dd7faa34039a59ef86d7575e0172589a7,26,1.3896989164041167e-05,0.43379174347988664,0.6846304475460588,0.7438949938949939,0.7313100070303789,19,False
C2,T0,g3-c2-t0-resnet18,g3-c2-t0-resnet18-f4-s2753-74ee05278402,4,605a39a5f95ee2185ef1ece57f81e72dd7faa34039a59ef86d7575e0172589a7,27,7.877354059809182e-06,0.42231936677042015,0.6927702103778993,0.7423687423687424,0.7322161128865641,19,False
C2,T0,g3-c2-t0-resnet18,g3-c2-t0-resnet18-f4-s2753-74ee05278402,4,605a39a5f95ee2185ef1ece57f81e72dd7faa34039a59ef86d7575e0172589a7,28,3.5239770352515682e-06,0.41707393450935554,0.6847386657827794,0.7457264957264957,0.734809718676507,19,False
C2,T0,g3-c2-t0-resnet18,g3-c2-t0-resnet18-f4-s2753-74ee05278402,4,605a39a5f95ee2185ef1ece57f81e72dd7faa34039a59ef86d7575e0172589a7,29,8.878974556506435e-07,0.41159014535821087,0.689874024691017,0.7406898656898657,0.73020407533723,19,False
C2,T0,g3-c2-t0-resnet18,g3-c2-t0-resnet18-f4-s2753-74ee05278402,4,605a39a5f95ee2185ef1ece57f81e72dd7faa34039a59ef86d7575e0172589a7,30,2.094388674156455e-11,0.4121636778342579,0.6916060871984787,0.7435897435897436,0.7321856399325399,19,False
