candidate,experiment_id,seed,slice_family,slice_name,support,low_support,labels_present,accuracy,balanced_accuracy,macro_f1,mean_confidence,mean_true_probability,nll,brier,ece,recall_Fall,recall_Spring,recall_Summer,recall_Winter
C2,g5-c2-t0-resnet18-s2026,2026,acquisition_year,dominant_2011_2012,22896,False,4,0.7520964360587002,0.555007116168657,0.5345027396557616,0.7727976736503931,0.6715051812855749,0.613838733147223,0.34741501401657543,0.03291705082826248,0.6713125681735547,0.14012738853503184,0.8184622163472131,0.5901262916188289
C2,g5-c2-t0-resnet18-s2026,2026,acquisition_year,missing_year,0,True,0,,,,,,,,,,,,
C2,g5-c2-t0-resnet18-s2026,2026,acquisition_year,other_years,9857,False,4,0.7193872374961956,0.6674147529019963,0.6662601155265264,0.7902813113593203,0.6593460061580634,0.7906084139008328,0.39453896864447485,0.07126479520594009,0.45937961595273263,0.6911262798634812,0.8002291825821237,0.7189239332096475
C2,g5-c2-t0-resnet18-s2026,2026,article_type_shortcut,aligned,21115,False,4,0.8613308074828321,0.9003885244838377,0.8485903111676979,0.8114418846466178,0.7637904306092927,0.3715487261049254,0.20989410040866605,0.04988892305058209,0.8724890829694323,0.9557416267942583,0.834413096482062,0.9389102916895983
C2,g5-c2-t0-resnet18-s2026,2026,article_type_shortcut,conflict,11619,False,4,0.5264652723986574,0.4214908664135762,0.4009179384033325,0.7174937212535935,0.494071588670501,1.2006643610377792,0.6362317822042618,0.19106676814295456,0.5803827030284767,0.06224066390041494,0.6712913553895411,0.37204874333587207
C2,g5-c2-t0-resnet18-s2026,2026,article_type_shortcut,missing_article_type,0,True,0,,,,,,,,,,,,
C2,g5-c2-t0-resnet18-s2026,2026,article_type_shortcut,unseen_article_type,19,True,4,0.3684210526315789,0.23484848484848483,0.23214285714285715,0.7170252847044092,0.31070959667283055,2.721484597677397,1.0049351206208985,0.4019572647906707,0.0,0.2727272727272727,0.6666666666666666,0.0
C2,g5-c2-t0-resnet18-s2026,2026,file_size_quartile,q1_smallest,8187,False,4,0.7485037254183462,0.611141395539866,0.6449123774353247,0.7997716865842998,0.6889420674993139,0.6110723727960803,0.345540671851556,0.05145596402700186,0.7902843601895735,0.24719101123595505,0.722879684418146,0.6842105263157895
C2,g5-c2-t0-resnet18-s2026,2026,file_size_quartile,q2,8192,False,4,0.7401123046875,0.6956249270365531,0.7277170237976969,0.7795614813694556,0.665479417269923,0.6768260017250498,0.367648417296638,0.04196797419342182,0.6113378684807256,0.6766467065868264,0.8335244210043568,0.6609907120743034
C2,g5-c2-t0-resnet18-s2026,2026,file_size_quartile,q3,8181,False,4,0.7140936315853808,0.6647639496447012,0.6970252326456503,0.7441569230963324,0.6274713491066597,0.7574733347549615,0.4030543802474623,0.04391455918940823,0.4309234073013601,0.704248366013072,0.8228903486609399,0.7009936766034327
C2,g5-c2-t0-resnet18-s2026,2026,file_size_quartile,q4_largest,8193,False,4,0.7662638838032467,0.6544471006658941,0.6936840484212201,0.788713802108249,0.6894467244575708,0.6228709015154243,0.330194016246169,0.0294906995043442,0.5108499095840868,0.5204081632653061,0.8512515387771851,0.7352787910369984
C2,g5-c2-t0-resnet18-s2026,2026,image_mode,greyscale,294,False,4,0.7210884353741497,0.5382491554974391,0.5634993432510721,0.6940094496117157,0.5997104565058613,0.7367591831644823,0.39649262032514304,0.0596654558887708,0.25,0.3333333333333333,0.8012422360248447,0.7684210526315789
C2,g5-c2-t0-resnet18-s2026,2026,image_mode,other_mode,0,True,0,,,,,,,,,,,,
C2,g5-c2-t0-resnet18-s2026,2026,image_mode,rgb,32459,False,4,0.7424443143658154,0.6999235773574815,0.7337010025281866,0.7788206550966567,0.6684630253304732,0.6664059758498097,0.36128087570401146,0.03837769860948986,0.6566996402877698,0.6273620559334845,0.8156650491476919,0.6999675640609796
C2,g5-c2-t0-resnet18-s2026,2026,product_family_size,multirow,13730,False,4,0.755061908230153,0.6865990964614263,0.7220071481854226,0.7846082209043058,0.6783602680050009,0.6359171458934987,0.3472410222213052,0.0364154949652831,0.7057284094213434,0.5,0.8,0.7406679764243614
C2,g5-c2-t0-resnet18-s2026,2026,product_family_size,singleton,19023,False,4,0.7330074120801136,0.6971919987041434,0.730294268908743,0.7733326788073439,0.6602570432479571,0.6894988359796873,0.3719584471299784,0.041507974311647725,0.623610858079796,0.6750261233019854,0.8268943436499466,0.6632366697848456
C2,g3-c2-t0-resnet18,2753,acquisition_year,dominant_2011_2012,22896,False,4,0.7581236897274634,0.561410213046966,0.5489278452978782,0.7969417324280568,0.6884679853653196,0.611234534044672,0.34165528980797466,0.04349055892876236,0.63458974669737,0.1910828025477707,0.8516560182125285,0.5683122847301951
C2,g3-c2-t0-resnet18,2753,acquisition_year,missing_year,0,True,0,,,,,,,,,,,,
C2,g3-c2-t0-resnet18,2753,acquisition_year,other_years,9857,False,4,0.7237496195597037,0.6629318200803572,0.6666643849071443,0.8184167326125555,0.6791520762272559,0.79233389387601,0.3896259937361463,0.09497234969892643,0.41802067946824223,0.689419795221843,0.8227654698242933,0.7215213358070501
C2,g3-c2-t0-resnet18,2753,article_type_shortcut,aligned,21115,False,4,0.8774804641250296,0.8985833645854358,0.8601264835564354,0.8383849916160601,0.7933913312530442,0.3295480629324706,0.1841242262505482,0.03909547262301509,0.8414847161572052,0.9509569377990431,0.8635318704284222,0.9383599339570721
C2,g3-c2-t0-resnet18,2753,article_type_shortcut,conflict,11619,False,4,0.512866856011705,0.4292718273113636,0.40538143231475354,0.7399584696418868,0.49054789395247017,1.2734399655153037,0.6674650008949805,0.22872207265384448,0.541208377278891,0.08298755186721991,0.7219850586979722,0.3709063214013709
C2,g3-c2-t0-resnet18,2753,article_type_shortcut,missing_article_type,0,True,0,,,,,,,,,,,,
C2,g3-c2-t0-resnet18,2753,article_type_shortcut,unseen_article_type,19,True,4,0.2631578947368421,0.1515151515151515,0.1625,0.7281622259240401,0.2858457397179384,2.6502513305900246,1.053897527446206,0.4650043311997722,0.0,0.2727272727272727,0.3333333333333333,0.0
C2,g3-c2-t0-resnet18,2753,file_size_quartile,q1_smallest,8187,False,4,0.7538780994259191,0.6262010336892765,0.6518472872741952,0.8172931518836585,0.6982300022456461,0.6275797731628923,0.3482182938110482,0.06420227884906193,0.749526066350711,0.25842696629213485,0.7863247863247863,0.7105263157894737
C2,g3-c2-t0-resnet18,2753,file_size_quartile,q2,8192,False,4,0.7452392578125,0.6935907419504049,0.7276583489913098,0.8034655726514757,0.6835783366333976,0.6693779495742371,0.3600715599602002,0.06172025367192471,0.5764172335600907,0.6796407185628742,0.8619582664526485,0.6563467492260062
C2,g3-c2-t0-resnet18,2753,file_size_quartile,q3,8181,False,4,0.7126268182373793,0.6548109621071585,0.6884452767983671,0.7743366718722094,0.6463245698304264,0.7602527743513167,0.3994246316884435,0.06309358841137672,0.3829634931997137,0.7009803921568627,0.8410813542193026,0.6942186088527552
C2,g3-c2-t0-resnet18,2753,file_size_quartile,q4_largest,8193,False,4,0.7793238130111071,0.6616345815100392,0.7084082979809507,0.8184907019181986,0.7144758867847923,0.6058456451431431,0.31671190445897895,0.0450151088242748,0.4972875226039783,0.5408163265306123,0.8762823143208863,0.7321521625846795
C2,g3-c2-t0-resnet18,2753,image_mode,greyscale,294,False,4,0.7482993197278912,0.5793447613599216,0.6126126263241203,0.7362578370335962,0.6286793038071621,0.7088087402510442,0.38045069213078486,0.06351613881216527,0.1875,0.5,0.8509316770186336,0.7789473684210526
C2,g3-c2-t0-resnet18,2753,image_mode,other_mode,0,True,0,,,,,,,,,,,,
C2,g3-c2-t0-resnet18,2753,image_mode,rgb,32459,False,4,0.7477741150374319,0.6992025945045629,0.7352462844242935,0.8040128110831163,0.6861805136626857,0.6653461694380244,0.35587142032145574,0.058053442520695206,0.619716726618705,0.6311413454270597,0.8469578200821202,0.6989944858903665
C2,g3-c2-t0-resnet18,2753,product_family_size,multirow,13730,False,4,0.7664967225054625,0.686518991232948,0.726528633161754,0.8081452061030783,0.7001729237174467,0.6191944834238602,0.33254735012607456,0.04421929790054952,0.6734515847630125,0.49193548387096775,0.8390386016023307,0.7416502946954814
C2,g3-c2-t0-resnet18,2753,product_family_size,singleton,19023,False,4,0.7342690427377385,0.6953828778501553,0.7291637304151487,0.7999830709793136,0.6751927017639634,0.6993282250966221,0.37308562363820524,0.06777563652474798,0.5835306977591547,0.6844305120167189,0.8528281750266808,0.6607421265980667
I2,g5-i2-article-type-lambda-0-3-c1-s2026,2026,acquisition_year,dominant_2011_2012,22896,False,4,0.7617924528301887,0.5891018507815847,0.5688989988282935,0.799819129557563,0.6929225728964455,0.606926963639665,0.3381378002016302,0.04209648405466849,0.6693734092837231,0.21019108280254778,0.8316075493867959,0.6452353616532721
I2,g5-i2-article-type-lambda-0-3-c1-s2026,2026,acquisition_year,missing_year,0,True,0,,,,,,,,,,,,
I2,g5-i2-article-type-lambda-0-3-c1-s2026,2026,acquisition_year,other_years,9857,False,4,0.7354164553109466,0.6616300168443089,0.6684579613501848,0.819529964287842,0.6881072623014782,0.7621956291291714,0.37576394046477596,0.08420088882216087,0.413589364844904,0.6843003412969283,0.7864782276546982,0.762152133580705
I2,g5-i2-article-type-lambda-0-3-c1-s2026,2026,article_type_shortcut,aligned,21115,False,4,0.8711816244376036,0.905034110678701,0.8585717900648061,0.8387770445672026,0.7904003508616341,0.33631066174910396,0.1926797816684386,0.03240457934027199,0.8637554585152838,0.9473684210526315,0.8442354580285615,0.9647771051183269
I2,g5-i2-article-type-lambda-0-3-c1-s2026,2026,article_type_shortcut,conflict,11619,False,4,0.5415268095361047,0.4449008622987796,0.4279114173427857,0.7457609028637291,0.5124573187511652,1.2262753495602268,0.6329088725820068,0.20424642338509313,0.5763145999698659,0.08713692946058091,0.6728922091782283,0.44325971058644326
I2,g5-i2-article-type-lambda-0-3-c1-s2026,2026,article_type_shortcut,missing_article_type,0,True,0,,,,,,,,,,,,
I2,g5-i2-article-type-lambda-0-3-c1-s2026,2026,article_type_shortcut,unseen_article_type,19,True,4,0.21052631578947367,0.14772727272727273,0.11309523809523808,0.7890748381614685,0.2254483436577414,3.15100876038978,1.2477081114949375,0.6814616801694608,0.0,0.09090909090909091,0.5,0.0
I2,g5-i2-article-type-lambda-0-3-c1-s2026,2026,file_size_quartile,q1_smallest,8187,False,4,0.7621839501648956,0.6368970041218907,0.6693102411932323,0.8239490359683053,0.7084317207689218,0.6079105455515628,0.33821950425194347,0.06264134969406739,0.783175355450237,0.2696629213483146,0.7531229454306377,0.7416267942583732
I2,g5-i2-article-type-lambda-0-3-c1-s2026,2026,file_size_quartile,q2,8192,False,4,0.745849609375,0.7045834966658635,0.7336657505083848,0.8059549962636083,0.6856463449679553,0.6700649828611304,0.35990267522997277,0.0603355318524907,0.6036281179138322,0.6766467065868264,0.8360467782618666,0.7020123839009288
I2,g5-i2-article-type-lambda-0-3-c1-s2026,2026,file_size_quartile,q3,8181,False,4,0.7252169661410586,0.6723009722299389,0.7047396268861897,0.7757418143065835,0.6553355726989558,0.7384687647650796,0.3861368989812707,0.054664248946827976,0.41732283464566927,0.6993464052287581,0.825922182920667,0.7466124661246613
I2,g5-i2-article-type-lambda-0-3-c1-s2026,2026,file_size_quartile,q4_largest,8193,False,4,0.7821310875137313,0.6738712277820886,0.7131254230594868,0.8173279358756335,0.7164387693616354,0.5982684163612683,0.313633158454467,0.04074063516862532,0.5280289330922242,0.5340136054421769,0.8569963069347558,0.7764460656591975
I2,g5-i2-article-type-lambda-0-3-c1-s2026,2026,image_mode,greyscale,294,False,4,0.7414965986394558,0.6014909897025171,0.6436631016478775,0.724876978263563,0.6161555868326402,0.7215805246267476,0.39810687408040085,0.0881072435597223,0.28125,0.5,0.782608695652174,0.8421052631578947
I2,g5-i2-article-type-lambda-0-3-c1-s2026,2026,image_mode,other_mode,0,True,0,,,,,,,,,,,,
I2,g5-i2-article-type-lambda-0-3-c1-s2026,2026,image_mode,rgb,32459,False,4,0.7539665424073446,0.7123326423494929,0.7449520758672531,0.8064836198504493,0.6921556046401274,0.6530397548162219,0.3490207589142668,0.05342311812118139,0.6513039568345323,0.6288737717309146,0.8247480403135499,0.7444048005189751
I2,g5-i2-article-type-lambda-0-3-c1-s2026,2026,product_family_size,multirow,13730,False,4,0.7681718863801894,0.6958287442660862,0.7318457947977355,0.811482754482115,0.7035625449220723,0.6128879721558929,0.33117989160966255,0.04709674578184468,0.7002035475428904,0.4946236559139785,0.81442097596504,0.7740667976424361
I2,g5-i2-article-type-lambda-0-3-c1-s2026,2026,product_family_size,singleton,19023,False,4,0.743521000893655,0.7123506963711099,0.7429659669626345,0.8016142264256836,0.6827479772781705,0.6830789159501447,0.36265617004558465,0.05999065263530366,0.6185097467662598,0.6802507836990596,0.831590181430096,0.719052073589024
I2,g4-i2-article-type-lambda-0-3-c1,2753,acquisition_year,dominant_2011_2012,22896,False,4,0.7747641509433962,0.595046729589201,0.5913339512326252,0.8027017404612318,0.702443222914304,0.5773547468696314,0.3214432000174038,0.032757956376568684,0.6797963883165676,0.25477707006369427,0.8497466402291254,0.5958668197474167
I2,g4-i2-article-type-lambda-0-3-c1,2753,acquisition_year,missing_year,0,True,0,,,,,,,,,,,,
I2,g4-i2-article-type-lambda-0-3-c1,2753,acquisition_year,other_years,9857,False,4,0.7339961448716648,0.6861644986459078,0.6824377677870407,0.8196864641860446,0.6876697410123249,0.7604822402555829,0.3758469352314374,0.08587186838613946,0.4948301329394387,0.6996587030716723,0.820855614973262,0.7293135435992579
I2,g4-i2-article-type-lambda-0-3-c1,2753,article_type_shortcut,aligned,21115,False,4,0.8831162680558844,0.9127078579227247,0.8690131829249004,0.8426210762227623,0.7980383010488807,0.32301880713051745,0.18089079393999258,0.04049519236352637,0.8724890829694323,0.965311004784689,0.8631138975966562,0.9499174463401211
I2,g4-i2-article-type-lambda-0-3-c1,2753,article_type_shortcut,conflict,11619,False,4,0.5439366554780962,0.44647580995074493,0.43021100203044355,0.7445263798896146,0.5168275825216125,1.1910767460490224,0.6217385485921971,0.20058972471127673,0.5945457284917884,0.1037344398340249,0.7075773745997865,0.38004569687738005
I2,g4-i2-article-type-lambda-0-3-c1,2753,article_type_shortcut,missing_article_type,0,True,0,,,,,,,,,,,,
I2,g4-i2-article-type-lambda-0-3-c1,2753,article_type_shortcut,unseen_article_type,19,True,4,0.3684210526315789,0.23484848484848483,0.23214285714285715,0.8269734053235305,0.3106453178242143,2.9223632432576974,1.105128317846016,0.5559753440113058,0.0,0.2727272727272727,0.6666666666666666,0.0
I2,g4-i2-article-type-lambda-0-3-c1,2753,file_size_quartile,q1_smallest,8187,False,4,0.7680469036277024,0.644215163995189,0.6820548525524748,0.8245767702422359,0.7138505627553169,0.5878641837946601,0.3277153311806623,0.057547630492989346,0.7848341232227488,0.3146067415730337,0.7764628533859304,0.7009569377990431
I2,g4-i2-article-type-lambda-0-3-c1,2753,file_size_quartile,q2,8192,False,4,0.7669677734375,0.7214513581931814,0.7540060575900341,0.8115436752814276,0.7012131951352141,0.629197768255017,0.3350282266274804,0.049140580449747166,0.638095238095238,0.7065868263473054,0.8631047924787892,0.6780185758513931
I2,g4-i2-article-type-lambda-0-3-c1,2753,file_size_quartile,q3,8181,False,4,0.7252169661410586,0.6742537344360635,0.7081187425029876,0.7782640609607445,0.6582784300246722,0.7232371862694755,0.3812176986884452,0.05316503854287208,0.443092340730136,0.7140522875816994,0.8415866599292572,0.6982836495031617
I2,g4-i2-article-type-lambda-0-3-c1,2753,file_size_quartile,q4_largest,8193,False,4,0.7896985231295008,0.6787026876394484,0.720897167203288,0.8168380859860509,0.7186002418097274,0.5896682674702554,0.30735848972246843,0.03500744310276777,0.5479204339963833,0.5408163265306123,0.8746409519901518,0.7514330380406462
I2,g4-i2-article-type-lambda-0-3-c1,2753,image_mode,greyscale,294,False,4,0.7414965986394558,0.5391486528822055,0.5672976011994003,0.7468896633913727,0.6301333794883471,0.7178765489927756,0.39037763355356947,0.0747757533882901,0.21875,0.3333333333333333,0.8571428571428571,0.7473684210526316
I2,g4-i2-article-type-lambda-0-3-c1,2753,image_mode,other_mode,0,True,0,,,,,,,,,,,,
I2,g4-i2-article-type-lambda-0-3-c1,2753,image_mode,rgb,32459,False,4,0.762685233679411,0.7177641466425118,0.7532746819343211,0.8083651057039694,0.6986118320168465,0.6316932752433065,0.33733989722141794,0.04646379388639611,0.6673785971223022,0.6485260770975056,0.8449670274978226,0.7101848848524165
I2,g4-i2-article-type-lambda-0-3-c1,2753,product_family_size,multirow,13730,False,4,0.7760378732702112,0.7024350063199496,0.741506868588795,0.8141542379211876,0.7103400179607174,0.5961342323463961,0.32011156940870994,0.040609852869774976,0.7060191916254726,0.5241935483870968,0.8418062636562272,0.737721021611002
I2,g4-i2-article-type-lambda-0-3-c1,2753,product_family_size,singleton,19023,False,4,0.7527203911055038,0.7169973965384243,0.7509217739566724,0.8032366524956263,0.6890885886770615,0.658690254765828,0.35059427536104554,0.05166065279184586,0.6405538349426125,0.6948798328108673,0.8474919957310566,0.6850639226691612
